start_datetime,end_datetime,event,value
2020-01-01 08:00:00,2020-01-01 08:06:28,Alert,50.25
2020-01-01 08:38:00,2020-01-01 08:41:45,Run,64.05
2020-01-01 09:02:00,2020-01-01 09:10:38,Measure,56.41
2020-01-01 09:21:00,2020-01-01 09:23:39,Idle,92.75
2020-01-01 08:56:00,2020-01-01 08:59:52,Start,54.73
2020-01-01 09:10:00,2020-01-01 09:13:41,Idle,99.29
2020-01-01 09:06:00,2020-01-01 09:11:22,Run,86.63
2020-01-01 12:05:00,2020-01-01 12:10:33,Run,28.77
2020-01-01 11:44:00,2020-01-01 11:45:02,Start,93.75
2020-01-01 12:39:00,2020-01-01 12:40:27,Stop,20.47
2020-01-01 09:40:00,2020-01-01 09:46:25,Start,83.57
2020-01-01 15:09:00,2020-01-01 15:12:28,Alert,44.26
2020-01-01 14:48:00,2020-01-01 14:57:59,Measure,89.02
2020-01-01 11:28:00,2020-01-01 11:37:07,Stop,88.13
2020-01-01 11:30:00,2020-01-01 11:38:17,Start,82.53
2020-01-01 11:45:00,2020-01-01 11:47:04,Idle,81.1
2020-01-01 13:04:00,2020-01-01 13:10:55,Stop,37.42
2020-01-01 15:05:00,2020-01-01 15:14:52,Stop,17.28
2020-01-01 14:36:00,2020-01-01 14:41:11,Start,46.27
2020-01-01 13:42:00,2020-01-01 13:46:54,Stop,25.62
2020-01-01 17:20:00,2020-01-01 17:24:46,Idle,72.55
2020-01-01 12:54:00,2020-01-01 13:03:44,Run,41.15
2020-01-01 14:36:00,2020-01-01 14:42:12,Stop,97.8
2020-01-01 15:40:00,2020-01-01 15:41:48,Run,270.76
2020-01-01 17:12:00,2020-01-01 17:14:57,Idle,84.02
2020-01-01 21:45:00,2020-01-01 21:46:53,Start,21.93
2020-01-01 14:30:00,2020-01-01 14:31:43,Measure,87.58
2020-01-01 19:15:00,2020-01-01 19:16:52,Stop,93.05
2020-01-01 20:36:00,2020-01-01 20:45:44,Measure,53.84
2020-01-01 13:19:00,2020-01-01 13:21:41,Idle,64.56
2020-01-01 22:00:00,2020-01-01 22:07:37,Stop,394.15
2020-01-01 15:45:00,2020-01-01 15:48:17,Run,25.74
2020-01-01 13:52:00,2020-01-01 13:59:26,Alert,55.23
2020-01-02 04:54:00,2020-01-02 04:56:50,Measure,45.88
2020-01-02 05:32:00,2020-01-02 05:33:16,Stop,23.17
2020-01-02 03:50:00,2020-01-02 03:54:01,Measure,43.08
2020-01-01 19:24:00,2020-01-01 19:33:55,Stop,16.14
2020-01-01 15:24:00,2020-01-01 15:27:50,Start,12.32
2020-01-02 03:00:00,2020-01-02 03:07:48,Run,22.16
2020-01-01 22:57:00,2020-01-01 23:04:17,Measure,290.04
2020-01-01 16:40:00,2020-01-01 16:44:07,Alert,59.46
2020-01-02 00:24:00,2020-01-02 00:28:49,Alert,96.92
2020-01-01 15:42:00,2020-01-01 15:44:58,Idle,48.92
2020-01-02 10:31:00,2020-01-02 10:34:35,Stop,38.06
2020-01-01 20:28:00,2020-01-01 20:36:44,Measure,55.55
2020-01-02 05:45:00,2020-01-02 05:47:43,Idle,49.56
2020-01-01 22:34:00,2020-01-01 22:43:21,Measure,19.51
2020-01-02 03:35:00,2020-01-02 03:38:54,Stop,67.67
2020-01-02 04:48:00,2020-01-02 04:56:00,Alert,29.44
2020-01-01 20:15:00,2020-01-01 20:18:13,Start,197.28
2020-01-02 16:30:00,2020-01-02 16:37:30,Alert,68.52
2020-01-02 12:03:00,2020-01-02 12:12:20,Idle,23.68
2020-01-02 16:56:00,2020-01-02 16:57:32,Run,15.52
2020-01-02 15:48:00,2020-01-02 15:49:54,Start,80.27
2020-01-02 08:18:00,2020-01-02 08:27:38,Idle,51.38
2020-01-02 17:55:00,2020-01-02 17:56:11,Stop,15.23
2020-01-01 19:12:00,2020-01-01 19:21:47,Start,99.54
2020-01-01 22:15:00,2020-01-01 22:22:12,Idle,15.2
2020-01-01 18:38:00,2020-01-01 18:47:03,Stop,72.55
2020-01-02 02:41:00,2020-01-02 02:45:47,Alert,98.53
2020-01-02 05:00:00,2020-01-02 05:06:06,Run,31.53
2020-01-02 02:18:00,2020-01-02 02:26:36,Stop,22.8
2020-01-02 19:08:00,2020-01-02 19:11:39,Measure,20.92
2020-01-02 05:00:00,2020-01-02 05:06:30,Stop,149.16
2020-01-02 03:12:00,2020-01-02 03:16:44,Stop,19.09
2020-01-02 12:10:00,2020-01-02 12:19:23,Run,216.87
2020-01-01 23:24:00,2020-01-01 23:32:35,Measure,78.05
2020-01-02 21:58:00,2020-01-02 21:59:44,Idle,167.55
2020-01-01 21:36:00,2020-01-01 21:40:33,Idle,99.7
2020-01-03 04:51:00,2020-01-03 04:52:58,Stop,83.26
2020-01-02 22:30:00,2020-01-02 22:34:14,Measure,65.37
2020-01-02 01:45:00,2020-01-02 01:54:08,Measure,37.56
2020-01-01 20:00:00,2020-01-01 20:03:36,Run,66.15
2020-01-03 01:22:00,2020-01-03 01:26:45,Alert,57.43
2020-01-02 22:14:00,2020-01-02 22:21:51,Idle,48.35
2020-01-02 22:45:00,2020-01-02 22:49:24,Run,21.76
2020-01-03 01:48:00,2020-01-03 01:50:18,Start,89.79
2020-01-01 23:24:00,2020-01-01 23:27:03,Idle,50.48
2020-01-02 10:00:00,2020-01-02 10:08:50,Run,137.6
2020-01-02 01:07:00,2020-01-02 01:11:37,Idle,43.1
2020-01-03 06:40:00,2020-01-03 06:49:35,Alert,47.27
2020-01-02 21:48:00,2020-01-02 21:50:43,Start,84.48
2020-01-02 09:58:00,2020-01-02 10:05:32,Alert,76.03
2020-01-01 23:13:00,2020-01-01 23:21:13,Start,79.24
2020-01-02 10:36:00,2020-01-02 10:42:30,Stop,10.99
2020-01-02 10:55:00,2020-01-02 10:58:22,Run,47.45
2020-01-03 04:26:00,2020-01-03 04:35:59,Start,266.6
2020-01-03 02:03:00,2020-01-03 02:08:37,Alert,11.73
2020-01-03 12:48:00,2020-01-03 12:52:52,Idle,33.38
2020-01-02 19:36:00,2020-01-02 19:45:48,Start,78.43
2020-01-02 03:30:00,2020-01-02 03:32:29,Run,22.34
2020-01-03 07:01:00,2020-01-03 07:10:11,Start,58.18
2020-01-03 09:04:00,2020-01-03 09:08:18,Measure,29.37
2020-01-03 00:18:00,2020-01-03 00:25:01,Idle,11.09
2020-01-03 11:42:00,2020-01-03 11:50:20,Run,31.71
2020-01-02 22:00:00,2020-01-02 22:01:25,Run,97.83
2020-01-03 00:00:00,2020-01-03 00:01:24,Stop,328.56
2020-01-02 19:34:00,2020-01-02 19:41:33,Alert,96.36
2020-01-02 00:20:00,2020-01-02 00:29:26,Stop,53.91
2020-01-02 05:27:00,2020-01-02 05:33:00,Run,19.88
2020-01-02 00:40:00,2020-01-02 00:46:38,Idle,59.32
2020-01-03 08:49:00,2020-01-03 08:54:26,Start,50.89
2020-01-02 16:18:00,2020-01-02 16:26:40,Start,85.99
2020-01-03 02:55:00,2020-01-03 03:03:35,Idle,18.83
2020-01-04 00:08:00,2020-01-04 00:14:59,Run,53.94
2020-01-02 13:45:00,2020-01-02 13:47:07,Start,23.5
2020-01-02 22:52:00,2020-01-02 22:59:51,Start,39.22
2020-01-03 17:04:00,2020-01-03 17:13:10,Start,76.36
2020-01-02 12:48:00,2020-01-02 12:49:48,Alert,52.84
2020-01-02 05:48:00,2020-01-02 05:50:41,Alert,131.49
2020-01-02 17:00:00,2020-01-02 17:04:35,Measure,182.0
2020-01-02 09:54:00,2020-01-02 10:02:17,Stop,51.35
2020-01-04 05:04:00,2020-01-04 05:07:38,Idle,80.65
2020-01-04 00:02:00,2020-01-04 00:11:08,Idle,90.29
2020-01-03 15:06:00,2020-01-03 15:11:01,Idle,95.98
2020-01-04 05:00:00,2020-01-04 05:01:04,Measure,80.82
2020-01-04 01:44:00,2020-01-04 01:51:00,Alert,38.39
2020-01-02 13:15:00,2020-01-02 13:23:38,Run,71.93
2020-01-04 06:48:00,2020-01-04 06:53:07,Run,49.38
2020-01-03 11:34:00,2020-01-03 11:42:01,Measure,32.92
2020-01-04 04:00:00,2020-01-04 04:01:14,Run,257.04
2020-01-04 08:36:00,2020-01-04 08:39:01,Idle,13.46
2020-01-02 22:38:00,2020-01-02 22:43:36,Stop,91.16
2020-01-02 10:39:00,2020-01-02 10:47:32,Start,51.53
2020-01-02 17:04:00,2020-01-02 17:11:29,Alert,67.35
2020-01-03 05:50:00,2020-01-03 05:55:53,Alert,69.34
2020-01-04 07:24:00,2020-01-04 07:32:25,Measure,90.56
2020-01-04 10:05:00,2020-01-04 10:09:29,Alert,67.3
2020-01-02 05:20:00,2020-01-02 05:26:01,Idle,65.25
2020-01-03 13:45:00,2020-01-03 13:49:42,Run,16.0
2020-01-03 07:40:00,2020-01-03 07:41:02,Idle,56.66
2020-01-02 18:56:00,2020-01-02 19:05:37,Measure,23.52
2020-01-02 12:36:00,2020-01-02 12:38:32,Idle,76.37
2020-01-03 04:20:00,2020-01-03 04:29:39,Run,56.1
2020-01-04 20:52:00,2020-01-04 21:00:07,Stop,71.22
2020-01-03 02:45:00,2020-01-03 02:54:12,Measure,13.75
2020-01-03 16:40:00,2020-01-03 16:44:54,Stop,17.63
2020-01-04 06:47:00,2020-01-04 06:50:40,Start,297.88
2020-01-03 06:00:00,2020-01-03 06:06:30,Stop,16.49
2020-01-05 02:21:00,2020-01-05 02:27:32,Start,49.23
2020-01-05 00:40:00,2020-01-05 00:41:49,Start,11.09
2020-01-02 23:57:00,2020-01-03 00:06:42,Stop,96.09
2020-01-03 16:48:00,2020-01-03 16:57:11,Measure,76.38
2020-01-03 05:17:00,2020-01-03 05:22:31,Run,41.79
2020-01-03 03:12:00,2020-01-03 03:17:11,Idle,36.69
2020-01-02 10:35:00,2020-01-02 10:37:29,Idle,41.47
2020-01-04 04:08:00,2020-01-04 04:16:25,Run,79.72
2020-01-03 21:15:00,2020-01-03 21:21:31,Start,69.52
2020-01-02 11:08:00,2020-01-02 11:11:18,Start,26.67
2020-01-03 04:42:00,2020-01-03 04:48:56,Measure,25.67
2020-01-05 04:30:00,2020-01-05 04:35:33,Alert,18.86
2020-01-03 02:47:00,2020-01-03 02:48:18,Stop,69.43
2020-01-02 19:28:00,2020-01-02 19:34:10,Start,78.79
2020-01-03 21:12:00,2020-01-03 21:15:33,Idle,33.85
2020-01-05 12:06:00,2020-01-05 12:13:29,Measure,11.89
2020-01-03 03:55:00,2020-01-03 04:00:19,Stop,17.4
2020-01-04 14:00:00,2020-01-04 14:03:04,Measure,97.11
2020-01-04 19:44:00,2020-01-04 19:50:53,Stop,36.59
2020-01-03 04:46:00,2020-01-03 04:51:32,Stop,79.23
2020-01-04 18:09:00,2020-01-04 18:14:04,Run,66.22
2020-01-03 16:00:00,2020-01-03 16:08:29,Start,44.37
2020-01-04 11:08:00,2020-01-04 11:13:06,Measure,28.51
2020-01-04 14:18:00,2020-01-04 14:27:39,Measure,20.92
2020-01-04 06:38:00,2020-01-04 06:41:20,Run,65.35
2020-01-02 16:48:00,2020-01-02 16:55:01,Idle,79.72
2020-01-05 08:15:00,2020-01-05 08:16:07,Idle,67.95
2020-01-03 12:34:00,2020-01-03 12:42:57,Start,57.73
2020-01-03 01:45:00,2020-01-03 01:51:51,Start,13.78
2020-01-02 14:48:00,2020-01-02 14:57:14,Alert,291.48
2020-01-04 12:03:00,2020-01-04 12:11:06,Run,81.88
2020-01-04 21:00:00,2020-01-04 21:01:38,Idle,36.35
2020-01-02 12:30:00,2020-01-02 12:34:06,Stop,98.2
2020-01-04 07:40:00,2020-01-04 07:42:32,Measure,64.17
2020-01-03 06:08:00,2020-01-03 06:10:25,Start,62.42
2020-01-04 20:06:00,2020-01-04 20:07:43,Measure,77.33
2020-01-03 03:45:00,2020-01-03 03:48:16,Measure,83.06
2020-01-05 00:00:00,2020-01-05 00:08:00,Alert,69.08
2020-01-03 21:57:00,2020-01-03 21:59:13,Idle,21.53
2020-01-06 00:44:00,2020-01-06 00:53:31,Start,40.44
2020-01-03 01:46:00,2020-01-03 01:49:35,Measure,93.53
2020-01-03 20:00:00,2020-01-03 20:05:14,Start,30.22
2020-01-02 23:13:00,2020-01-02 23:16:50,Stop,43.5
2020-01-06 00:14:00,2020-01-06 00:17:49,Alert,48.89
2020-01-05 21:48:00,2020-01-05 21:54:21,Stop,49.55
2020-01-03 12:08:00,2020-01-03 12:16:35,Start,65.16
2020-01-05 01:25:00,2020-01-05 01:28:34,Start,94.88
2020-01-05 17:24:00,2020-01-05 17:30:48,Idle,31.66
2020-01-04 17:02:00,2020-01-04 17:10:30,Measure,20.94
2020-01-04 14:20:00,2020-01-04 14:23:52,Measure,27.77
2020-01-03 13:33:00,2020-01-03 13:34:09,Stop,89.82
2020-01-02 22:00:00,2020-01-02 22:05:24,Alert,68.12
2020-01-06 02:36:00,2020-01-06 02:44:17,Run,35.73
2020-01-06 06:24:00,2020-01-06 06:29:06,Measure,333.76
2020-01-05 02:04:00,2020-01-05 02:13:18,Idle,87.52
2020-01-04 00:40:00,2020-01-04 00:43:08,Stop,86.19
2020-01-04 01:00:00,2020-01-04 01:06:26,Stop,92.7
2020-01-05 13:16:00,2020-01-05 13:23:43,Run,163.5
2020-01-06 06:12:00,2020-01-06 06:18:58,Idle,77.95
2020-01-06 06:48:00,2020-01-06 06:49:16,Alert,257.25
2020-01-05 21:27:00,2020-01-05 21:32:33,Idle,85.78
2020-01-05 08:40:00,2020-01-05 08:42:55,Alert,75.56
2020-01-03 00:12:00,2020-01-03 00:14:30,Idle,79.88
2020-01-03 07:08:00,2020-01-03 07:10:21,Idle,69.05
2020-01-06 09:48:00,2020-01-06 09:54:23,Start,25.97
2020-01-05 07:12:00,2020-01-05 07:14:53,Stop,177.15
2020-01-02 18:10:00,2020-01-02 18:11:57,Idle,98.62
2020-01-03 04:38:00,2020-01-03 04:41:33,Run,94.36
2020-01-05 12:03:00,2020-01-05 12:10:43,Idle,13.89
2020-01-02 18:40:00,2020-01-02 18:45:25,Measure,24.83
2020-01-03 08:46:00,2020-01-03 08:52:14,Stop,65.58
2020-01-05 03:00:00,2020-01-05 03:01:40,Measure,75.34
2020-01-05 17:30:00,2020-01-05 17:32:44,Stop,83.6
2020-01-05 14:28:00,2020-01-05 14:32:12,Measure,29.22
2020-01-03 16:48:00,2020-01-03 16:55:40,Idle,55.53
2020-01-05 22:34:00,2020-01-05 22:39:37,Idle,85.66
2020-01-03 20:55:00,2020-01-03 21:01:53,Start,303.8
2020-01-04 04:24:00,2020-01-04 04:29:15,Run,58.8
2020-01-06 03:44:00,2020-01-06 03:46:38,Measure,63.13
2020-01-05 17:22:00,2020-01-05 17:27:41,Alert,167.25
2020-01-06 15:45:00,2020-01-06 15:52:42,Start,36.78
2020-01-05 18:20:00,2020-01-05 18:22:48,Measure,60.85
2020-01-05 11:27:00,2020-01-05 11:31:18,Measure,72.0
2020-01-03 04:24:00,2020-01-03 04:30:02,Start,88.6
2020-01-04 14:03:00,2020-01-04 14:09:26,Idle,67.27
2020-01-03 23:28:00,2020-01-03 23:31:33,Measure,78.5
2020-01-03 23:45:00,2020-01-03 23:52:44,Idle,24.41
2020-01-07 10:54:00,2020-01-07 11:02:41,Start,51.54
2020-01-04 15:27:00,2020-01-04 15:30:11,Idle,43.36
2020-01-07 00:48:00,2020-01-07 00:50:23,Stop,32.2
2020-01-05 18:52:00,2020-01-05 18:59:38,Alert,75.38
2020-01-06 14:30:00,2020-01-06 14:32:48,Measure,99.26
2020-01-05 08:15:00,2020-01-05 08:19:40,Run,18.93
2020-01-05 16:24:00,2020-01-05 16:31:07,Alert,46.13
2020-01-05 05:12:00,2020-01-05 05:15:26,Idle,82.01
2020-01-03 18:30:00,2020-01-03 18:32:51,Measure,28.36
2020-01-06 09:25:00,2020-01-06 09:34:13,Idle,59.96
2020-01-04 06:48:00,2020-01-04 06:57:24,Stop,75.98
2020-01-02 23:30:00,2020-01-02 23:38:54,Start,65.44
2020-01-06 03:02:00,2020-01-06 03:07:30,Measure,26.92
2020-01-03 19:45:00,2020-01-03 19:53:00,Stop,167.92
2020-01-07 16:00:00,2020-01-07 16:07:06,Stop,80.54
2020-01-07 16:38:00,2020-01-07 16:43:39,Measure,59.88
2020-01-07 13:14:00,2020-01-07 13:19:42,Idle,10.47
2020-01-04 21:03:00,2020-01-04 21:04:39,Run,78.49
2020-01-03 00:40:00,2020-01-03 00:44:08,Stop,65.9
2020-01-07 15:05:00,2020-01-07 15:08:43,Alert,77.12
2020-01-05 02:12:00,2020-01-05 02:21:55,Stop,28.22
2020-01-07 20:26:00,2020-01-07 20:35:55,Run,96.23
2020-01-07 21:04:00,2020-01-07 21:05:03,Idle,43.11
2020-01-07 09:15:00,2020-01-07 09:20:49,Idle,39.42
2020-01-04 11:00:00,2020-01-04 11:08:12,Alert,117.0
2020-01-04 23:51:00,2020-01-04 23:59:50,Stop,37.5
2020-01-07 11:00:00,2020-01-07 11:04:00,Idle,88.9
2020-01-04 16:07:00,2020-01-04 16:12:07,Run,99.67
2020-01-03 23:30:00,2020-01-03 23:35:38,Measure,215.75
2020-01-05 22:30:00,2020-01-05 22:35:13,Start,50.37
2020-01-08 02:08:00,2020-01-08 02:12:00,Start,74.99
2020-01-06 16:30:00,2020-01-06 16:39:28,Start,89.76
2020-01-06 04:06:00,2020-01-06 04:12:25,Stop,63.37
2020-01-03 11:48:00,2020-01-03 11:54:56,Alert,45.24
2020-01-06 09:20:00,2020-01-06 09:27:30,Idle,47.14
2020-01-08 09:39:00,2020-01-08 09:41:24,Measure,72.61
2020-01-03 21:08:00,2020-01-03 21:14:16,Run,10.29
2020-01-05 21:35:00,2020-01-05 21:39:31,Measure,65.76
2020-01-07 22:24:00,2020-01-07 22:33:34,Run,41.99
2020-01-07 05:20:00,2020-01-07 05:27:23,Stop,81.48
2020-01-06 21:00:00,2020-01-06 21:06:41,Start,91.85
2020-01-07 01:57:00,2020-01-07 01:58:37,Stop,62.94
2020-01-05 01:20:00,2020-01-05 01:29:30,Alert,53.29
2020-01-04 16:42:00,2020-01-04 16:49:59,Alert,67.81
2020-01-07 17:00:00,2020-01-07 17:03:48,Run,15.84
2020-01-07 17:34:00,2020-01-07 17:40:42,Idle,62.2
2020-01-08 03:12:00,2020-01-08 03:18:05,Idle,60.53
2020-01-08 08:21:00,2020-01-08 08:30:56,Run,60.46
2020-01-06 02:10:00,2020-01-06 02:12:51,Alert,64.31
2020-01-06 02:35:00,2020-01-06 02:42:50,Alert,70.88
2020-01-07 15:48:00,2020-01-07 15:52:25,Alert,82.45
2020-01-06 21:53:00,2020-01-06 21:57:04,Stop,34.28
2020-01-07 07:38:00,2020-01-07 07:45:21,Alert,84.25
2020-01-07 17:27:00,2020-01-07 17:36:15,Measure,54.84
2020-01-08 08:00:00,2020-01-08 08:07:18,Start,50.82
2020-01-05 05:40:00,2020-01-05 05:41:46,Alert,15.27
2020-01-05 10:42:00,2020-01-05 10:51:47,Run,40.08
2020-01-03 16:36:00,2020-01-03 16:45:23,Start,80.64
2020-01-06 15:48:00,2020-01-06 15:49:21,Stop,73.69
2020-01-03 12:15:00,2020-01-03 12:19:32,Run,80.98
2020-01-05 21:38:00,2020-01-05 21:44:09,Start,56.55
2020-01-06 12:22:00,2020-01-06 12:27:31,Run,49.62
2020-01-04 22:24:00,2020-01-04 22:28:21,Stop,23.27
2020-01-06 18:03:00,2020-01-06 18:04:31,Measure,39.54
2020-01-03 08:20:00,2020-01-03 08:28:22,Stop,49.06
2020-01-03 13:21:00,2020-01-03 13:24:41,Stop,17.97
2020-01-08 05:28:00,2020-01-08 05:33:13,Run,149.3
2020-01-05 09:40:00,2020-01-05 09:49:40,Idle,63.84
2020-01-03 23:42:00,2020-01-03 23:50:59,Alert,304.84
2020-01-06 10:55:00,2020-01-06 10:56:09,Alert,99.85
2020-01-08 02:48:00,2020-01-08 02:57:24,Measure,93.98
2020-01-04 15:12:00,2020-01-04 15:20:15,Measure,67.83
2020-01-07 03:04:00,2020-01-07 03:06:50,Alert,47.91
2020-01-03 19:48:00,2020-01-03 19:51:32,Idle,67.26
2020-01-03 15:00:00,2020-01-03 15:02:41,Alert,80.71
2020-01-06 13:25:00,2020-01-06 13:29:10,Idle,20.65
2020-01-06 18:52:00,2020-01-06 18:54:20,Measure,46.89
2020-01-07 10:27:00,2020-01-07 10:36:08,Start,85.58
2020-01-07 21:04:00,2020-01-07 21:06:27,Run,44.54
2020-01-09 14:15:00,2020-01-09 14:19:13,Measure,61.47
2020-01-06 15:30:00,2020-01-06 15:32:43,Measure,314.5
2020-01-05 09:13:00,2020-01-05 09:15:35,Stop,26.6
2020-01-08 09:24:00,2020-01-08 09:32:02,Stop,42.6
2020-01-05 04:42:00,2020-01-05 04:46:17,Stop,40.11
2020-01-06 06:50:00,2020-01-06 06:51:00,Run,12.36
2020-01-03 22:12:00,2020-01-03 22:19:46,Stop,12.18
2020-01-03 12:00:00,2020-01-03 12:07:17,Idle,84.85
2020-01-09 14:14:00,2020-01-09 14:17:46,Alert,34.58
2020-01-08 23:10:00,2020-01-08 23:19:28,Start,169.89
2020-01-07 21:30:00,2020-01-07 21:36:12,Measure,36.89
2020-01-06 03:52:00,2020-01-06 03:59:57,Idle,473.3
2020-01-04 15:15:00,2020-01-04 15:23:56,Start,33.34
2020-01-04 10:12:00,2020-01-04 10:14:12,Idle,48.67
2020-01-05 02:23:00,2020-01-05 02:26:20,Idle,354.2
2020-01-07 02:40:00,2020-01-07 02:45:21,Measure,85.77
2020-01-08 05:51:00,2020-01-08 05:57:39,Alert,26.75
2020-01-07 19:38:00,2020-01-07 19:44:07,Stop,82.24
2020-01-05 08:54:00,2020-01-05 08:59:04,Run,256.2
2020-01-09 21:12:00,2020-01-09 21:21:34,Alert,53.47
2020-01-08 13:20:00,2020-01-08 13:26:36,Run,22.01
2020-01-07 05:16:00,2020-01-07 05:18:15,Measure,17.25
2020-01-07 16:36:00,2020-01-07 16:39:54,Measure,75.51
2020-01-06 08:16:00,2020-01-06 08:18:48,Measure,273.4
2020-01-05 05:13:00,2020-01-05 05:17:02,Start,49.32
2020-01-05 22:00:00,2020-01-05 22:04:11,Run,75.66
2020-01-08 16:32:00,2020-01-08 16:34:04,Alert,78.9
2020-01-03 15:20:00,2020-01-03 15:28:53,Alert,24.3
2020-01-04 08:09:00,2020-01-04 08:11:39,Idle,64.92
2020-01-03 21:14:00,2020-01-03 21:17:07,Idle,22.18
2020-01-03 21:25:00,2020-01-03 21:33:31,Idle,77.62
2020-01-09 12:00:00,2020-01-09 12:07:08,Measure,69.13
2020-01-08 14:07:00,2020-01-08 14:08:42,Alert,96.1
2020-01-06 23:12:00,2020-01-06 23:19:58,Run,16.21
2020-01-04 03:48:00,2020-01-04 03:57:07,Measure,15.13
2020-01-07 00:00:00,2020-01-07 00:02:17,Start,35.4
2020-01-07 00:24:00,2020-01-07 00:29:29,Idle,33.55
2020-01-04 21:30:00,2020-01-04 21:36:14,Measure,128.92
2020-01-06 19:29:00,2020-01-06 19:32:47,Measure,91.56
2020-01-06 08:24:00,2020-01-06 08:30:38,Start,32.46
2020-01-08 01:00:00,2020-01-08 01:04:12,Stop,34.48
2020-01-08 07:14:00,2020-01-08 07:22:32,Alert,78.35
2020-01-03 23:37:00,2020-01-03 23:42:42,Run,50.48
2020-01-06 09:48:00,2020-01-06 09:54:35,Stop,79.9
2020-01-08 02:52:00,2020-01-08 02:59:29,Idle,15.88
2020-01-07 09:50:00,2020-01-07 09:59:44,Measure,53.88
2020-01-09 20:45:00,2020-01-09 20:49:59,Start,65.15
2020-01-08 10:08:00,2020-01-08 10:17:02,Start,15.64
2020-01-04 18:22:00,2020-01-04 18:30:37,Alert,91.58
2020-01-04 06:48:00,2020-01-04 06:50:28,Stop,22.53
2020-01-08 11:35:00,2020-01-08 11:37:34,Alert,289.6
2020-01-03 19:20:00,2020-01-03 19:28:31,Measure,47.0
2020-01-08 00:39:00,2020-01-08 00:47:07,Alert,41.26
2020-01-10 18:44:00,2020-01-10 18:47:30,Run,90.99
2020-01-08 01:33:00,2020-01-08 01:42:33,Start,59.8
2020-01-06 14:00:00,2020-01-06 14:07:15,Start,69.74
2020-01-08 14:29:00,2020-01-08 14:30:21,Idle,96.71
2020-01-07 02:46:00,2020-01-07 02:52:12,Idle,60.42
2020-01-07 21:18:00,2020-01-07 21:27:38,Measure,94.31
2020-01-10 22:32:00,2020-01-10 22:36:25,Run,14.7
2020-01-06 15:45:00,2020-01-06 15:52:14,Stop,47.69
2020-01-10 23:48:00,2020-01-10 23:56:30,Alert,33.41
2020-01-10 18:19:00,2020-01-10 18:22:58,Measure,75.77
2020-01-05 04:00:00,2020-01-05 04:04:29,Idle,98.32
2020-01-04 09:48:00,2020-01-04 09:57:19,Alert,33.09
2020-01-04 16:10:00,2020-01-04 16:18:43,Idle,68.88
2020-01-03 21:50:00,2020-01-03 21:53:03,Alert,27.83
2020-01-04 10:24:00,2020-01-04 10:26:52,Stop,60.88
2020-01-09 02:30:00,2020-01-09 02:31:11,Measure,51.75
2020-01-04 10:48:00,2020-01-04 10:51:05,Alert,97.48
2020-01-06 06:45:00,2020-01-06 06:51:30,Run,64.77
2020-01-10 11:20:00,2020-01-10 11:25:42,Start,41.46
2020-01-03 22:50:00,2020-01-03 22:53:19,Run,20.27
2020-01-10 06:12:00,2020-01-10 06:19:40,Run,23.61
2020-01-06 01:42:00,2020-01-06 01:44:36,Start,30.28
2020-01-04 18:20:00,2020-01-04 18:29:36,Run,32.59
2020-01-09 06:30:00,2020-01-09 06:32:08,Alert,86.56
2020-01-08 18:16:00,2020-01-08 18:18:57,Alert,60.51
2020-01-10 21:48:00,2020-01-10 21:49:58,Alert,57.11
2020-01-09 20:48:00,2020-01-09 20:49:32,Start,20.33
2020-01-10 10:10:00,2020-01-10 10:16:17,Run,87.41
2020-01-06 03:48:00,2020-01-06 03:49:49,Start,75.05
2020-01-05 08:45:00,2020-01-05 08:54:08,Alert,16.09
2020-01-09 22:56:00,2020-01-09 22:57:18,Run,73.71
2020-01-10 12:26:00,2020-01-10 12:30:16,Run,58.92
2020-01-11 21:30:00,2020-01-11 21:38:29,Idle,17.36
2020-01-07 07:22:00,2020-01-07 07:30:31,Idle,51.25
2020-01-07 01:12:00,2020-01-07 01:17:48,Stop,53.62
2020-01-10 08:09:00,2020-01-10 08:12:20,Measure,24.92
2020-01-06 19:20:00,2020-01-06 19:22:23,Idle,95.11
2020-01-11 11:35:00,2020-01-11 11:42:30,Start,86.5
2020-01-10 23:00:00,2020-01-10 23:04:34,Idle,351.05
2020-01-07 09:34:00,2020-01-07 09:43:45,Stop,51.61
2020-01-10 04:16:00,2020-01-10 04:20:34,Run,47.06
2020-01-10 04:48:00,2020-01-10 04:55:42,Stop,68.59
2020-01-04 22:40:00,2020-01-04 22:43:07,Run,59.09
2020-01-11 15:17:00,2020-01-11 15:25:56,Run,15.6
2020-01-08 07:30:00,2020-01-08 07:37:43,Measure,56.13
2020-01-10 20:22:00,2020-01-10 20:23:28,Idle,82.58
2020-01-06 15:56:00,2020-01-06 16:02:37,Start,51.33
2020-01-11 11:00:00,2020-01-11 11:07:00,Start,14.68
2020-01-07 06:06:00,2020-01-07 06:13:31,Alert,80.77
2020-01-04 03:50:00,2020-01-04 03:54:37,Run,28.12
2020-01-11 19:36:00,2020-01-11 19:40:21,Start,33.28
2020-01-04 17:48:00,2020-01-04 17:49:16,Measure,74.46
2020-01-06 17:50:00,2020-01-06 17:56:21,Run,39.72
2020-01-12 04:18:00,2020-01-12 04:27:37,Measure,78.11
2020-01-12 04:56:00,2020-01-12 05:02:24,Start,56.74
2020-01-09 01:51:00,2020-01-09 01:58:51,Start,28.44
2020-01-09 09:12:00,2020-01-09 09:18:17,Alert,89.0
2020-01-07 23:05:00,2020-01-07 23:07:21,Start,89.16
2020-01-06 12:48:00,2020-01-06 12:56:53,Run,88.35
2020-01-06 20:03:00,2020-01-06 20:11:47,Run,31.49
2020-01-10 01:00:00,2020-01-10 01:08:04,Run,50.61
2020-01-10 15:28:00,2020-01-10 15:32:23,Alert,98.65
2020-01-10 23:00:00,2020-01-10 23:07:26,Alert,79.48
2020-01-10 23:33:00,2020-01-10 23:35:37,Start,12.45
2020-01-04 20:24:00,2020-01-04 20:30:44,Stop,63.48
2020-01-08 09:12:00,2020-01-08 09:16:27,Stop,51.75
2020-01-04 13:44:00,2020-01-04 13:53:33,Alert,91.83
2020-01-09 00:10:00,2020-01-09 00:13:45,Start,233.92
2020-01-08 03:18:00,2020-01-08 03:19:21,Stop,54.8
2020-01-12 00:12:00,2020-01-12 00:15:33,Start,19.49
2020-01-07 06:40:00,2020-01-07 06:48:18,Start,207.33
2020-01-05 04:57:00,2020-01-05 05:02:54,Start,251.97
2020-01-05 12:20:00,2020-01-05 12:24:38,Idle,44.24
2020-01-10 21:52:00,2020-01-10 22:01:14,Run,79.81
2020-01-09 17:36:00,2020-01-09 17:40:49,Start,96.8
2020-01-05 05:49:00,2020-01-05 05:50:19,Idle,85.02
2020-01-04 22:48:00,2020-01-04 22:51:27,Alert,57.1
2020-01-10 16:45:00,2020-01-10 16:47:47,Stop,35.84
2020-01-04 23:12:00,2020-01-04 23:19:42,Run,406.8
2020-01-11 15:38:00,2020-01-11 15:47:02,Stop,61.98
2020-01-10 18:18:00,2020-01-10 18:25:06,Run,67.11
2020-01-04 23:48:00,2020-01-04 23:55:53,Stop,327.24
2020-01-05 00:00:00,2020-01-05 00:06:08,Run,45.64
2020-01-13 06:39:00,2020-01-13 06:42:13,Stop,92.36
2020-01-07 18:42:00,2020-01-07 18:47:42,Stop,57.97
2020-01-07 19:03:00,2020-01-07 19:05:12,Stop,24.22
2020-01-11 19:36:00,2020-01-11 19:45:00,Stop,72.63
2020-01-13 01:50:00,2020-01-13 01:56:51,Alert,81.39
2020-01-13 09:54:00,2020-01-13 10:00:25,Start,38.51
2020-01-11 06:24:00,2020-01-11 06:32:22,Measure,87.15
2020-01-07 20:48:00,2020-01-07 20:50:39,Idle,91.55
2020-01-05 01:48:00,2020-01-05 01:49:58,Measure,34.92
2020-01-11 15:30:00,2020-01-11 15:39:27,Measure,98.52
2020-01-09 11:26:00,2020-01-09 11:31:17,Run,22.66
2020-01-08 05:44:00,2020-01-08 05:51:52,Start,28.18
2020-01-12 23:21:00,2020-01-12 23:29:31,Run,26.58
2020-01-05 10:22:00,2020-01-05 10:24:04,Start,90.46
2020-01-08 22:00:00,2020-01-08 22:03:33,Start,68.89
2020-01-04 12:00:00,2020-01-04 12:05:25,Stop,23.69
2020-01-08 22:48:00,2020-01-08 22:50:18,Alert,49.63
2020-01-04 19:58:00,2020-01-04 20:04:14,Stop,65.38
2020-01-05 11:27:00,2020-01-05 11:32:07,Alert,17.51
2020-01-05 11:40:00,2020-01-05 11:47:53,Run,89.42
2020-01-10 14:49:00,2020-01-10 14:50:24,Alert,82.32
2020-01-11 14:24:00,2020-01-11 14:29:43,Run,55.47
2020-01-10 00:21:00,2020-01-10 00:29:28,Measure,97.04
2020-01-13 13:52:00,2020-01-13 13:58:00,Measure,47.6
2020-01-08 02:45:00,2020-01-08 02:47:07,Alert,98.57
2020-01-07 03:48:00,2020-01-07 03:49:06,Alert,70.11
2020-01-13 00:12:00,2020-01-13 00:15:16,Run,67.12
2020-01-06 12:48:00,2020-01-06 12:51:43,Stop,99.76
2020-01-13 17:02:00,2020-01-13 17:04:22,Run,89.37
2020-01-04 14:20:00,2020-01-04 14:27:59,Stop,48.47
2020-01-14 02:09:00,2020-01-14 02:11:12,Measure,24.6
2020-01-04 22:32:00,2020-01-04 22:36:56,Start,11.13
2020-01-13 03:48:00,2020-01-13 03:49:45,Alert,60.38
2020-01-09 13:30:00,2020-01-09 13:35:21,Stop,57.47
2020-01-14 04:45:00,2020-01-14 04:48:55,Run,74.74
2020-01-05 07:12:00,2020-01-05 07:15:45,Measure,90.12
2020-01-09 22:42:00,2020-01-09 22:49:09,Stop,17.15
2020-01-14 06:42:00,2020-01-14 06:43:53,Run,75.83
2020-01-09 15:35:00,2020-01-09 15:42:58,Alert,26.87
2020-01-10 16:00:00,2020-01-10 16:09:26,Alert,87.24
2020-01-11 08:30:00,2020-01-11 08:36:40,Idle,83.72
2020-01-09 00:46:00,2020-01-09 00:49:06,Start,58.67
2020-01-10 17:24:00,2020-01-10 17:31:48,Idle,73.92
2020-01-10 09:48:00,2020-01-10 09:55:06,Measure,38.29
2020-01-13 19:05:00,2020-01-13 19:10:30,Stop,52.41
2020-01-05 01:06:00,2020-01-05 01:13:18,Measure,83.95
2020-01-07 10:06:00,2020-01-07 10:08:12,Run,51.33
2020-01-14 05:04:00,2020-01-14 05:09:07,Alert,42.2
2020-01-13 13:24:00,2020-01-13 13:25:42,Idle,54.48
2020-01-09 03:50:00,2020-01-09 03:57:16,Idle,84.54
2020-01-10 21:08:00,2020-01-10 21:09:40,Idle,40.17
2020-01-07 11:36:00,2020-01-07 11:39:49,Measure,25.64
2020-01-06 11:15:00,2020-01-06 11:19:31,Alert,74.08
2020-01-09 05:22:00,2020-01-09 05:31:12,Stop,253.02
2020-01-08 05:00:00,2020-01-08 05:01:38,Run,19.06
2020-01-10 15:12:00,2020-01-10 15:19:08,Stop,31.59
2020-01-05 11:24:00,2020-01-05 11:27:30,Measure,22.78
2020-01-14 19:42:00,2020-01-14 19:44:50,Run,41.31
2020-01-14 20:21:00,2020-01-14 20:29:59,Idle,50.53
2020-01-11 18:00:00,2020-01-11 18:08:15,Start,77.39
2020-01-10 09:06:00,2020-01-10 09:07:46,Measure,68.6
2020-01-07 22:58:00,2020-01-07 23:05:05,Measure,65.88
2020-01-13 05:02:00,2020-01-13 05:04:08,Alert,41.71
2020-01-11 20:00:00,2020-01-11 20:05:58,Stop,85.73
2020-01-06 05:50:00,2020-01-06 05:55:55,Measure,52.42
2020-01-14 08:02:00,2020-01-14 08:06:22,Measure,294.36
2020-01-13 07:18:00,2020-01-13 07:20:00,Idle,67.07
2020-01-14 17:44:00,2020-01-14 17:50:13,Idle,21.36
2020-01-12 06:59:00,2020-01-12 07:02:40,Run,70.86
2020-01-11 06:00:00,2020-01-11 06:06:30,Start,39.26
2020-01-09 03:22:00,2020-01-09 03:31:47,Alert,71.77
2020-01-14 11:44:00,2020-01-14 11:50:37,Start,16.27
2020-01-13 19:15:00,2020-01-13 19:21:03,Run,25.74
2020-01-05 06:14:00,2020-01-05 06:23:22,Idle,261.06
2020-01-04 21:50:00,2020-01-04 21:56:37,Stop,30.45
2020-01-08 20:36:00,2020-01-08 20:41:34,Idle,85.33
2020-01-13 12:58:00,2020-01-13 13:01:43,Alert,35.13
2020-01-15 08:42:00,2020-01-15 08:50:22,Idle,67.86
2020-01-06 09:06:00,2020-01-06 09:12:18,Alert,72.47
2020-01-11 02:00:00,2020-01-11 02:09:23,Alert,56.14
2020-01-08 22:21:00,2020-01-08 22:28:26,Alert,149.92
2020-01-15 11:18:00,2020-01-15 11:27:13,Run,29.14
2020-01-14 01:05:00,2020-01-14 01:14:09,Alert,12.99
2020-01-14 01:40:00,2020-01-14 01:42:12,Alert,37.36
2020-01-10 02:00:00,2020-01-10 02:09:28,Stop,68.78
2020-01-09 08:52:00,2020-01-09 08:59:29,Start,94.45
2020-01-07 22:06:00,2020-01-07 22:11:54,Measure,88.41
2020-01-05 08:48:00,2020-01-05 08:55:08,Start,78.95
2020-01-14 04:35:00,2020-01-14 04:39:06,Alert,80.96
2020-01-13 20:20:00,2020-01-13 20:28:24,Stop,69.85
2020-01-15 17:09:00,2020-01-15 17:16:02,Idle,33.43
2020-01-15 17:48:00,2020-01-15 17:51:02,Stop,91.65
2020-01-10 22:58:00,2020-01-10 23:02:07,Alert,70.37
2020-01-13 13:42:00,2020-01-13 13:49:59,Stop,60.44
2020-01-15 10:50:00,2020-01-15 10:55:11,Stop,19.99
2020-01-14 08:40:00,2020-01-14 08:46:34,Alert,251.15
2020-01-07 16:09:00,2020-01-07 16:11:31,Run,51.43
2020-01-09 22:14:00,2020-01-09 22:23:49,Stop,87.81
2020-01-06 04:47:00,2020-01-06 04:49:02,Measure,59.2
2020-01-15 14:00:00,2020-01-15 14:09:31,Measure,44.24
2020-01-11 20:28:00,2020-01-11 20:31:18,Stop,391.64
2020-01-07 08:32:00,2020-01-07 08:36:04,Run,19.96
2020-01-12 15:30:00,2020-01-12 15:34:24,Idle,48.03
2020-01-11 21:52:00,2020-01-11 21:56:33,Alert,13.78
2020-01-08 21:40:00,2020-01-08 21:45:15,Measure,76.59
2020-01-06 06:18:00,2020-01-06 06:21:14,Idle,92.63
2020-01-12 17:30:00,2020-01-12 17:32:27,Stop,35.2
2020-01-10 20:20:00,2020-01-10 20:24:26,Idle,87.25
2020-01-13 21:57:00,2020-01-13 22:00:08,Start,36.3
2020-01-10 21:10:00,2020-01-10 21:11:02,Measure,91.97
2020-01-14 17:25:00,2020-01-14 17:28:00,Stop,77.86
2020-01-11 07:12:00,2020-01-11 07:19:24,Alert,329.76
2020-01-11 07:38:00,2020-01-11 07:39:37,Run,11.62
2020-01-15 04:24:00,2020-01-15 04:30:40,Stop,96.65
2020-01-09 19:30:00,2020-01-09 19:31:20,Alert,75.4
2020-01-06 17:44:00,2020-01-06 17:49:01,Run,37.43
2020-01-05 04:50:00,2020-01-05 04:58:34,Run,84.65
2020-01-13 17:36:00,2020-01-13 17:42:02,Stop,141.36
2020-01-12 04:52:00,2020-01-12 04:54:08,Idle,88.55
2020-01-13 09:20:00,2020-01-13 09:23:08,Idle,20.13
2020-01-07 13:36:00,2020-01-07 13:40:15,Run,73.33
2020-01-06 19:08:00,2020-01-06 19:11:19,Idle,58.66
2020-01-05 05:50:00,2020-01-05 05:58:23,Start,18.69
2020-01-09 04:00:00,2020-01-09 04:05:42,Run,31.77
2020-01-11 22:15:00,2020-01-11 22:21:11,Run,11.12
2020-01-09 14:06:00,2020-01-09 14:15:54,Alert,52.19
2020-01-10 09:21:00,2020-01-10 09:26:36,Idle,37.11
2020-01-15 22:16:00,2020-01-15 22:18:00,Run,63.85
2020-01-09 05:40:00,2020-01-09 05:46:18,Start,36.75
2020-01-11 05:30:00,2020-01-11 05:31:51,Alert,36.99
2020-01-14 10:03:00,2020-01-14 10:06:32,Stop,76.89
2020-01-09 16:12:00,2020-01-09 16:18:10,Run,14.33
2020-01-12 11:24:00,2020-01-12 11:31:28,Start,91.26
2020-01-15 06:50:00,2020-01-15 06:53:56,Measure,86.7
2020-01-06 22:24:00,2020-01-06 22:30:13,Start,63.39
2020-01-10 23:12:00,2020-01-10 23:16:32,Stop,26.68
2020-01-08 04:03:00,2020-01-08 04:06:16,Measure,17.11
2020-01-10 14:20:00,2020-01-10 14:21:05,Idle,31.56
2020-01-11 00:48:00,2020-01-11 00:49:38,Start,13.12
2020-01-09 00:37:00,2020-01-09 00:45:04,Alert,62.45
2020-01-13 02:16:00,2020-01-13 02:21:20,Alert,99.59
2020-01-08 05:45:00,2020-01-08 05:53:05,Idle,87.01
2020-01-06 05:12:00,2020-01-06 05:14:26,Measure,284.65
2020-01-06 15:11:00,2020-01-06 15:19:44,Stop,15.73
2020-01-06 15:24:00,2020-01-06 15:26:15,Measure,84.82
2020-01-07 01:26:00,2020-01-07 01:34:50,Run,63.91
2020-01-07 01:40:00,2020-01-07 01:47:53,Run,20.34
2020-01-13 05:39:00,2020-01-13 05:47:36,Stop,18.45
2020-01-07 12:00:00,2020-01-07 12:05:44,Idle,91.87
2020-01-09 13:40:00,2020-01-09 13:44:58,Stop,70.23
2020-01-11 06:00:00,2020-01-11 06:09:14,Run,89.11
2020-01-13 18:00:00,2020-01-13 18:01:44,Start,61.46
2020-01-07 13:15:00,2020-01-07 13:22:40,Start,56.57
2020-01-07 13:30:00,2020-01-07 13:35:06,Idle,48.74
2020-01-05 21:49:00,2020-01-05 21:57:29,Alert,38.53
2020-01-07 14:00:00,2020-01-07 14:09:04,Measure,147.33
2020-01-08 20:18:00,2020-01-08 20:19:17,Alert,79.65
2020-01-07 14:30:00,2020-01-07 14:35:48,Start,192.51
2020-01-06 08:36:00,2020-01-06 08:43:53,Start,90.33
2020-01-06 18:52:00,2020-01-06 18:56:54,Run,49.9
2020-01-10 23:55:00,2020-01-11 00:02:55,Alert,64.64
2020-01-08 01:36:00,2020-01-08 01:45:18,Alert,66.82
2020-01-09 18:20:00,2020-01-09 18:22:54,Start,63.25
2020-01-11 21:20:00,2020-01-11 21:24:53,Measure,73.24
2020-01-14 00:30:00,2020-01-14 00:39:59,Idle,31.37
2020-01-05 23:50:00,2020-01-05 23:51:10,Idle,56.11
2020-01-15 08:03:00,2020-01-15 08:07:25,Alert,19.38
2020-01-13 05:36:00,2020-01-13 05:41:06,Idle,44.61
2020-01-06 10:36:00,2020-01-06 10:39:06,Start,53.89
2020-01-06 00:56:00,2020-01-06 01:03:21,Alert,64.06
2020-01-09 01:06:00,2020-01-09 01:13:51,Run,76.92
2020-01-15 22:12:00,2020-01-15 22:19:02,Alert,55.56
2020-01-15 02:08:00,2020-01-15 02:17:28,Measure,67.07
2020-01-07 19:00:00,2020-01-07 19:03:16,Idle,16.38
2020-01-08 05:36:00,2020-01-08 05:39:54,Alert,32.9
2020-01-10 09:42:00,2020-01-10 09:47:48,Stop,42.57
2020-01-11 17:12:00,2020-01-11 17:21:00,Run,52.52
2020-01-13 11:12:00,2020-01-13 11:13:18,Stop,14.11
2020-01-10 10:45:00,2020-01-10 10:49:14,Start,22.6
2020-01-11 07:58:00,2020-01-11 08:04:29,Idle,34.91
2020-01-15 06:24:00,2020-01-15 06:27:54,Alert,97.44
2020-01-06 03:08:00,2020-01-06 03:16:28,Stop,39.82
2020-01-08 18:13:00,2020-01-08 18:19:53,Idle,53.38
2020-01-14 21:30:00,2020-01-14 21:39:18,Start,27.65
2020-01-12 07:20:00,2020-01-12 07:22:32,Run,35.26
2020-01-12 07:45:00,2020-01-12 07:49:58,Idle,28.63
2020-01-07 01:22:00,2020-01-07 01:26:24,Idle,56.49
2020-01-11 11:25:00,2020-01-11 11:33:12,Measure,10.5
2020-01-12 09:00:00,2020-01-12 09:05:04,Idle,10.69
2020-01-08 20:29:00,2020-01-08 20:35:16,Start,89.16
2020-01-09 07:24:00,2020-01-09 07:29:54,Start,13.3
2020-01-10 15:39:00,2020-01-10 15:44:41,Measure,19.72
2020-01-05 18:40:00,2020-01-05 18:41:16,Run,40.5
2020-01-09 18:59:00,2020-01-09 19:01:10,Alert,82.23
2020-01-08 11:12:00,2020-01-08 11:17:28,Stop,61.48
2020-01-09 19:37:00,2020-01-09 19:43:24,Alert,56.14
2020-01-07 03:32:00,2020-01-07 03:38:04,Idle,36.41
2020-01-13 10:42:00,2020-01-13 10:43:06,Measure,45.73
2020-01-14 19:30:00,2020-01-14 19:36:13,Measure,17.84
2020-01-12 03:36:00,2020-01-12 03:40:12,Stop,20.25
2020-01-06 18:00:00,2020-01-06 18:09:48,Start,41.07
2020-01-13 02:06:00,2020-01-13 02:09:50,Stop,55.67
2020-01-13 13:24:00,2020-01-13 13:33:56,Idle,88.68
2020-01-15 20:16:00,2020-01-15 20:21:10,Start,54.42
2020-01-11 07:48:00,2020-01-11 07:55:26,Measure,73.2
2020-01-07 05:55:00,2020-01-07 05:59:26,Stop,99.35
2020-01-09 12:48:00,2020-01-09 12:55:55,Alert,21.83
2020-01-10 11:00:00,2020-01-10 11:07:19,Run,34.73
2020-01-14 14:02:00,2020-01-14 14:05:23,Alert,45.51
2020-01-13 16:33:00,2020-01-13 16:34:24,Run,47.96
2020-01-10 12:00:00,2020-01-10 12:02:12,Idle,46.99
2020-01-14 04:56:00,2020-01-14 05:05:24,Stop,74.26
2020-01-09 03:51:00,2020-01-09 03:57:35,Stop,64.71
2020-01-07 07:52:00,2020-01-07 08:00:04,Alert,37.84
2020-01-07 19:10:00,2020-01-07 19:19:18,Stop,84.14
2020-01-09 04:42:00,2020-01-09 04:49:03,Idle,95.96
2020-01-07 19:38:00,2020-01-07 19:42:18,Start,83.91
2020-01-08 07:00:00,2020-01-08 07:07:52,Idle,10.14
2020-01-09 16:42:00,2020-01-09 16:48:38,Run,67.28
2020-01-08 07:30:00,2020-01-08 07:38:08,Idle,14.6
2020-01-06 22:24:00,2020-01-06 22:25:56,Stop,15.36
2020-01-13 00:25:00,2020-01-13 00:29:51,Start,64.34
2020-01-11 15:08:00,2020-01-11 15:16:14,Stop,71.79
2020-01-07 10:28:00,2020-01-07 10:32:13,Stop,44.55
2020-01-11 04:57:00,2020-01-11 05:06:53,Run,51.06
2020-01-09 08:57:00,2020-01-09 09:03:34,Stop,77.61
2020-01-08 10:30:00,2020-01-08 10:32:55,Start,16.39
2020-01-15 13:30:00,2020-01-15 13:31:48,Alert,17.22
2020-01-13 16:50:00,2020-01-13 16:56:32,Start,473.8
2020-01-14 04:42:00,2020-01-14 04:48:34,Run,70.17
2020-01-09 22:06:00,2020-01-09 22:15:51,Alert,71.08
2020-01-08 12:15:00,2020-01-08 12:21:22,Start,63.43
2020-01-10 10:30:00,2020-01-10 10:31:02,Measure,10.91
2020-01-11 21:22:00,2020-01-11 21:26:25,Run,67.25
2020-01-13 08:20:00,2020-01-13 08:21:39,Idle,92.2
2020-01-09 12:21:00,2020-01-09 12:22:58,Idle,65.13
2020-01-07 14:22:00,2020-01-07 14:31:26,Start,88.63
2020-01-14 20:20:00,2020-01-14 20:23:01,Stop,75.16
2020-01-10 00:48:00,2020-01-10 00:56:58,Run,20.85
2020-01-14 09:39:00,2020-01-14 09:41:35,Alert,91.22
2020-01-08 02:52:00,2020-01-08 02:59:53,Stop,15.98
2020-01-12 23:36:00,2020-01-12 23:40:54,Stop,58.06
2020-01-13 11:40:00,2020-01-13 11:42:01,Run,22.79
2020-01-06 16:31:00,2020-01-06 16:36:15,Start,11.05
2020-01-11 02:00:00,2020-01-11 02:06:47,Start,47.98
2020-01-08 04:02:00,2020-01-08 04:05:03,Start,36.55
2020-01-06 17:04:00,2020-01-06 17:13:01,Start,53.74
2020-01-10 15:34:00,2020-01-10 15:43:23,Start,13.94
2020-01-09 16:36:00,2020-01-09 16:43:48,Idle,60.28
2020-01-14 15:57:00,2020-01-14 16:02:09,Alert,68.71
2020-01-13 04:48:00,2020-01-13 04:54:13,Stop,86.1
2020-01-12 05:26:00,2020-01-12 05:33:07,Idle,72.32
2020-01-11 06:00:00,2020-01-11 06:08:08,Run,48.69
2020-01-07 19:34:00,2020-01-07 19:40:54,Measure,81.01
2020-01-08 20:15:00,2020-01-08 20:16:43,Stop,84.02
2020-01-06 20:22:00,2020-01-06 20:24:31,Idle,87.18
2020-01-14 21:48:00,2020-01-14 21:52:39,Measure,48.79
2020-01-08 09:24:00,2020-01-08 09:31:40,Measure,62.4
2020-01-09 10:08:00,2020-01-09 10:17:09,Run,64.1
2020-01-08 10:06:00,2020-01-08 10:15:04,Run,73.5
2020-01-08 10:20:00,2020-01-08 10:28:49,Start,71.96
2020-01-14 01:25:00,2020-01-14 01:30:26,Alert,48.75
2020-01-11 12:40:00,2020-01-11 12:41:53,Stop,22.83
2020-01-12 01:36:00,2020-01-12 01:45:39,Measure,41.13
2020-01-13 02:54:00,2020-01-13 02:55:39,Idle,12.29
2020-01-12 02:39:00,2020-01-12 02:43:56,Start,68.12
2020-01-13 03:40:00,2020-01-13 03:47:25,Start,67.32
2020-01-11 02:39:00,2020-01-11 02:44:59,Start,40.65
2020-01-14 05:35:00,2020-01-14 05:39:26,Measure,46.87
2020-01-09 14:24:00,2020-01-09 14:30:35,Alert,38.01
2020-01-12 05:06:00,2020-01-12 05:09:57,Stop,64.52
2020-01-14 19:42:00,2020-01-14 19:49:35,Measure,171.24
2020-01-15 21:32:00,2020-01-15 21:38:17,Run,98.92
2020-01-08 02:30:00,2020-01-08 02:37:08,Run,50.86
2020-01-15 22:56:00,2020-01-15 22:58:01,Stop,22.65
2020-01-11 19:00:00,2020-01-11 19:09:24,Run,53.7
2020-01-08 15:56:00,2020-01-08 16:00:58,Start,12.48
2020-01-15 00:02:00,2020-01-15 00:04:00,Stop,44.58
2020-01-08 17:20:00,2020-01-08 17:27:17,Alert,44.92
2020-01-11 08:59:00,2020-01-11 09:07:16,Idle,24.4
2020-01-10 07:54:00,2020-01-10 07:58:26,Idle,12.1
2020-01-07 04:04:00,2020-01-07 04:12:59,Start,51.27
2020-01-15 16:15:00,2020-01-15 16:21:39,Alert,36.03
2020-01-12 00:00:00,2020-01-12 00:03:40,Idle,96.03
2020-01-08 06:50:00,2020-01-08 06:57:31,Alert,89.96
2020-01-08 07:16:00,2020-01-08 07:18:09,Run,84.4
2020-01-12 14:33:00,2020-01-12 14:40:44,Run,98.56
2020-01-08 20:50:00,2020-01-08 20:52:59,Alert,96.5
2020-01-09 22:56:00,2020-01-09 23:00:36,Measure,45.05
2020-01-15 10:26:00,2020-01-15 10:28:43,Idle,59.83
2020-01-10 13:34:00,2020-01-10 13:36:16,Alert,293.75
2020-01-12 05:00:00,2020-01-12 05:04:49,Start,392.85
2020-01-09 12:00:00,2020-01-09 12:05:17,Alert,255.09
2020-01-13 08:34:00,2020-01-13 08:38:01,Alert,33.34
2020-01-13 22:04:00,2020-01-13 22:05:26,Idle,27.52
2020-01-09 00:20:00,2020-01-09 00:25:58,Run,163.28
2020-01-15 02:00:00,2020-01-15 02:08:59,Stop,96.98
2020-01-06 20:20:00,2020-01-06 20:28:30,Idle,41.25
2020-01-15 17:22:00,2020-01-15 17:29:39,Alert,49.96
2020-01-09 02:54:00,2020-01-09 03:03:27,Alert,99.45
2020-01-13 14:48:00,2020-01-13 14:51:45,Alert,61.24
2020-01-14 05:44:00,2020-01-14 05:52:12,Start,54.2
2020-01-08 15:17:00,2020-01-08 15:23:55,Idle,52.8
2020-01-08 15:56:00,2020-01-08 16:04:21,Start,96.76
2020-01-15 11:35:00,2020-01-15 11:39:27,Alert,174.0
2020-01-13 05:57:00,2020-01-13 06:00:17,Idle,21.76
2020-01-07 13:58:00,2020-01-07 14:04:38,Start,81.15
2020-01-12 17:00:00,2020-01-12 17:09:56,Stop,21.23
2020-01-07 00:50:00,2020-01-07 00:57:22,Stop,34.82
2020-01-12 18:00:00,2020-01-12 18:01:18,Alert,88.94
2020-01-13 08:03:00,2020-01-13 08:11:29,Alert,94.96
2020-01-12 19:20:00,2020-01-12 19:21:47,Run,98.29
2020-01-12 19:40:00,2020-01-12 19:44:30,Start,53.51
2020-01-14 13:47:00,2020-01-14 13:51:10,Idle,314.95
2020-01-10 13:20:00,2020-01-10 13:26:14,Stop,43.78
2020-01-14 14:33:00,2020-01-14 14:35:52,Measure,35.72
2020-01-09 10:08:00,2020-01-09 10:11:49,Idle,28.29
2020-01-10 00:15:00,2020-01-10 00:23:47,Run,78.56
2020-01-15 05:36:00,2020-01-15 05:37:13,Run,44.79
2020-01-14 02:10:00,2020-01-14 02:15:47,Idle,56.01
2020-01-12 23:00:00,2020-01-12 23:03:34,Alert,61.96
2020-01-07 04:00:00,2020-01-07 04:05:36,Start,46.68
2020-01-10 02:30:00,2020-01-10 02:38:04,Stop,78.81
2020-01-09 12:56:00,2020-01-09 13:00:01,Idle,96.04
2020-01-14 05:50:00,2020-01-14 05:58:37,Stop,28.04
2020-01-08 09:12:00,2020-01-08 09:14:03,Start,99.15
2020-01-08 10:00:00,2020-01-08 10:02:32,Alert,90.38
2020-01-10 19:12:00,2020-01-10 19:20:13,Measure,89.51
2020-01-10 19:44:00,2020-01-10 19:52:13,Alert,55.94
2020-01-10 05:45:00,2020-01-10 05:47:51,Stop,66.39
2020-01-07 20:56:00,2020-01-07 21:03:14,Start,93.37
2020-01-15 14:48:00,2020-01-15 14:49:58,Stop,46.88
2020-01-07 21:29:00,2020-01-07 21:33:26,Alert,71.89
2020-01-15 02:03:00,2020-01-15 02:05:57,Start,72.33
2020-01-15 02:49:00,2020-01-15 02:53:41,Idle,36.95
2020-01-14 12:48:00,2020-01-14 12:51:45,Start,42.28
2020-01-09 18:04:00,2020-01-09 18:08:03,Alert,35.09
2020-01-10 08:45:00,2020-01-10 08:47:29,Stop,28.96
2020-01-14 00:30:00,2020-01-14 00:38:17,Start,299.4
2020-01-12 05:18:00,2020-01-12 05:27:57,Run,70.91
2020-01-14 16:06:00,2020-01-14 16:07:07,Measure,36.52
2020-01-07 09:40:00,2020-01-07 09:41:28,Alert,11.29
2020-01-09 20:10:00,2020-01-09 20:15:55,Measure,76.41
2020-01-07 10:20:00,2020-01-07 10:23:23,Run,114.3
2020-01-11 02:24:00,2020-01-11 02:33:38,Idle,77.81
2020-01-11 02:40:00,2020-01-11 02:41:44,Idle,79.2
2020-01-07 11:00:00,2020-01-07 11:03:34,Run,78.95
2020-01-09 07:19:00,2020-01-09 07:23:00,Start,86.13
2020-01-10 13:15:00,2020-01-10 13:17:27,Measure,17.97
2020-01-11 19:19:00,2020-01-11 19:28:30,Stop,16.99
2020-01-08 17:36:00,2020-01-08 17:38:12,Measure,46.68
2020-01-11 19:53:00,2020-01-11 19:56:58,Stop,46.64
2020-01-14 08:33:00,2020-01-14 08:37:42,Start,82.74
2020-01-11 06:40:00,2020-01-11 06:44:26,Alert,16.51
2020-01-12 12:48:00,2020-01-12 12:55:05,Run,95.96
2020-01-07 13:40:00,2020-01-07 13:47:19,Alert,36.96
2020-01-08 19:48:00,2020-01-08 19:54:08,Stop,16.92
2020-01-11 08:00:00,2020-01-11 08:05:27,Run,55.06
2020-01-07 14:10:00,2020-01-07 14:12:03,Stop,81.51
2020-01-10 17:30:00,2020-01-10 17:36:49,Idle,73.64
2020-01-15 03:28:00,2020-01-15 03:37:42,Alert,16.56
2020-01-13 22:20:00,2020-01-13 22:27:03,Alert,30.91
2020-01-12 01:16:00,2020-01-12 01:21:35,Measure,35.29
2020-01-14 14:09:00,2020-01-14 14:10:49,Start,82.31
2020-01-12 17:18:00,2020-01-12 17:27:04,Measure,46.46
2020-01-15 06:46:00,2020-01-15 06:51:55,Start,155.72
2020-01-15 22:45:00,2020-01-15 22:46:55,Idle,30.34
2020-01-12 18:48:00,2020-01-12 18:54:59,Start,67.64
2020-01-10 06:26:00,2020-01-10 06:28:32,Alert,42.2
2020-01-15 10:48:00,2020-01-15 10:55:59,Run,151.32
2020-01-07 18:10:00,2020-01-07 18:11:12,Stop,62.73
2020-01-12 21:48:00,2020-01-12 21:49:35,Measure,66.23
2020-01-12 07:13:00,2020-01-12 07:22:35,Idle,31.77
2020-01-10 09:00:00,2020-01-10 09:04:42,Stop,74.26
2020-01-11 01:30:00,2020-01-11 01:37:15,Stop,56.82
2020-01-13 00:30:00,2020-01-13 00:38:50,Alert,22.86
2020-01-07 20:00:00,2020-01-07 20:01:30,Stop,79.78
2020-01-09 19:14:00,2020-01-09 19:15:10,Start,54.7
2020-01-13 02:00:00,2020-01-13 02:02:35,Stop,22.04
2020-01-11 19:44:00,2020-01-11 19:53:05,Alert,38.58
2020-01-07 21:30:00,2020-01-07 21:35:25,Stop,10.01
2020-01-10 12:44:00,2020-01-10 12:52:03,Alert,56.0
2020-01-11 06:00:00,2020-01-11 06:06:42,Run,10.34
2020-01-15 21:48:00,2020-01-15 21:50:04,Start,76.68
2020-01-15 06:15:00,2020-01-15 06:20:06,Alert,38.46
2020-01-08 15:27:00,2020-01-08 15:35:18,Alert,42.42
2020-01-10 15:32:00,2020-01-10 15:34:45,Alert,171.7
2020-01-09 08:00:00,2020-01-09 08:04:03,Run,38.2
2020-01-12 16:34:00,2020-01-12 16:36:28,Alert,90.27
2020-01-15 09:03:00,2020-01-15 09:12:49,Measure,49.04
2020-01-13 09:12:00,2020-01-13 09:19:10,Run,91.89
2020-01-14 17:40:00,2020-01-14 17:47:38,Idle,219.8
2020-01-13 10:06:00,2020-01-13 10:11:30,Alert,72.16
2020-01-12 03:28:00,2020-01-12 03:32:37,Run,10.39
2020-01-08 02:20:00,2020-01-08 02:22:21,Run,25.03
2020-01-12 20:15:00,2020-01-12 20:19:20,Stop,74.17
2020-01-08 19:07:00,2020-01-08 19:15:07,Idle,96.94
2020-01-14 22:40:00,2020-01-14 22:48:23,Alert,73.23
2020-01-10 04:46:00,2020-01-10 04:50:46,Idle,19.48
2020-01-09 12:36:00,2020-01-09 12:37:47,Run,80.36
2020-01-12 23:56:00,2020-01-13 00:00:43,Stop,220.16
2020-01-13 17:36:00,2020-01-13 17:40:07,Measure,172.72
2020-01-15 03:20:00,2020-01-15 03:26:09,Start,14.71
2020-01-09 15:00:00,2020-01-09 15:03:11,Start,79.08
2020-01-11 00:38:00,2020-01-11 00:42:06,Measure,84.0
