start_datetime,event,value,end_datetime
02 Jan 2020 07:38:56,Run,94.31,02 Jan 2020 07:40:15
02 Jan 2020 09:53:39,Run,56.41,02 Jan 2020 09:58:53
02 Jan 2020 12:38:56,Alert,54.75,02 Jan 2020 12:45:12
02 Jan 2020 16:12:51,Run,26.06,02 Jan 2020 16:14:28
03 Jan 2020 04:31:13,Measure,19.73,03 Jan 2020 04:41:09
04 Jan 2020 07:53:55,Idle,85.79,04 Jan 2020 08:01:20
06 Jan 2020 20:49:55,Stop,65.27,06 Jan 2020 20:51:20
07 Jan 2020 15:24:41,Run,39.32,07 Jan 2020 15:33:14
07 Jan 2020 18:05:10,Idle,27.26,07 Jan 2020 18:11:32
08 Jan 2020 22:25:03,Run,59.99,08 Jan 2020 22:34:35
10 Jan 2020 06:32:05,Start,62.55,10 Jan 2020 06:33:17
11 Jan 2020 04:28:16,Stop,28.63,11 Jan 2020 04:35:26
11 Jan 2020 07:46:55,Start,86.63,11 Jan 2020 07:52:45
13 Jan 2020 16:59:56,Stop,17.58,13 Jan 2020 17:06:27
14 Jan 2020 05:04:12,Idle,42.05,14 Jan 2020 05:09:32
14 Jan 2020 20:18:31,Alert,71.23,14 Jan 2020 20:22:55
16 Jan 2020 06:00:21,Run,34.67,16 Jan 2020 06:07:47
17 Jan 2020 00:20:40,Run,84.49,17 Jan 2020 00:29:27
17 Jan 2020 09:54:20,Measure,76.59,17 Jan 2020 10:02:14
17 Jan 2020 22:16:43,Start,81.01,17 Jan 2020 22:18:51
19 Jan 2020 04:02:00,Run,20.72,19 Jan 2020 04:10:51
19 Jan 2020 04:42:18,Idle,22.65,19 Jan 2020 04:45:01
20 Jan 2020 11:30:32,Alert,35.78,20 Jan 2020 11:34:12
21 Jan 2020 10:21:57,Idle,56.63,21 Jan 2020 10:26:16
23 Jan 2020 23:34:41,Start,77.32,23 Jan 2020 23:39:16
24 Jan 2020 17:27:33,Measure,85.29,24 Jan 2020 17:32:04
25 Jan 2020 04:10:18,Run,73.39,25 Jan 2020 04:19:45
25 Jan 2020 10:46:08,Idle,93.57,25 Jan 2020 10:47:23
27 Jan 2020 06:29:58,Stop,76.49,27 Jan 2020 06:39:15
28 Jan 2020 02:52:16,Alert,37.56,28 Jan 2020 02:58:47
28 Jan 2020 07:55:31,Idle,33.86,28 Jan 2020 08:00:46
28 Jan 2020 08:20:54,Alert,72.66,28 Jan 2020 08:24:45
28 Jan 2020 23:20:26,Run,27.36,28 Jan 2020 23:29:43
29 Jan 2020 02:45:51,Stop,18.34,29 Jan 2020 02:54:41
29 Jan 2020 10:11:58,Measure,57.9,29 Jan 2020 10:19:21
31 Jan 2020 21:48:12,Measure,83.95,31 Jan 2020 21:57:38
02 Feb 2020 11:31:24,Stop,19.12,02 Feb 2020 11:41:10
02 Feb 2020 23:13:59,Alert,81.27,02 Feb 2020 23:20:23
03 Feb 2020 06:01:15,Run,83.04,03 Feb 2020 06:05:48
03 Feb 2020 15:21:32,Idle,53.4,03 Feb 2020 15:25:59
03 Feb 2020 17:36:51,Stop,15.16,03 Feb 2020 17:40:39
05 Feb 2020 08:10:07,Start,25.71,05 Feb 2020 08:16:36
08 Feb 2020 06:13:30,Alert,73.67,08 Feb 2020 06:19:09
08 Feb 2020 19:10:14,Measure,74.06,08 Feb 2020 19:16:18
09 Feb 2020 19:21:29,Stop,90.85,09 Feb 2020 19:24:54
10 Feb 2020 00:25:21,Measure,62.44,10 Feb 2020 00:34:56
10 Feb 2020 13:12:28,Alert,21.17,10 Feb 2020 13:14:57
13 Feb 2020 16:48:22,Measure,20.93,13 Feb 2020 16:56:54
15 Feb 2020 12:43:37,Stop,74.9,15 Feb 2020 12:45:36
16 Feb 2020 10:53:02,Alert,26.54,16 Feb 2020 10:59:12
17 Feb 2020 11:35:53,Start,39.55,17 Feb 2020 11:45:40
18 Feb 2020 09:35:26,Stop,53.85,18 Feb 2020 09:40:12
18 Feb 2020 19:45:46,Idle,12.23,18 Feb 2020 19:54:39
19 Feb 2020 15:47:27,Run,32.39,19 Feb 2020 15:49:45
20 Feb 2020 07:55:30,Stop,46.71,20 Feb 2020 08:03:42
21 Feb 2020 04:34:48,Alert,35.17,21 Feb 2020 04:38:20
21 Feb 2020 19:00:43,Run,22.27,21 Feb 2020 19:08:23
23 Feb 2020 01:41:55,Stop,75.52,23 Feb 2020 01:47:33
23 Feb 2020 16:37:02,Start,83.18,23 Feb 2020 16:38:58
24 Feb 2020 13:13:19,Start,33.17,24 Feb 2020 13:17:24
25 Feb 2020 06:46:55,Idle,79.7,25 Feb 2020 06:54:32
25 Feb 2020 07:03:41,Measure,44.7,25 Feb 2020 07:07:18
27 Feb 2020 22:20:31,Run,55.6,27 Feb 2020 22:27:29
28 Feb 2020 02:59:43,Alert,87.04,28 Feb 2020 03:08:02
28 Feb 2020 11:38:47,Alert,77.5,28 Feb 2020 11:47:32
28 Feb 2020 12:22:49,Measure,82.46,28 Feb 2020 12:31:14
29 Feb 2020 07:50:19,Start,22.32,29 Feb 2020 07:59:26
29 Feb 2020 23:25:30,Start,16.27,29 Feb 2020 23:35:19
01 Mar 2020 09:52:54,Stop,90.41,01 Mar 2020 09:55:06
01 Mar 2020 19:30:30,Idle,44.91,01 Mar 2020 19:31:46
03 Mar 2020 18:16:09,Run,35.91,03 Mar 2020 18:25:59
04 Mar 2020 04:31:41,Idle,75.22,04 Mar 2020 04:38:06
04 Mar 2020 09:54:38,Idle,85.28,04 Mar 2020 09:58:59
06 Mar 2020 17:38:07,Stop,87.62,06 Mar 2020 17:44:50
07 Mar 2020 07:13:14,Idle,38.44,07 Mar 2020 07:22:56
07 Mar 2020 13:06:33,Measure,86.7,07 Mar 2020 13:14:12
07 Mar 2020 22:09:57,Stop,13.68,07 Mar 2020 22:14:34
09 Mar 2020 03:29:34,Measure,14.47,09 Mar 2020 03:37:58
09 Mar 2020 12:06:46,Stop,66.12,09 Mar 2020 12:11:27
09 Mar 2020 22:03:52,Idle,15.68,09 Mar 2020 22:11:14
10 Mar 2020 08:15:05,Measure,39.21,10 Mar 2020 08:16:11
11 Mar 2020 01:04:25,Measure,70.55,11 Mar 2020 01:09:56
11 Mar 2020 13:37:00,Measure,40.35,11 Mar 2020 13:38:15
13 Mar 2020 05:25:27,Stop,26.16,13 Mar 2020 05:33:30
13 Mar 2020 10:17:18,Alert,35.32,13 Mar 2020 10:27:01
13 Mar 2020 17:13:47,Idle,51.18,13 Mar 2020 17:15:07
13 Mar 2020 20:43:45,Measure,52.78,13 Mar 2020 20:48:32
14 Mar 2020 13:23:41,Run,80.47,14 Mar 2020 13:29:28
14 Mar 2020 20:11:18,Alert,77.51,14 Mar 2020 20:14:31
15 Mar 2020 09:18:15,Run,51.11,15 Mar 2020 09:23:57
15 Mar 2020 11:18:43,Idle,86.11,15 Mar 2020 11:26:26
16 Mar 2020 10:59:45,Idle,20.28,16 Mar 2020 11:01:50
17 Mar 2020 01:42:11,Measure,32.98,17 Mar 2020 01:50:27
18 Mar 2020 02:34:24,Measure,84.52,18 Mar 2020 02:39:42
19 Mar 2020 22:08:42,Stop,44.02,19 Mar 2020 22:11:24
21 Mar 2020 01:54:23,Alert,98.31,21 Mar 2020 01:57:03
22 Mar 2020 11:31:19,Alert,51.96,22 Mar 2020 11:35:36
24 Mar 2020 07:45:07,Measure,81.27,24 Mar 2020 07:49:52
25 Mar 2020 07:24:28,Idle,46.21,25 Mar 2020 07:33:10
27 Mar 2020 00:59:40,Measure,48.25,27 Mar 2020 01:04:36
27 Mar 2020 02:08:16,Idle,44.46,27 Mar 2020 02:09:41
28 Mar 2020 04:55:04,Idle,74.72,28 Mar 2020 04:58:04
28 Mar 2020 21:57:33,Measure,59.28,28 Mar 2020 22:06:58
30 Mar 2020 17:25:42,Start,94.94,30 Mar 2020 17:29:43
30 Mar 2020 23:54:39,Alert,32.58,31 Mar 2020 00:00:53
31 Mar 2020 16:08:32,Run,19.05,31 Mar 2020 16:14:04
02 Apr 2020 01:47:09,Idle,45.39,02 Apr 2020 01:52:00
03 Apr 2020 04:57:28,Idle,65.5,03 Apr 2020 05:05:27
04 Apr 2020 02:56:02,Start,87.47,04 Apr 2020 03:04:23
04 Apr 2020 22:30:37,Run,41.16,04 Apr 2020 22:39:52
05 Apr 2020 22:21:55,Stop,68.84,05 Apr 2020 22:23:18
08 Apr 2020 09:06:10,Start,41.52,08 Apr 2020 09:08:58
11 Apr 2020 19:20:15,Run,65.55,11 Apr 2020 19:29:36
12 Apr 2020 02:23:57,Start,89.63,12 Apr 2020 02:25:21
12 Apr 2020 05:00:52,Idle,30.82,12 Apr 2020 05:04:58
12 Apr 2020 19:55:27,Alert,46.38,12 Apr 2020 20:01:14
17 Apr 2020 22:06:31,Start,99.39,17 Apr 2020 22:13:08
18 Apr 2020 14:16:26,Stop,88.17,18 Apr 2020 14:18:02
18 Apr 2020 21:04:22,Measure,60.82,18 Apr 2020 21:07:38
19 Apr 2020 08:46:08,Run,56.5,19 Apr 2020 08:55:35
19 Apr 2020 15:21:57,Start,35.61,19 Apr 2020 15:26:43
19 Apr 2020 20:56:29,Start,56.55,19 Apr 2020 21:02:48
20 Apr 2020 08:02:25,Stop,86.34,20 Apr 2020 08:06:26
21 Apr 2020 20:26:41,Alert,71.67,21 Apr 2020 20:29:06
24 Apr 2020 22:14:05,Start,36.1,24 Apr 2020 22:22:51
25 Apr 2020 14:49:09,Start,28.13,25 Apr 2020 14:51:01
25 Apr 2020 18:31:47,Alert,33.87,25 Apr 2020 18:36:41
25 Apr 2020 22:07:47,Stop,25.28,25 Apr 2020 22:15:59
27 Apr 2020 18:53:48,Run,18.61,27 Apr 2020 19:03:03
29 Apr 2020 04:47:05,Run,47.72,29 Apr 2020 04:49:44
29 Apr 2020 08:23:45,Start,20.2,29 Apr 2020 08:31:27
29 Apr 2020 20:51:15,Alert,25.47,29 Apr 2020 20:58:50
30 Apr 2020 05:19:15,Start,59.26,30 Apr 2020 05:29:01
30 Apr 2020 15:51:51,Measure,24.81,30 Apr 2020 15:59:45
01 May 2020 02:25:28,Run,15.75,01 May 2020 02:34:10
02 May 2020 16:00:29,Idle,38.56,02 May 2020 16:07:32
02 May 2020 16:50:17,Measure,29.83,02 May 2020 16:53:26
03 May 2020 13:32:07,Start,56.38,03 May 2020 13:34:30
03 May 2020 17:07:57,Stop,19.21,03 May 2020 17:13:27
03 May 2020 19:43:36,Run,77.66,03 May 2020 19:48:39
04 May 2020 18:59:33,Idle,91.56,04 May 2020 19:07:00
07 May 2020 03:52:21,Measure,76.91,07 May 2020 03:56:54
11 May 2020 12:50:38,Run,57.95,11 May 2020 12:54:23
13 May 2020 09:10:17,Alert,87.46,13 May 2020 09:12:15
15 May 2020 06:02:42,Stop,72.54,15 May 2020 06:12:05
16 May 2020 04:16:28,Measure,10.95,16 May 2020 04:19:30
17 May 2020 22:17:22,Alert,45.47,17 May 2020 22:25:14
18 May 2020 00:17:35,Start,86.59,18 May 2020 00:20:53
19 May 2020 02:40:31,Alert,41.13,19 May 2020 02:45:19
19 May 2020 14:59:10,Measure,13.17,19 May 2020 15:04:43
21 May 2020 03:18:49,Measure,77.16,21 May 2020 03:27:07
22 May 2020 01:52:00,Start,82.18,22 May 2020 01:54:57
23 May 2020 21:40:38,Alert,24.45,23 May 2020 21:49:40
24 May 2020 10:39:41,Alert,58.36,24 May 2020 10:47:15
25 May 2020 03:39:35,Start,27.28,25 May 2020 03:48:14
25 May 2020 09:58:46,Alert,74.73,25 May 2020 10:01:03
26 May 2020 22:51:28,Run,34.44,26 May 2020 22:59:19
29 May 2020 07:51:05,Start,38.46,29 May 2020 07:53:19
30 May 2020 10:33:37,Stop,86.05,30 May 2020 10:39:31
30 May 2020 17:17:50,Measure,52.87,30 May 2020 17:19:10
01 Jun 2020 18:51:14,Stop,70.28,01 Jun 2020 18:55:04
03 Jun 2020 03:21:55,Run,46.21,03 Jun 2020 03:23:09
03 Jun 2020 14:10:32,Run,36.82,03 Jun 2020 14:15:02
04 Jun 2020 01:44:35,Idle,66.29,04 Jun 2020 01:47:00
04 Jun 2020 21:21:39,Idle,23.94,04 Jun 2020 21:25:07
04 Jun 2020 22:51:24,Idle,43.57,04 Jun 2020 22:58:35
06 Jun 2020 02:50:56,Start,28.81,06 Jun 2020 02:59:55
06 Jun 2020 17:29:35,Alert,72.62,06 Jun 2020 17:33:05
07 Jun 2020 11:38:10,Run,94.98,07 Jun 2020 11:41:30
07 Jun 2020 16:20:25,Stop,99.6,07 Jun 2020 16:22:33
10 Jun 2020 07:22:10,Stop,50.52,10 Jun 2020 07:27:29
10 Jun 2020 20:32:22,Stop,32.73,10 Jun 2020 20:42:02
11 Jun 2020 12:33:28,Stop,49.85,11 Jun 2020 12:40:38
11 Jun 2020 17:01:11,Idle,86.25,11 Jun 2020 17:09:09
12 Jun 2020 03:02:44,Stop,28.54,12 Jun 2020 03:05:24
12 Jun 2020 14:46:45,Alert,95.69,12 Jun 2020 14:51:47
13 Jun 2020 15:04:47,Idle,40.77,13 Jun 2020 15:14:18
14 Jun 2020 07:54:10,Stop,98.72,14 Jun 2020 07:56:44
15 Jun 2020 13:22:34,Start,85.47,15 Jun 2020 13:27:19
16 Jun 2020 18:24:34,Measure,82.77,16 Jun 2020 18:34:11
17 Jun 2020 00:41:42,Measure,38.61,17 Jun 2020 00:46:15
19 Jun 2020 03:26:27,Measure,10.79,19 Jun 2020 03:28:33
20 Jun 2020 00:24:14,Idle,44.39,20 Jun 2020 00:31:49
21 Jun 2020 14:23:04,Stop,37.16,21 Jun 2020 14:24:15
23 Jun 2020 23:08:46,Run,13.37,23 Jun 2020 23:13:42
25 Jun 2020 02:16:26,Run,55.48,25 Jun 2020 02:24:04
25 Jun 2020 09:14:27,Run,46.27,25 Jun 2020 09:22:13
25 Jun 2020 18:15:18,Idle,67.11,25 Jun 2020 18:24:17
26 Jun 2020 13:08:30,Alert,65.91,26 Jun 2020 13:13:11
27 Jun 2020 04:01:15,Start,20.87,27 Jun 2020 04:04:50
29 Jun 2020 13:14:51,Start,97.93,29 Jun 2020 13:22:58
29 Jun 2020 17:23:34,Measure,26.82,29 Jun 2020 17:27:11
01 Jul 2020 00:24:19,Measure,50.07,01 Jul 2020 00:32:14
01 Jul 2020 04:44:33,Run,53.93,01 Jul 2020 04:50:58
02 Jul 2020 09:26:27,Run,83.18,02 Jul 2020 09:33:37
03 Jul 2020 16:10:43,Measure,18.93,03 Jul 2020 16:17:26
04 Jul 2020 14:55:06,Stop,48.58,04 Jul 2020 15:00:27
06 Jul 2020 08:21:02,Alert,66.57,06 Jul 2020 08:26:44
06 Jul 2020 08:53:48,Alert,29.36,06 Jul 2020 08:58:36
11 Jul 2020 06:48:31,Alert,66.47,11 Jul 2020 06:54:10
12 Jul 2020 23:39:54,Alert,93.13,12 Jul 2020 23:45:43
14 Jul 2020 03:59:42,Measure,99.78,14 Jul 2020 04:01:28
14 Jul 2020 17:56:26,Start,12.92,14 Jul 2020 18:00:59
16 Jul 2020 15:04:59,Measure,31.2,16 Jul 2020 15:06:22
19 Jul 2020 11:27:22,Alert,37.93,19 Jul 2020 11:33:42
19 Jul 2020 20:28:51,Measure,45.92,19 Jul 2020 20:34:24
21 Jul 2020 15:52:18,Alert,31.8,21 Jul 2020 15:58:30
22 Jul 2020 03:41:48,Idle,28.31,22 Jul 2020 03:48:50
23 Jul 2020 01:45:57,Run,95.91,23 Jul 2020 01:53:16
23 Jul 2020 16:53:46,Start,92.67,23 Jul 2020 17:02:35
26 Jul 2020 12:18:18,Idle,14.23,26 Jul 2020 12:21:13
27 Jul 2020 11:29:58,Stop,40.49,27 Jul 2020 11:31:39
30 Jul 2020 01:25:32,Measure,46.46,30 Jul 2020 01:32:50
30 Jul 2020 19:50:47,Stop,31.51,30 Jul 2020 19:55:12
02 Aug 2020 08:29:31,Measure,66.6,02 Aug 2020 08:38:16
03 Aug 2020 06:08:44,Run,67.63,03 Aug 2020 06:14:23
04 Aug 2020 12:34:16,Idle,86.55,04 Aug 2020 12:37:13
04 Aug 2020 16:45:53,Run,76.68,04 Aug 2020 16:50:49
06 Aug 2020 09:10:29,Alert,58.83,06 Aug 2020 09:16:37
08 Aug 2020 04:41:36,Run,68.82,08 Aug 2020 04:50:11
09 Aug 2020 04:34:23,Run,34.66,09 Aug 2020 04:43:17
09 Aug 2020 14:05:09,Alert,63.38,09 Aug 2020 14:07:48
10 Aug 2020 18:26:26,Measure,54.03,10 Aug 2020 18:31:46
12 Aug 2020 06:08:11,Alert,22.0,12 Aug 2020 06:14:15
13 Aug 2020 08:35:11,Idle,31.83,13 Aug 2020 08:42:04
14 Aug 2020 07:33:10,Run,36.25,14 Aug 2020 07:38:55
14 Aug 2020 19:26:38,Alert,93.19,14 Aug 2020 19:33:05
17 Aug 2020 00:24:04,Run,30.73,17 Aug 2020 00:26:46
17 Aug 2020 00:28:23,Idle,36.03,17 Aug 2020 00:30:25
17 Aug 2020 12:00:38,Stop,43.24,17 Aug 2020 12:06:19
17 Aug 2020 14:42:38,Idle,69.74,17 Aug 2020 14:50:58
20 Aug 2020 15:40:40,Start,20.64,20 Aug 2020 15:46:32
23 Aug 2020 08:05:28,Start,95.86,23 Aug 2020 08:06:34
24 Aug 2020 04:46:56,Start,87.9,24 Aug 2020 04:49:27
24 Aug 2020 05:41:02,Run,61.95,24 Aug 2020 05:45:11
26 Aug 2020 20:57:56,Measure,70.66,26 Aug 2020 21:06:51
27 Aug 2020 02:25:59,Measure,11.5,27 Aug 2020 02:35:29
27 Aug 2020 15:16:08,Measure,40.51,27 Aug 2020 15:24:49
28 Aug 2020 19:23:40,Run,81.61,28 Aug 2020 19:25:32
28 Aug 2020 20:26:27,Idle,16.97,28 Aug 2020 20:35:32
29 Aug 2020 07:24:43,Measure,35.41,29 Aug 2020 07:33:52
29 Aug 2020 22:00:06,Stop,62.68,29 Aug 2020 22:07:09
31 Aug 2020 02:48:23,Start,33.08,31 Aug 2020 02:51:14
31 Aug 2020 23:17:24,Idle,94.06,31 Aug 2020 23:25:12
02 Sep 2020 14:13:07,Start,21.8,02 Sep 2020 14:14:13
02 Sep 2020 22:35:05,Measure,81.77,02 Sep 2020 22:39:21
04 Sep 2020 00:01:09,Idle,55.72,04 Sep 2020 00:08:15
04 Sep 2020 12:16:21,Alert,77.53,04 Sep 2020 12:21:30
04 Sep 2020 21:58:17,Stop,37.96,04 Sep 2020 22:03:16
06 Sep 2020 20:54:47,Measure,56.3,06 Sep 2020 21:02:06
08 Sep 2020 00:31:33,Measure,87.12,08 Sep 2020 00:40:23
08 Sep 2020 01:22:46,Stop,52.02,08 Sep 2020 01:31:20
08 Sep 2020 05:37:22,Stop,42.37,08 Sep 2020 05:44:27
08 Sep 2020 06:21:04,Alert,58.25,08 Sep 2020 06:26:53
09 Sep 2020 23:38:28,Measure,74.56,09 Sep 2020 23:46:10
10 Sep 2020 04:19:55,Run,49.92,10 Sep 2020 04:21:52
11 Sep 2020 09:14:58,Measure,94.5,11 Sep 2020 09:24:38
11 Sep 2020 17:51:07,Start,36.55,11 Sep 2020 17:57:10
12 Sep 2020 04:38:49,Idle,52.79,12 Sep 2020 04:41:43
13 Sep 2020 11:08:35,Idle,78.12,13 Sep 2020 11:13:04
15 Sep 2020 05:30:47,Start,72.02,15 Sep 2020 05:32:27
17 Sep 2020 02:40:06,Idle,87.73,17 Sep 2020 02:43:58
20 Sep 2020 08:55:22,Stop,99.71,20 Sep 2020 09:00:15
22 Sep 2020 06:32:10,Idle,48.42,22 Sep 2020 06:39:52
25 Sep 2020 16:19:13,Idle,20.0,25 Sep 2020 16:20:51
26 Sep 2020 03:30:22,Start,12.74,26 Sep 2020 03:33:20
28 Sep 2020 20:23:41,Alert,75.42,28 Sep 2020 20:30:15
29 Sep 2020 03:05:30,Idle,88.66,29 Sep 2020 03:12:05
29 Sep 2020 12:56:09,Run,29.86,29 Sep 2020 13:06:07
29 Sep 2020 12:56:17,Idle,24.26,29 Sep 2020 12:58:30
30 Sep 2020 11:15:45,Alert,15.6,30 Sep 2020 11:19:55
30 Sep 2020 15:09:23,Start,84.04,30 Sep 2020 15:15:46
01 Oct 2020 18:50:19,Alert,38.02,01 Oct 2020 18:53:45
02 Oct 2020 01:58:11,Start,46.15,02 Oct 2020 02:03:54
02 Oct 2020 20:53:57,Stop,55.25,02 Oct 2020 20:58:29
03 Oct 2020 11:36:09,Start,85.55,03 Oct 2020 11:43:42
03 Oct 2020 19:33:16,Stop,68.57,03 Oct 2020 19:39:54
04 Oct 2020 14:40:03,Stop,65.36,04 Oct 2020 14:41:24
08 Oct 2020 12:58:17,Start,25.81,08 Oct 2020 13:01:01
09 Oct 2020 00:09:49,Run,56.19,09 Oct 2020 00:18:34
09 Oct 2020 02:19:35,Measure,74.38,09 Oct 2020 02:28:13
10 Oct 2020 04:04:35,Start,97.59,10 Oct 2020 04:12:46
12 Oct 2020 19:18:59,Idle,28.13,12 Oct 2020 19:23:39
13 Oct 2020 10:23:00,Run,10.86,13 Oct 2020 10:30:18
14 Oct 2020 12:50:35,Run,16.78,14 Oct 2020 12:55:16
15 Oct 2020 03:30:28,Idle,43.83,15 Oct 2020 03:35:45
15 Oct 2020 12:33:04,Measure,83.85,15 Oct 2020 12:40:10
17 Oct 2020 01:36:34,Run,10.64,17 Oct 2020 01:43:22
17 Oct 2020 17:16:16,Stop,51.11,17 Oct 2020 17:21:00
19 Oct 2020 04:12:20,Measure,39.63,19 Oct 2020 04:17:15
19 Oct 2020 07:37:21,Idle,14.72,19 Oct 2020 07:41:23
21 Oct 2020 09:22:19,Measure,50.52,21 Oct 2020 09:30:42
21 Oct 2020 20:44:19,Start,32.93,21 Oct 2020 20:45:24
22 Oct 2020 01:08:28,Measure,41.67,22 Oct 2020 01:13:23
22 Oct 2020 07:24:28,Stop,73.51,22 Oct 2020 07:27:34
22 Oct 2020 19:10:04,Start,56.94,22 Oct 2020 19:12:47
23 Oct 2020 12:24:06,Alert,21.22,23 Oct 2020 12:33:05
23 Oct 2020 22:57:19,Idle,96.53,23 Oct 2020 23:00:53
24 Oct 2020 19:52:14,Idle,67.23,24 Oct 2020 19:57:30
26 Oct 2020 17:44:42,Measure,78.93,26 Oct 2020 17:49:36
29 Oct 2020 01:48:20,Run,17.13,29 Oct 2020 01:57:39
31 Oct 2020 07:46:51,Start,14.24,31 Oct 2020 07:52:39
04 Nov 2020 16:01:25,Alert,11.75,04 Nov 2020 16:10:54
06 Nov 2020 04:53:09,Start,26.99,06 Nov 2020 04:59:06
06 Nov 2020 21:03:44,Idle,47.3,06 Nov 2020 21:07:00
07 Nov 2020 01:27:17,Start,94.22,07 Nov 2020 01:34:32
08 Nov 2020 13:51:39,Alert,51.14,08 Nov 2020 13:54:05
09 Nov 2020 10:49:18,Run,36.12,09 Nov 2020 10:57:16
10 Nov 2020 16:21:07,Measure,60.57,10 Nov 2020 16:25:25
10 Nov 2020 21:04:44,Stop,20.07,10 Nov 2020 21:13:26
12 Nov 2020 22:03:39,Start,64.86,12 Nov 2020 22:11:55
13 Nov 2020 02:29:30,Stop,61.16,13 Nov 2020 02:35:39
14 Nov 2020 08:03:45,Idle,81.28,14 Nov 2020 08:09:25
14 Nov 2020 16:24:01,Measure,98.8,14 Nov 2020 16:30:23
15 Nov 2020 13:14:29,Measure,32.58,15 Nov 2020 13:18:00
15 Nov 2020 15:15:24,Start,55.87,15 Nov 2020 15:21:25
15 Nov 2020 21:30:12,Run,91.8,15 Nov 2020 21:35:49
18 Nov 2020 21:30:30,Measure,80.67,18 Nov 2020 21:31:37
20 Nov 2020 16:19:53,Start,53.87,20 Nov 2020 16:24:47
20 Nov 2020 18:05:51,Start,95.08,20 Nov 2020 18:11:52
21 Nov 2020 03:42:07,Stop,15.15,21 Nov 2020 03:43:44
21 Nov 2020 10:00:38,Measure,93.79,21 Nov 2020 10:03:53
23 Nov 2020 03:47:22,Start,14.55,23 Nov 2020 03:55:22
24 Nov 2020 06:21:11,Stop,59.26,24 Nov 2020 06:25:49
24 Nov 2020 20:17:38,Alert,90.14,24 Nov 2020 20:24:25
25 Nov 2020 06:07:41,Stop,33.64,25 Nov 2020 06:09:59
26 Nov 2020 04:44:28,Stop,52.5,26 Nov 2020 04:50:00
27 Nov 2020 05:34:13,Start,39.19,27 Nov 2020 05:37:53
28 Nov 2020 02:45:04,Idle,95.69,28 Nov 2020 02:51:11
28 Nov 2020 19:51:01,Idle,84.13,28 Nov 2020 19:58:14
30 Nov 2020 04:53:06,Run,73.81,30 Nov 2020 04:54:14
01 Dec 2020 05:18:11,Idle,62.89,01 Dec 2020 05:26:34
01 Dec 2020 19:26:53,Stop,83.85,01 Dec 2020 19:29:45
02 Dec 2020 11:52:01,Run,45.3,02 Dec 2020 11:56:25
05 Dec 2020 05:58:39,Start,50.28,05 Dec 2020 06:06:23
05 Dec 2020 20:01:07,Measure,75.7,05 Dec 2020 20:05:23
06 Dec 2020 07:49:24,Stop,42.2,06 Dec 2020 07:52:18
07 Dec 2020 21:43:42,Stop,15.75,07 Dec 2020 21:46:42
08 Dec 2020 16:57:45,Run,16.69,08 Dec 2020 16:59:49
10 Dec 2020 02:53:00,Start,20.38,10 Dec 2020 02:58:35
10 Dec 2020 21:08:33,Alert,88.27,10 Dec 2020 21:13:31
11 Dec 2020 08:52:14,Stop,52.5,11 Dec 2020 08:58:15
12 Dec 2020 05:57:18,Alert,74.16,12 Dec 2020 06:04:49
12 Dec 2020 20:45:14,Alert,45.36,12 Dec 2020 20:54:55
13 Dec 2020 02:39:58,Idle,33.28,13 Dec 2020 02:47:06
14 Dec 2020 01:12:31,Start,41.25,14 Dec 2020 01:17:23
15 Dec 2020 09:02:00,Alert,81.48,15 Dec 2020 09:06:14
16 Dec 2020 08:43:37,Start,66.27,16 Dec 2020 08:44:48
17 Dec 2020 09:46:20,Idle,94.39,17 Dec 2020 09:50:16
18 Dec 2020 01:39:32,Start,71.17,18 Dec 2020 01:44:08
18 Dec 2020 06:41:46,Stop,61.32,18 Dec 2020 06:42:56
21 Dec 2020 12:44:07,Alert,64.92,21 Dec 2020 12:52:32
21 Dec 2020 14:47:11,Start,94.81,21 Dec 2020 14:50:54
22 Dec 2020 00:36:33,Measure,80.94,22 Dec 2020 00:38:25
22 Dec 2020 05:03:18,Start,12.16,22 Dec 2020 05:07:55
25 Dec 2020 19:27:20,Alert,58.07,25 Dec 2020 19:34:19
26 Dec 2020 12:16:21,Idle,71.95,26 Dec 2020 12:23:45
27 Dec 2020 13:44:20,Idle,77.38,27 Dec 2020 13:46:15
28 Dec 2020 00:36:05,Alert,29.18,28 Dec 2020 00:39:02
28 Dec 2020 00:55:52,Stop,88.05,28 Dec 2020 01:01:04
28 Dec 2020 01:11:35,Stop,96.03,28 Dec 2020 01:15:34
30 Dec 2020 07:55:35,Idle,31.3,30 Dec 2020 08:03:29
02 Jan 2021 16:04:18,Idle,89.44,02 Jan 2021 16:09:12
02 Jan 2021 21:24:55,Alert,18.73,02 Jan 2021 21:27:14
03 Jan 2021 02:02:40,Stop,15.01,03 Jan 2021 02:04:01
06 Jan 2021 01:25:31,Idle,21.63,06 Jan 2021 01:34:27
06 Jan 2021 07:19:42,Stop,15.2,06 Jan 2021 07:28:01
08 Jan 2021 06:34:07,Idle,86.05,08 Jan 2021 06:36:39
08 Jan 2021 22:36:44,Start,15.31,08 Jan 2021 22:40:55
09 Jan 2021 01:58:28,Measure,34.45,09 Jan 2021 02:01:10
09 Jan 2021 04:26:38,Run,19.34,09 Jan 2021 04:34:13
11 Jan 2021 04:22:50,Start,36.59,11 Jan 2021 04:23:56
11 Jan 2021 12:42:06,Run,18.15,11 Jan 2021 12:46:56
13 Jan 2021 04:51:59,Idle,70.12,13 Jan 2021 04:56:58
17 Jan 2021 15:04:30,Measure,22.0,17 Jan 2021 15:06:59
18 Jan 2021 07:54:28,Measure,86.67,18 Jan 2021 07:59:19
21 Jan 2021 07:54:15,Idle,83.55,21 Jan 2021 08:02:51
24 Jan 2021 22:37:57,Idle,11.23,24 Jan 2021 22:42:49
29 Jan 2021 01:03:51,Stop,90.62,29 Jan 2021 01:10:44
29 Jan 2021 07:26:25,Idle,12.6,29 Jan 2021 07:32:57
01 Feb 2021 05:51:14,Alert,31.57,01 Feb 2021 05:59:32
02 Feb 2021 15:32:10,Idle,12.92,02 Feb 2021 15:39:24
03 Feb 2021 21:18:45,Alert,40.23,03 Feb 2021 21:24:36
04 Feb 2021 09:59:58,Idle,56.25,04 Feb 2021 10:06:42
04 Feb 2021 12:03:18,Stop,81.7,04 Feb 2021 12:11:25
04 Feb 2021 14:53:17,Alert,40.42,04 Feb 2021 14:56:26
06 Feb 2021 02:21:09,Start,73.49,06 Feb 2021 02:24:29
06 Feb 2021 02:24:10,Alert,26.88,06 Feb 2021 02:32:04
07 Feb 2021 21:05:15,Stop,77.55,07 Feb 2021 21:07:47
08 Feb 2021 17:35:06,Run,31.24,08 Feb 2021 17:40:49
09 Feb 2021 09:55:32,Alert,22.92,09 Feb 2021 10:00:14
11 Feb 2021 02:28:34,Idle,26.69,11 Feb 2021 02:37:16
11 Feb 2021 10:24:16,Idle,26.39,11 Feb 2021 10:29:51
12 Feb 2021 02:49:22,Run,56.16,12 Feb 2021 02:52:41
13 Feb 2021 17:26:36,Stop,86.03,13 Feb 2021 17:33:32
15 Feb 2021 06:47:19,Measure,17.16,15 Feb 2021 06:48:41
15 Feb 2021 16:25:06,Idle,73.63,15 Feb 2021 16:30:35
20 Feb 2021 10:38:29,Start,68.89,20 Feb 2021 10:45:01
22 Feb 2021 03:35:29,Stop,88.53,22 Feb 2021 03:37:53
22 Feb 2021 18:59:29,Alert,31.97,22 Feb 2021 19:00:59
25 Feb 2021 14:14:51,Alert,50.51,25 Feb 2021 14:19:50
28 Feb 2021 00:36:34,Start,93.32,28 Feb 2021 00:43:36
02 Mar 2021 07:09:38,Idle,69.4,02 Mar 2021 07:17:06
03 Mar 2021 02:09:37,Stop,44.99,03 Mar 2021 02:15:35
03 Mar 2021 12:40:05,Start,21.83,03 Mar 2021 12:47:15
05 Mar 2021 05:41:46,Idle,33.62,05 Mar 2021 05:44:24
06 Mar 2021 19:10:01,Stop,62.31,06 Mar 2021 19:11:47
08 Mar 2021 10:50:27,Alert,74.64,08 Mar 2021 10:58:28
08 Mar 2021 23:57:12,Stop,21.2,09 Mar 2021 00:06:11
09 Mar 2021 01:20:39,Run,63.96,09 Mar 2021 01:22:40
09 Mar 2021 06:26:00,Measure,59.53,09 Mar 2021 06:28:48
09 Mar 2021 11:09:29,Stop,56.26,09 Mar 2021 11:12:27
10 Mar 2021 18:02:58,Measure,72.11,10 Mar 2021 18:10:19
11 Mar 2021 11:38:47,Stop,85.37,11 Mar 2021 11:46:18
11 Mar 2021 16:51:56,Measure,39.07,11 Mar 2021 16:53:47
12 Mar 2021 10:02:04,Run,90.01,12 Mar 2021 10:07:52
13 Mar 2021 17:57:00,Alert,24.46,13 Mar 2021 18:03:36
13 Mar 2021 21:41:00,Idle,25.57,13 Mar 2021 21:45:23
13 Mar 2021 23:36:54,Measure,34.01,13 Mar 2021 23:41:51
17 Mar 2021 20:49:34,Run,20.76,17 Mar 2021 20:56:55
20 Mar 2021 12:07:37,Measure,30.73,20 Mar 2021 12:10:52
23 Mar 2021 18:57:51,Alert,19.58,23 Mar 2021 19:05:37
24 Mar 2021 19:53:21,Measure,83.96,24 Mar 2021 20:02:48
25 Mar 2021 12:17:34,Run,22.51,25 Mar 2021 12:24:35
25 Mar 2021 16:55:33,Run,77.26,25 Mar 2021 17:02:53
25 Mar 2021 20:21:42,Start,14.31,25 Mar 2021 20:26:55
25 Mar 2021 23:48:04,Alert,95.37,25 Mar 2021 23:57:00
27 Mar 2021 17:08:12,Start,74.0,27 Mar 2021 17:11:05
27 Mar 2021 23:53:15,Alert,10.61,27 Mar 2021 23:54:34
29 Mar 2021 02:52:07,Measure,78.75,29 Mar 2021 03:01:54
02 Apr 2021 02:11:43,Run,56.27,02 Apr 2021 02:15:07
03 Apr 2021 01:21:28,Start,80.14,03 Apr 2021 01:25:55
03 Apr 2021 22:12:08,Measure,57.02,03 Apr 2021 22:21:58
05 Apr 2021 02:53:03,Run,67.69,05 Apr 2021 03:00:18
05 Apr 2021 03:08:05,Alert,80.77,05 Apr 2021 03:17:28
05 Apr 2021 20:08:46,Run,46.46,05 Apr 2021 20:12:31
10 Apr 2021 01:08:07,Measure,10.24,10 Apr 2021 01:12:07
11 Apr 2021 16:47:31,Start,86.5,11 Apr 2021 16:55:54
12 Apr 2021 06:46:25,Start,44.28,12 Apr 2021 06:52:56
14 Apr 2021 08:56:38,Run,54.64,14 Apr 2021 09:06:00
17 Apr 2021 01:01:29,Measure,10.7,17 Apr 2021 01:03:47
17 Apr 2021 23:50:35,Stop,54.29,17 Apr 2021 23:58:10
19 Apr 2021 03:33:31,Alert,98.78,19 Apr 2021 03:36:13
21 Apr 2021 00:55:59,Alert,35.04,21 Apr 2021 01:03:40
21 Apr 2021 13:36:30,Measure,45.59,21 Apr 2021 13:41:13
22 Apr 2021 10:57:20,Stop,71.85,22 Apr 2021 11:06:57
22 Apr 2021 18:27:38,Start,83.33,22 Apr 2021 18:32:33
23 Apr 2021 06:07:36,Idle,47.57,23 Apr 2021 06:15:42
24 Apr 2021 18:07:15,Idle,37.87,24 Apr 2021 18:10:10
25 Apr 2021 06:34:30,Measure,94.4,25 Apr 2021 06:38:12
25 Apr 2021 09:13:58,Stop,70.94,25 Apr 2021 09:18:43
25 Apr 2021 17:45:44,Stop,20.71,25 Apr 2021 17:50:33
26 Apr 2021 09:35:40,Alert,16.2,26 Apr 2021 09:39:41
26 Apr 2021 12:54:10,Start,53.52,26 Apr 2021 12:59:18
29 Apr 2021 05:33:13,Run,29.81,29 Apr 2021 05:39:30
29 Apr 2021 19:39:12,Stop,32.86,29 Apr 2021 19:43:41
01 May 2021 02:03:05,Run,88.99,01 May 2021 02:10:36
01 May 2021 02:34:35,Idle,18.06,01 May 2021 02:37:10
02 May 2021 06:51:57,Run,74.38,02 May 2021 06:54:22
03 May 2021 13:25:48,Start,34.4,03 May 2021 13:33:42
04 May 2021 20:17:13,Start,78.43,04 May 2021 20:24:46
04 May 2021 21:36:50,Run,75.02,04 May 2021 21:46:10
11 May 2021 20:05:07,Measure,10.67,11 May 2021 20:08:19
12 May 2021 23:46:09,Stop,55.82,12 May 2021 23:52:22
13 May 2021 11:55:49,Measure,22.54,13 May 2021 12:00:29
14 May 2021 10:31:48,Run,87.96,14 May 2021 10:40:05
16 May 2021 02:04:50,Stop,88.44,16 May 2021 02:06:35
17 May 2021 02:56:31,Alert,47.65,17 May 2021 03:00:42
18 May 2021 06:54:19,Measure,50.0,18 May 2021 07:03:58
19 May 2021 00:33:52,Measure,37.3,19 May 2021 00:41:10
19 May 2021 04:53:39,Run,74.49,19 May 2021 05:00:12
20 May 2021 01:02:57,Idle,42.28,20 May 2021 01:04:35
20 May 2021 02:27:38,Run,34.1,20 May 2021 02:33:30
20 May 2021 13:56:02,Measure,48.9,20 May 2021 13:59:43
21 May 2021 12:11:19,Stop,18.23,21 May 2021 12:17:49
22 May 2021 14:05:33,Idle,77.19,22 May 2021 14:08:16
22 May 2021 17:13:42,Run,11.13,22 May 2021 17:17:22
22 May 2021 20:31:37,Run,68.0,22 May 2021 20:33:30
23 May 2021 08:46:26,Measure,26.46,23 May 2021 08:47:59
24 May 2021 11:43:35,Measure,30.92,24 May 2021 11:48:36
26 May 2021 05:52:51,Alert,67.21,26 May 2021 05:55:43
28 May 2021 10:55:33,Run,99.36,28 May 2021 11:01:50
28 May 2021 15:29:19,Measure,79.99,28 May 2021 15:30:41
29 May 2021 18:30:40,Start,30.33,29 May 2021 18:33:37
30 May 2021 08:24:36,Idle,25.84,30 May 2021 08:29:07
01 Jun 2021 01:32:23,Start,87.96,01 Jun 2021 01:40:20
01 Jun 2021 16:48:41,Idle,49.98,01 Jun 2021 16:51:33
02 Jun 2021 04:41:25,Run,22.33,02 Jun 2021 04:43:08
03 Jun 2021 22:43:02,Alert,87.6,03 Jun 2021 22:46:09
06 Jun 2021 11:51:30,Measure,83.45,06 Jun 2021 11:55:07
08 Jun 2021 01:20:19,Measure,98.55,08 Jun 2021 01:27:52
09 Jun 2021 17:14:00,Measure,91.88,09 Jun 2021 17:23:31
09 Jun 2021 23:20:07,Run,86.66,09 Jun 2021 23:21:51
10 Jun 2021 16:56:40,Idle,14.73,10 Jun 2021 16:59:27
10 Jun 2021 21:56:14,Measure,19.4,10 Jun 2021 22:00:52
14 Jun 2021 04:06:21,Start,61.21,14 Jun 2021 04:14:43
15 Jun 2021 07:39:31,Measure,57.83,15 Jun 2021 07:45:45
15 Jun 2021 12:06:46,Run,51.22,15 Jun 2021 12:10:42
15 Jun 2021 19:43:49,Alert,45.71,15 Jun 2021 19:48:36
16 Jun 2021 02:59:16,Start,48.81,16 Jun 2021 03:04:42
16 Jun 2021 14:01:30,Measure,61.24,16 Jun 2021 14:08:48
16 Jun 2021 14:23:02,Measure,10.19,16 Jun 2021 14:32:10
17 Jun 2021 01:16:12,Stop,33.46,17 Jun 2021 01:22:01
18 Jun 2021 11:04:53,Idle,56.65,18 Jun 2021 11:11:49
19 Jun 2021 12:56:32,Start,75.0,19 Jun 2021 13:00:55
21 Jun 2021 10:07:44,Stop,25.67,21 Jun 2021 10:12:16
26 Jun 2021 15:32:34,Alert,59.22,26 Jun 2021 15:38:56
27 Jun 2021 21:21:28,Idle,74.3,27 Jun 2021 21:25:28
28 Jun 2021 00:00:29,Start,50.02,28 Jun 2021 00:09:47
28 Jun 2021 11:58:47,Measure,12.44,28 Jun 2021 12:05:06
28 Jun 2021 22:03:45,Start,50.43,28 Jun 2021 22:06:07
29 Jun 2021 17:55:41,Measure,36.68,29 Jun 2021 18:01:43
30 Jun 2021 08:51:49,Idle,93.67,30 Jun 2021 08:57:10
30 Jun 2021 23:01:46,Measure,21.22,30 Jun 2021 23:06:05
01 Jul 2021 17:03:59,Alert,68.72,01 Jul 2021 17:08:58
02 Jul 2021 07:47:27,Run,14.74,02 Jul 2021 07:53:21
03 Jul 2021 05:24:16,Measure,50.16,03 Jul 2021 05:33:47
03 Jul 2021 09:49:08,Alert,59.86,03 Jul 2021 09:56:43
05 Jul 2021 02:14:45,Run,36.82,05 Jul 2021 02:18:02
06 Jul 2021 02:28:35,Idle,50.96,06 Jul 2021 02:31:43
06 Jul 2021 22:59:01,Idle,24.72,06 Jul 2021 23:00:49
08 Jul 2021 03:42:23,Start,37.37,08 Jul 2021 03:48:15
09 Jul 2021 20:22:31,Alert,65.9,09 Jul 2021 20:32:26
11 Jul 2021 17:52:13,Alert,37.16,11 Jul 2021 17:58:23
12 Jul 2021 22:19:18,Stop,90.98,12 Jul 2021 22:29:14
14 Jul 2021 01:22:31,Stop,66.56,14 Jul 2021 01:27:24
14 Jul 2021 16:08:12,Run,49.48,14 Jul 2021 16:12:40
15 Jul 2021 14:17:36,Run,13.49,15 Jul 2021 14:20:09
15 Jul 2021 20:26:45,Stop,54.96,15 Jul 2021 20:33:11
16 Jul 2021 16:46:24,Run,78.83,16 Jul 2021 16:51:08
17 Jul 2021 22:53:37,Measure,33.9,17 Jul 2021 22:54:47
19 Jul 2021 18:49:41,Stop,82.61,19 Jul 2021 18:56:09
21 Jul 2021 13:00:47,Alert,32.66,21 Jul 2021 13:01:58
23 Jul 2021 04:13:36,Measure,84.14,23 Jul 2021 04:15:10
24 Jul 2021 06:17:25,Run,17.67,24 Jul 2021 06:25:51
25 Jul 2021 15:04:05,Idle,87.96,25 Jul 2021 15:12:36
27 Jul 2021 14:17:05,Start,54.93,27 Jul 2021 14:21:44
31 Jul 2021 12:42:38,Stop,36.69,31 Jul 2021 12:50:58
01 Aug 2021 13:22:11,Idle,33.86,01 Aug 2021 13:32:05
03 Aug 2021 09:51:30,Run,48.88,03 Aug 2021 09:56:18
06 Aug 2021 03:55:35,Alert,99.91,06 Aug 2021 04:02:18
06 Aug 2021 06:31:02,Start,29.83,06 Aug 2021 06:33:21
06 Aug 2021 17:19:02,Idle,19.29,06 Aug 2021 17:25:54
08 Aug 2021 03:51:44,Start,62.65,08 Aug 2021 03:59:19
09 Aug 2021 16:48:49,Stop,53.97,09 Aug 2021 16:54:38
10 Aug 2021 11:41:32,Run,57.18,10 Aug 2021 11:50:06
11 Aug 2021 00:59:55,Alert,70.02,11 Aug 2021 01:03:02
11 Aug 2021 15:30:57,Run,34.04,11 Aug 2021 15:37:55
11 Aug 2021 20:36:14,Start,91.96,11 Aug 2021 20:46:00
12 Aug 2021 02:08:03,Idle,49.21,12 Aug 2021 02:14:15
13 Aug 2021 17:42:20,Stop,21.62,13 Aug 2021 17:44:34
14 Aug 2021 07:02:07,Stop,76.81,14 Aug 2021 07:06:22
16 Aug 2021 09:06:08,Run,67.88,16 Aug 2021 09:07:36
17 Aug 2021 05:16:11,Idle,38.42,17 Aug 2021 05:17:26
18 Aug 2021 02:34:18,Idle,65.94,18 Aug 2021 02:42:20
19 Aug 2021 18:54:04,Start,29.79,19 Aug 2021 19:01:48
23 Aug 2021 23:17:01,Run,50.04,23 Aug 2021 23:26:51
24 Aug 2021 05:32:22,Run,90.95,24 Aug 2021 05:34:38
24 Aug 2021 15:43:16,Measure,22.02,24 Aug 2021 15:48:04
24 Aug 2021 15:56:19,Run,44.8,24 Aug 2021 16:02:15
25 Aug 2021 10:54:52,Stop,83.9,25 Aug 2021 11:04:21
25 Aug 2021 16:52:16,Start,97.25,25 Aug 2021 17:02:13
26 Aug 2021 09:42:30,Idle,50.85,26 Aug 2021 09:48:55
26 Aug 2021 20:34:54,Run,55.63,26 Aug 2021 20:41:56
28 Aug 2021 23:07:43,Start,61.5,28 Aug 2021 23:14:41
29 Aug 2021 17:22:47,Run,93.91,29 Aug 2021 17:29:10
31 Aug 2021 19:12:21,Idle,87.24,31 Aug 2021 19:18:46
02 Sep 2021 03:56:25,Alert,25.35,02 Sep 2021 04:00:09
03 Sep 2021 10:53:02,Idle,49.31,03 Sep 2021 11:01:36
04 Sep 2021 11:07:09,Idle,51.76,04 Sep 2021 11:10:41
04 Sep 2021 13:20:05,Idle,81.02,04 Sep 2021 13:23:11
05 Sep 2021 00:59:30,Run,64.26,05 Sep 2021 01:03:42
05 Sep 2021 11:42:33,Measure,68.88,05 Sep 2021 11:52:22
05 Sep 2021 13:43:58,Idle,99.84,05 Sep 2021 13:45:07
07 Sep 2021 12:53:42,Stop,16.75,07 Sep 2021 12:56:13
08 Sep 2021 09:23:05,Stop,30.07,08 Sep 2021 09:26:23
08 Sep 2021 18:32:26,Start,46.71,08 Sep 2021 18:41:26
11 Sep 2021 21:59:20,Measure,41.3,11 Sep 2021 22:07:48
14 Sep 2021 15:58:57,Start,11.95,14 Sep 2021 16:05:29
16 Sep 2021 07:02:51,Stop,18.26,16 Sep 2021 07:09:30
16 Sep 2021 18:20:13,Stop,71.29,16 Sep 2021 18:22:04
17 Sep 2021 17:13:38,Alert,89.14,17 Sep 2021 17:22:23
19 Sep 2021 20:56:21,Idle,56.28,19 Sep 2021 21:05:15
22 Sep 2021 07:05:51,Stop,58.53,22 Sep 2021 07:13:31
23 Sep 2021 06:37:11,Run,32.96,23 Sep 2021 06:45:29
23 Sep 2021 21:02:39,Run,79.11,23 Sep 2021 21:12:07
24 Sep 2021 13:46:39,Start,77.66,24 Sep 2021 13:50:11
24 Sep 2021 19:35:47,Start,62.95,24 Sep 2021 19:45:20
25 Sep 2021 03:04:10,Idle,29.14,25 Sep 2021 03:13:32
25 Sep 2021 11:28:20,Idle,18.73,25 Sep 2021 11:29:25
25 Sep 2021 15:07:39,Alert,15.78,25 Sep 2021 15:16:58
27 Sep 2021 00:08:57,Measure,63.34,27 Sep 2021 00:11:54
27 Sep 2021 19:30:54,Start,84.25,27 Sep 2021 19:39:58
28 Sep 2021 21:02:33,Idle,87.25,28 Sep 2021 21:11:20
29 Sep 2021 03:49:20,Start,51.73,29 Sep 2021 03:53:00
30 Sep 2021 14:05:04,Idle,80.58,30 Sep 2021 14:10:33
01 Oct 2021 05:35:55,Stop,95.22,01 Oct 2021 05:37:50
02 Oct 2021 12:43:36,Start,34.77,02 Oct 2021 12:48:23
02 Oct 2021 22:21:17,Stop,45.82,02 Oct 2021 22:24:45
03 Oct 2021 03:17:09,Start,93.83,03 Oct 2021 03:18:54
03 Oct 2021 08:32:30,Measure,40.44,03 Oct 2021 08:35:53
04 Oct 2021 08:44:46,Alert,92.25,04 Oct 2021 08:51:25
04 Oct 2021 20:14:03,Run,98.29,04 Oct 2021 20:21:55
04 Oct 2021 21:31:24,Run,69.56,04 Oct 2021 21:41:03
05 Oct 2021 16:21:21,Run,83.52,05 Oct 2021 16:28:04
09 Oct 2021 00:04:59,Stop,77.46,09 Oct 2021 00:12:25
09 Oct 2021 01:34:15,Idle,72.96,09 Oct 2021 01:43:07
09 Oct 2021 03:55:29,Run,37.62,09 Oct 2021 04:01:03
12 Oct 2021 22:49:02,Measure,15.14,12 Oct 2021 22:55:54
13 Oct 2021 18:37:32,Run,40.87,13 Oct 2021 18:39:37
16 Oct 2021 05:48:36,Start,70.02,16 Oct 2021 05:50:54
17 Oct 2021 08:01:58,Stop,19.23,17 Oct 2021 08:06:19
17 Oct 2021 10:05:13,Start,11.07,17 Oct 2021 10:08:05
18 Oct 2021 17:16:17,Start,22.57,18 Oct 2021 17:18:47
19 Oct 2021 16:58:58,Start,74.42,19 Oct 2021 17:02:18
20 Oct 2021 12:41:57,Alert,97.55,20 Oct 2021 12:47:45
21 Oct 2021 16:53:49,Alert,98.48,21 Oct 2021 17:01:39
23 Oct 2021 10:22:08,Idle,54.46,23 Oct 2021 10:29:24
23 Oct 2021 12:05:03,Stop,88.24,23 Oct 2021 12:12:26
24 Oct 2021 07:30:28,Measure,76.31,24 Oct 2021 07:33:59
26 Oct 2021 23:50:01,Measure,55.09,26 Oct 2021 23:56:19
27 Oct 2021 05:27:41,Measure,61.55,27 Oct 2021 05:34:49
27 Oct 2021 09:15:24,Start,22.35,27 Oct 2021 09:24:05
30 Oct 2021 04:31:27,Alert,94.39,30 Oct 2021 04:32:38
03 Nov 2021 04:38:31,Stop,41.67,03 Nov 2021 04:42:06
05 Nov 2021 07:18:16,Start,50.15,05 Nov 2021 07:27:12
06 Nov 2021 23:52:36,Alert,70.45,07 Nov 2021 00:00:16
08 Nov 2021 18:01:24,Alert,40.05,08 Nov 2021 18:05:20
08 Nov 2021 23:18:12,Run,32.88,08 Nov 2021 23:24:52
11 Nov 2021 03:45:12,Run,66.79,11 Nov 2021 03:47:08
13 Nov 2021 08:10:35,Stop,12.25,13 Nov 2021 08:19:02
14 Nov 2021 08:35:54,Stop,74.87,14 Nov 2021 08:40:16
14 Nov 2021 17:14:55,Stop,56.26,14 Nov 2021 17:19:16
16 Nov 2021 03:12:14,Start,64.52,16 Nov 2021 03:18:43
16 Nov 2021 13:42:02,Idle,66.87,16 Nov 2021 13:49:04
18 Nov 2021 02:42:11,Stop,57.43,18 Nov 2021 02:50:44
20 Nov 2021 04:36:59,Run,62.43,20 Nov 2021 04:43:54
21 Nov 2021 03:24:33,Idle,71.54,21 Nov 2021 03:29:08
23 Nov 2021 22:54:13,Start,77.78,23 Nov 2021 22:55:35
25 Nov 2021 03:04:06,Idle,75.47,25 Nov 2021 03:07:40
25 Nov 2021 13:45:50,Measure,88.27,25 Nov 2021 13:49:55
26 Nov 2021 21:40:58,Idle,27.05,26 Nov 2021 21:46:06
28 Nov 2021 08:30:37,Stop,46.1,28 Nov 2021 08:33:50
29 Nov 2021 03:54:44,Start,95.3,29 Nov 2021 04:01:04
29 Nov 2021 11:35:18,Stop,45.69,29 Nov 2021 11:42:47
30 Nov 2021 08:05:13,Run,21.24,30 Nov 2021 08:13:26
01 Dec 2021 16:31:27,Measure,57.29,01 Dec 2021 16:32:48
02 Dec 2021 14:39:33,Run,19.85,02 Dec 2021 14:42:37
07 Dec 2021 00:14:39,Stop,28.26,07 Dec 2021 00:16:57
07 Dec 2021 03:20:02,Stop,99.85,07 Dec 2021 03:21:52
07 Dec 2021 18:38:27,Stop,58.72,07 Dec 2021 18:42:22
08 Dec 2021 00:29:20,Alert,35.57,08 Dec 2021 00:34:32
08 Dec 2021 18:55:21,Measure,99.53,08 Dec 2021 19:00:26
08 Dec 2021 20:21:35,Stop,96.99,08 Dec 2021 20:24:20
09 Dec 2021 09:02:38,Stop,49.67,09 Dec 2021 09:06:50
11 Dec 2021 14:04:31,Run,33.44,11 Dec 2021 14:10:46
11 Dec 2021 14:14:48,Run,85.46,11 Dec 2021 14:20:49
12 Dec 2021 00:12:00,Stop,74.41,12 Dec 2021 00:17:27
12 Dec 2021 05:26:33,Start,71.82,12 Dec 2021 05:30:22
13 Dec 2021 10:53:19,Alert,90.38,13 Dec 2021 11:01:53
14 Dec 2021 17:01:32,Run,72.05,14 Dec 2021 17:07:23
14 Dec 2021 18:26:07,Start,35.54,14 Dec 2021 18:29:27
15 Dec 2021 21:26:51,Alert,72.45,15 Dec 2021 21:30:16
17 Dec 2021 01:17:15,Stop,37.52,17 Dec 2021 01:25:19
17 Dec 2021 13:48:25,Measure,78.33,17 Dec 2021 13:54:38
18 Dec 2021 20:48:57,Idle,65.78,18 Dec 2021 20:53:00
19 Dec 2021 17:29:48,Idle,16.97,19 Dec 2021 17:32:55
19 Dec 2021 21:02:00,Stop,56.16,19 Dec 2021 21:07:46
20 Dec 2021 21:14:10,Run,40.9,20 Dec 2021 21:19:22
21 Dec 2021 06:49:21,Start,39.57,21 Dec 2021 06:56:46
22 Dec 2021 08:32:22,Measure,64.2,22 Dec 2021 08:37:11
22 Dec 2021 14:01:52,Alert,39.01,22 Dec 2021 14:07:22
25 Dec 2021 06:05:44,Stop,79.92,25 Dec 2021 06:13:38
25 Dec 2021 11:34:26,Measure,16.37,25 Dec 2021 11:38:43
25 Dec 2021 14:35:06,Measure,69.43,25 Dec 2021 14:41:28
25 Dec 2021 21:59:03,Run,82.83,25 Dec 2021 22:00:58
26 Dec 2021 00:10:23,Alert,70.55,26 Dec 2021 00:14:45
26 Dec 2021 02:29:01,Measure,54.75,26 Dec 2021 02:32:18
26 Dec 2021 17:07:19,Run,95.53,26 Dec 2021 17:15:20
27 Dec 2021 03:22:29,Start,36.99,27 Dec 2021 03:24:25
30 Dec 2021 13:37:02,Run,11.73,30 Dec 2021 13:39:12
30 Dec 2021 20:20:42,Start,48.88,30 Dec 2021 20:27:53
31 Dec 2021 01:33:32,Start,12.97,31 Dec 2021 01:43:05
03 Jan 2022 14:16:11,Measure,95.85,03 Jan 2022 14:18:34
05 Jan 2022 19:39:07,Run,28.89,05 Jan 2022 19:40:49
06 Jan 2022 13:36:57,Start,81.0,06 Jan 2022 13:40:09
07 Jan 2022 20:34:29,Alert,79.71,07 Jan 2022 20:42:03
08 Jan 2022 12:33:57,Measure,29.6,08 Jan 2022 12:36:01
09 Jan 2022 06:28:58,Run,65.91,09 Jan 2022 06:34:47
10 Jan 2022 16:05:27,Run,14.33,10 Jan 2022 16:12:42
11 Jan 2022 08:20:48,Idle,53.52,11 Jan 2022 08:29:34
15 Jan 2022 01:47:40,Run,11.32,15 Jan 2022 01:52:12
15 Jan 2022 04:42:53,Measure,92.9,15 Jan 2022 04:46:20
16 Jan 2022 16:32:57,Alert,97.85,16 Jan 2022 16:41:47
17 Jan 2022 21:20:17,Run,30.01,17 Jan 2022 21:23:45
18 Jan 2022 06:59:41,Idle,28.73,18 Jan 2022 07:02:08
18 Jan 2022 18:39:30,Measure,77.83,18 Jan 2022 18:45:53
19 Jan 2022 10:07:55,Start,32.8,19 Jan 2022 10:15:30
21 Jan 2022 00:05:18,Stop,90.56,21 Jan 2022 00:13:01
21 Jan 2022 15:08:41,Stop,61.65,21 Jan 2022 15:11:02
22 Jan 2022 04:53:18,Start,41.57,22 Jan 2022 04:59:03
22 Jan 2022 06:31:42,Run,84.94,22 Jan 2022 06:39:03
22 Jan 2022 17:06:44,Stop,54.41,22 Jan 2022 17:12:13
22 Jan 2022 22:59:28,Stop,92.05,22 Jan 2022 23:05:19
23 Jan 2022 09:04:24,Start,93.52,23 Jan 2022 09:12:56
24 Jan 2022 10:43:34,Run,24.89,24 Jan 2022 10:44:57
26 Jan 2022 00:29:51,Run,10.21,26 Jan 2022 00:36:01
28 Jan 2022 12:07:08,Start,98.55,28 Jan 2022 12:15:48
29 Jan 2022 02:29:59,Run,91.55,29 Jan 2022 02:34:26
30 Jan 2022 22:01:28,Run,14.99,30 Jan 2022 22:09:45
31 Jan 2022 05:58:09,Measure,84.97,31 Jan 2022 06:08:06
02 Feb 2022 17:12:09,Measure,51.2,02 Feb 2022 17:18:44
03 Feb 2022 01:15:15,Start,33.31,03 Feb 2022 01:23:16
03 Feb 2022 18:12:27,Alert,89.09,03 Feb 2022 18:18:47
04 Feb 2022 02:18:49,Stop,27.7,04 Feb 2022 02:28:05
04 Feb 2022 14:24:40,Measure,95.26,04 Feb 2022 14:28:22
06 Feb 2022 19:24:52,Stop,28.51,06 Feb 2022 19:28:36
06 Feb 2022 20:11:25,Idle,65.23,06 Feb 2022 20:17:19
07 Feb 2022 11:00:05,Start,30.08,07 Feb 2022 11:01:46
09 Feb 2022 07:56:11,Alert,59.11,09 Feb 2022 08:01:55
11 Feb 2022 06:58:51,Idle,71.56,11 Feb 2022 07:06:17
15 Feb 2022 06:13:36,Idle,27.12,15 Feb 2022 06:16:53
16 Feb 2022 12:39:42,Run,56.88,16 Feb 2022 12:43:48
18 Feb 2022 05:42:58,Idle,52.22,18 Feb 2022 05:51:08
18 Feb 2022 10:21:04,Start,16.39,18 Feb 2022 10:28:59
24 Feb 2022 17:45:55,Measure,83.65,24 Feb 2022 17:54:00
25 Feb 2022 20:46:40,Start,40.21,25 Feb 2022 20:54:35
26 Feb 2022 05:07:39,Measure,61.71,26 Feb 2022 05:09:04
02 Mar 2022 19:22:50,Idle,56.33,02 Mar 2022 19:30:00
03 Mar 2022 07:34:27,Idle,56.19,03 Mar 2022 07:41:51
04 Mar 2022 10:17:45,Alert,19.65,04 Mar 2022 10:19:40
04 Mar 2022 15:36:42,Measure,48.11,04 Mar 2022 15:41:54
05 Mar 2022 18:35:21,Idle,50.71,05 Mar 2022 18:38:06
05 Mar 2022 23:48:42,Run,76.03,05 Mar 2022 23:51:51
08 Mar 2022 05:07:47,Stop,85.6,08 Mar 2022 05:15:02
08 Mar 2022 13:20:35,Alert,59.05,08 Mar 2022 13:26:42
11 Mar 2022 02:58:19,Start,17.81,11 Mar 2022 03:00:49
11 Mar 2022 17:06:27,Alert,31.32,11 Mar 2022 17:13:59
11 Mar 2022 21:48:16,Stop,24.84,11 Mar 2022 21:58:09
12 Mar 2022 04:54:50,Measure,21.22,12 Mar 2022 04:57:39
13 Mar 2022 00:25:18,Start,42.93,13 Mar 2022 00:31:57
13 Mar 2022 23:10:21,Start,30.65,13 Mar 2022 23:17:16
14 Mar 2022 13:24:44,Measure,29.65,14 Mar 2022 13:28:31
15 Mar 2022 02:32:29,Alert,14.92,15 Mar 2022 02:41:00
15 Mar 2022 21:16:55,Idle,11.59,15 Mar 2022 21:19:39
16 Mar 2022 07:26:34,Alert,19.25,16 Mar 2022 07:30:03
16 Mar 2022 07:49:45,Stop,25.5,16 Mar 2022 07:53:10
17 Mar 2022 08:59:37,Run,48.79,17 Mar 2022 09:05:35
18 Mar 2022 11:11:26,Idle,55.95,18 Mar 2022 11:15:12
18 Mar 2022 12:10:50,Alert,22.65,18 Mar 2022 12:12:37
19 Mar 2022 03:40:12,Run,48.23,19 Mar 2022 03:45:10
19 Mar 2022 23:29:29,Run,40.76,19 Mar 2022 23:30:35
22 Mar 2022 04:22:43,Measure,26.51,22 Mar 2022 04:31:26
27 Mar 2022 11:15:42,Stop,10.62,27 Mar 2022 11:24:14
28 Mar 2022 04:58:15,Stop,52.03,28 Mar 2022 05:05:25
30 Mar 2022 08:05:54,Stop,71.71,30 Mar 2022 08:15:00
31 Mar 2022 10:36:45,Idle,30.36,31 Mar 2022 10:41:15
31 Mar 2022 22:42:32,Start,21.86,31 Mar 2022 22:46:16
01 Apr 2022 13:51:20,Idle,89.83,01 Apr 2022 13:54:24
04 Apr 2022 08:36:45,Alert,34.75,04 Apr 2022 08:43:21
04 Apr 2022 19:36:08,Run,30.13,04 Apr 2022 19:40:19
05 Apr 2022 01:09:06,Run,87.14,05 Apr 2022 01:13:39
09 Apr 2022 08:23:09,Start,83.54,09 Apr 2022 08:29:36
11 Apr 2022 09:06:44,Alert,50.35,11 Apr 2022 09:14:04
12 Apr 2022 06:31:16,Start,54.03,12 Apr 2022 06:36:14
12 Apr 2022 11:39:35,Run,29.6,12 Apr 2022 11:49:26
12 Apr 2022 23:03:23,Idle,17.05,12 Apr 2022 23:05:44
14 Apr 2022 03:39:38,Stop,61.61,14 Apr 2022 03:46:40
16 Apr 2022 09:47:02,Run,18.85,16 Apr 2022 09:56:26
17 Apr 2022 05:26:32,Measure,50.43,17 Apr 2022 05:30:53
17 Apr 2022 05:39:22,Stop,94.64,17 Apr 2022 05:48:45
19 Apr 2022 20:45:47,Run,95.76,19 Apr 2022 20:47:23
20 Apr 2022 06:14:36,Idle,31.54,20 Apr 2022 06:22:17
20 Apr 2022 15:05:16,Start,66.17,20 Apr 2022 15:09:11
22 Apr 2022 12:12:04,Stop,52.67,22 Apr 2022 12:20:50
26 Apr 2022 02:31:06,Idle,88.81,26 Apr 2022 02:35:26
27 Apr 2022 19:47:36,Alert,34.43,27 Apr 2022 19:57:35
28 Apr 2022 08:26:57,Measure,10.33,28 Apr 2022 08:34:30
28 Apr 2022 10:14:20,Stop,24.63,28 Apr 2022 10:16:01
29 Apr 2022 16:48:20,Start,41.46,29 Apr 2022 16:55:52
29 Apr 2022 17:26:21,Alert,38.41,29 Apr 2022 17:34:41
06 May 2022 03:40:22,Idle,81.22,06 May 2022 03:49:47
06 May 2022 13:34:34,Measure,71.25,06 May 2022 13:40:53
07 May 2022 07:20:29,Start,36.96,07 May 2022 07:25:03
07 May 2022 18:18:21,Idle,51.2,07 May 2022 18:20:31
09 May 2022 21:12:59,Idle,18.6,09 May 2022 21:17:54
11 May 2022 05:12:03,Stop,90.83,11 May 2022 05:17:43
13 May 2022 23:43:53,Stop,94.19,13 May 2022 23:47:34
14 May 2022 07:40:34,Start,98.18,14 May 2022 07:44:44
17 May 2022 12:43:56,Run,88.17,17 May 2022 12:45:04
17 May 2022 21:05:53,Run,25.66,17 May 2022 21:07:52
19 May 2022 20:55:20,Idle,14.16,19 May 2022 21:00:04
21 May 2022 13:31:57,Stop,62.16,21 May 2022 13:37:43
24 May 2022 08:22:02,Measure,92.13,24 May 2022 08:25:50
25 May 2022 06:07:43,Measure,25.96,25 May 2022 06:09:44
26 May 2022 00:49:28,Idle,10.63,26 May 2022 00:56:16
27 May 2022 10:26:28,Stop,82.49,27 May 2022 10:34:49
29 May 2022 05:07:41,Start,16.91,29 May 2022 05:08:54
30 May 2022 13:09:36,Start,47.23,30 May 2022 13:13:19
03 Jun 2022 01:56:11,Start,71.1,03 Jun 2022 02:04:10
03 Jun 2022 09:57:56,Measure,31.31,03 Jun 2022 10:07:35
05 Jun 2022 23:31:25,Stop,17.56,05 Jun 2022 23:32:52
06 Jun 2022 17:05:19,Stop,79.3,06 Jun 2022 17:13:44
07 Jun 2022 23:24:47,Measure,66.72,07 Jun 2022 23:29:14
08 Jun 2022 13:41:37,Start,98.96,08 Jun 2022 13:50:26
13 Jun 2022 20:10:32,Start,40.99,13 Jun 2022 20:13:15
13 Jun 2022 23:56:00,Idle,15.56,14 Jun 2022 00:04:05
14 Jun 2022 01:19:27,Run,76.09,14 Jun 2022 01:22:07
15 Jun 2022 15:03:32,Alert,56.96,15 Jun 2022 15:13:13
17 Jun 2022 19:30:04,Run,29.19,17 Jun 2022 19:32:49
18 Jun 2022 22:48:25,Stop,80.36,18 Jun 2022 22:54:01
19 Jun 2022 12:31:12,Stop,28.34,19 Jun 2022 12:33:16
19 Jun 2022 16:59:56,Stop,33.46,19 Jun 2022 17:04:03
20 Jun 2022 03:45:32,Run,18.33,20 Jun 2022 03:51:48
21 Jun 2022 05:22:50,Alert,45.95,21 Jun 2022 05:26:07
22 Jun 2022 10:51:49,Idle,47.7,22 Jun 2022 10:58:31
22 Jun 2022 21:33:19,Run,56.31,22 Jun 2022 21:36:03
27 Jun 2022 07:54:34,Alert,73.81,27 Jun 2022 08:01:53
27 Jun 2022 12:19:43,Start,91.55,27 Jun 2022 12:22:32
27 Jun 2022 18:37:43,Start,22.4,27 Jun 2022 18:44:36
30 Jun 2022 10:09:11,Stop,14.89,30 Jun 2022 10:15:27
01 Jul 2022 21:33:02,Measure,11.67,01 Jul 2022 21:38:27
02 Jul 2022 23:31:43,Stop,22.93,02 Jul 2022 23:33:47
03 Jul 2022 09:27:24,Measure,69.22,03 Jul 2022 09:33:56
03 Jul 2022 10:31:55,Alert,75.47,03 Jul 2022 10:41:27
03 Jul 2022 12:41:59,Start,80.79,03 Jul 2022 12:45:11
06 Jul 2022 02:42:56,Run,31.93,06 Jul 2022 02:52:55
07 Jul 2022 02:55:11,Measure,37.53,07 Jul 2022 03:05:05
09 Jul 2022 09:40:17,Alert,53.48,09 Jul 2022 09:49:32
10 Jul 2022 13:25:51,Start,15.69,10 Jul 2022 13:32:59
12 Jul 2022 16:23:52,Run,65.0,12 Jul 2022 16:26:30
12 Jul 2022 22:08:46,Measure,98.54,12 Jul 2022 22:15:02
13 Jul 2022 08:12:45,Stop,42.47,13 Jul 2022 08:15:47
14 Jul 2022 12:48:45,Stop,77.76,14 Jul 2022 12:55:04
15 Jul 2022 08:43:26,Stop,55.0,15 Jul 2022 08:52:40
18 Jul 2022 04:30:49,Alert,21.5,18 Jul 2022 04:39:25
18 Jul 2022 08:30:29,Stop,62.4,18 Jul 2022 08:40:10
20 Jul 2022 00:02:16,Idle,36.99,20 Jul 2022 00:11:55
20 Jul 2022 01:19:29,Start,13.1,20 Jul 2022 01:25:43
20 Jul 2022 21:02:32,Alert,67.14,20 Jul 2022 21:11:30
24 Jul 2022 00:57:43,Run,87.3,24 Jul 2022 00:59:02
26 Jul 2022 03:34:16,Stop,41.03,26 Jul 2022 03:37:25
27 Jul 2022 04:31:57,Start,45.13,27 Jul 2022 04:37:49
29 Jul 2022 08:59:06,Measure,90.19,29 Jul 2022 09:02:17
31 Jul 2022 07:47:45,Stop,83.22,31 Jul 2022 07:54:40
31 Jul 2022 17:26:30,Start,74.35,31 Jul 2022 17:28:23
01 Aug 2022 18:14:23,Idle,32.39,01 Aug 2022 18:21:49
02 Aug 2022 03:32:38,Measure,91.92,02 Aug 2022 03:38:02
02 Aug 2022 11:19:53,Idle,23.9,02 Aug 2022 11:24:27
02 Aug 2022 16:11:00,Run,66.41,02 Aug 2022 16:19:39
03 Aug 2022 09:45:12,Start,12.59,03 Aug 2022 09:53:49
04 Aug 2022 18:33:54,Idle,67.93,04 Aug 2022 18:35:36
07 Aug 2022 09:39:43,Run,34.94,07 Aug 2022 09:45:20
07 Aug 2022 10:37:42,Start,50.47,07 Aug 2022 10:40:51
10 Aug 2022 05:22:44,Start,41.07,10 Aug 2022 05:29:33
10 Aug 2022 18:51:08,Idle,25.55,10 Aug 2022 18:53:53
10 Aug 2022 19:27:11,Start,65.98,10 Aug 2022 19:28:11
12 Aug 2022 11:37:33,Stop,89.38,12 Aug 2022 11:45:44
13 Aug 2022 12:28:24,Start,96.32,13 Aug 2022 12:34:29
14 Aug 2022 06:13:16,Alert,27.31,14 Aug 2022 06:23:02
15 Aug 2022 08:56:25,Run,74.56,15 Aug 2022 08:58:17
15 Aug 2022 16:11:06,Start,69.79,15 Aug 2022 16:20:45
17 Aug 2022 20:45:41,Alert,40.9,17 Aug 2022 20:52:10
17 Aug 2022 20:46:25,Start,11.72,17 Aug 2022 20:52:49
18 Aug 2022 13:21:43,Start,72.08,18 Aug 2022 13:24:36
20 Aug 2022 22:52:43,Idle,95.09,20 Aug 2022 22:56:09
21 Aug 2022 00:15:49,Stop,66.89,21 Aug 2022 00:19:34
21 Aug 2022 15:50:43,Run,49.18,21 Aug 2022 15:58:01
22 Aug 2022 05:06:33,Stop,57.26,22 Aug 2022 05:09:51
22 Aug 2022 14:19:56,Measure,27.97,22 Aug 2022 14:25:54
23 Aug 2022 00:29:41,Idle,77.55,23 Aug 2022 00:35:16
23 Aug 2022 01:03:31,Idle,77.18,23 Aug 2022 01:07:28
24 Aug 2022 19:26:23,Stop,23.1,24 Aug 2022 19:33:16
25 Aug 2022 22:24:39,Idle,89.02,25 Aug 2022 22:28:12
27 Aug 2022 06:22:05,Stop,34.23,27 Aug 2022 06:26:25
28 Aug 2022 12:39:49,Idle,98.4,28 Aug 2022 12:42:43
30 Aug 2022 22:40:35,Start,44.46,30 Aug 2022 22:42:42
30 Aug 2022 23:24:41,Stop,26.01,30 Aug 2022 23:33:05
01 Sep 2022 19:22:43,Stop,41.65,01 Sep 2022 19:31:07
04 Sep 2022 20:24:38,Alert,49.62,04 Sep 2022 20:31:03
05 Sep 2022 16:21:06,Idle,16.24,05 Sep 2022 16:28:04
05 Sep 2022 20:03:38,Idle,62.04,05 Sep 2022 20:07:02
06 Sep 2022 13:39:32,Stop,63.79,06 Sep 2022 13:45:06
07 Sep 2022 01:46:50,Start,76.5,07 Sep 2022 01:56:18
07 Sep 2022 19:38:36,Start,12.63,07 Sep 2022 19:42:34
09 Sep 2022 01:41:15,Run,58.71,09 Sep 2022 01:50:11
09 Sep 2022 20:29:39,Start,14.76,09 Sep 2022 20:37:32
11 Sep 2022 07:27:03,Idle,73.1,11 Sep 2022 07:30:35
13 Sep 2022 23:57:58,Alert,15.02,14 Sep 2022 00:00:41
14 Sep 2022 07:21:51,Stop,92.06,14 Sep 2022 07:24:05
14 Sep 2022 10:07:57,Measure,73.19,14 Sep 2022 10:11:04
14 Sep 2022 19:18:35,Alert,55.67,14 Sep 2022 19:25:19
15 Sep 2022 15:11:37,Measure,49.74,15 Sep 2022 15:21:27
16 Sep 2022 00:05:05,Alert,21.76,16 Sep 2022 00:08:43
16 Sep 2022 09:05:26,Start,36.19,16 Sep 2022 09:15:23
16 Sep 2022 17:30:08,Idle,88.21,16 Sep 2022 17:38:13
17 Sep 2022 02:07:43,Measure,91.4,17 Sep 2022 02:09:05
18 Sep 2022 08:59:33,Alert,10.07,18 Sep 2022 09:01:19
23 Sep 2022 05:45:43,Idle,63.47,23 Sep 2022 05:55:27
23 Sep 2022 09:14:20,Measure,74.74,23 Sep 2022 09:17:43
24 Sep 2022 21:17:08,Stop,65.69,24 Sep 2022 21:25:06
25 Sep 2022 10:58:12,Alert,17.35,25 Sep 2022 11:00:36
26 Sep 2022 17:25:52,Stop,29.6,26 Sep 2022 17:33:47
27 Sep 2022 00:07:28,Start,32.53,27 Sep 2022 00:16:29
27 Sep 2022 17:59:22,Stop,84.86,27 Sep 2022 18:07:57
28 Sep 2022 13:55:12,Stop,51.69,28 Sep 2022 14:01:08
28 Sep 2022 22:12:19,Run,53.81,28 Sep 2022 22:15:10
30 Sep 2022 22:29:59,Alert,94.14,30 Sep 2022 22:34:48
01 Oct 2022 20:00:11,Start,67.34,01 Oct 2022 20:02:46
01 Oct 2022 20:46:37,Stop,90.88,01 Oct 2022 20:53:54
02 Oct 2022 03:45:50,Idle,51.09,02 Oct 2022 03:49:25
02 Oct 2022 14:40:58,Measure,23.45,02 Oct 2022 14:48:58
02 Oct 2022 19:47:53,Stop,93.69,02 Oct 2022 19:50:37
02 Oct 2022 20:08:39,Start,51.28,02 Oct 2022 20:15:08
04 Oct 2022 02:18:22,Stop,26.35,04 Oct 2022 02:26:40
05 Oct 2022 09:52:01,Measure,37.22,05 Oct 2022 09:55:12
06 Oct 2022 23:05:39,Start,14.57,06 Oct 2022 23:13:00
09 Oct 2022 05:44:27,Alert,52.15,09 Oct 2022 05:47:44
10 Oct 2022 14:10:53,Start,86.78,10 Oct 2022 14:16:22
10 Oct 2022 17:15:23,Alert,94.02,10 Oct 2022 17:22:58
12 Oct 2022 12:44:38,Start,93.93,12 Oct 2022 12:53:21
12 Oct 2022 13:36:04,Measure,21.27,12 Oct 2022 13:44:33
13 Oct 2022 10:28:53,Measure,44.38,13 Oct 2022 10:35:23
17 Oct 2022 20:16:16,Start,12.54,17 Oct 2022 20:21:28
19 Oct 2022 04:25:55,Stop,86.96,19 Oct 2022 04:31:39
21 Oct 2022 22:14:32,Measure,42.29,21 Oct 2022 22:20:05
22 Oct 2022 02:48:13,Alert,66.8,22 Oct 2022 02:49:32
22 Oct 2022 12:48:58,Alert,74.34,22 Oct 2022 12:53:56
23 Oct 2022 05:10:52,Idle,48.69,23 Oct 2022 05:16:21
23 Oct 2022 08:46:02,Run,37.58,23 Oct 2022 08:53:59
23 Oct 2022 12:25:08,Run,96.6,23 Oct 2022 12:31:17
24 Oct 2022 07:54:57,Run,96.8,24 Oct 2022 07:56:27
25 Oct 2022 02:18:12,Alert,36.05,25 Oct 2022 02:20:55
25 Oct 2022 12:04:03,Idle,53.17,25 Oct 2022 12:08:08
25 Oct 2022 21:38:02,Run,97.56,25 Oct 2022 21:41:09
26 Oct 2022 05:15:40,Run,10.44,26 Oct 2022 05:20:09
27 Oct 2022 18:44:35,Start,47.14,27 Oct 2022 18:52:28
28 Oct 2022 14:34:01,Start,19.04,28 Oct 2022 14:39:41
01 Nov 2022 03:30:40,Start,55.82,01 Nov 2022 03:35:52
03 Nov 2022 15:23:40,Stop,12.22,03 Nov 2022 15:24:58
04 Nov 2022 03:47:46,Run,46.62,04 Nov 2022 03:51:01
05 Nov 2022 02:52:28,Stop,29.86,05 Nov 2022 02:57:10
05 Nov 2022 23:20:00,Idle,58.0,05 Nov 2022 23:21:02
06 Nov 2022 15:22:21,Alert,99.64,06 Nov 2022 15:27:16
06 Nov 2022 19:04:42,Run,82.05,06 Nov 2022 19:13:26
07 Nov 2022 01:22:26,Alert,86.11,07 Nov 2022 01:27:13
10 Nov 2022 05:37:47,Start,67.17,10 Nov 2022 05:47:05
11 Nov 2022 03:42:21,Run,13.74,11 Nov 2022 03:52:01
12 Nov 2022 05:57:22,Measure,28.61,12 Nov 2022 06:00:40
13 Nov 2022 12:26:31,Stop,93.26,13 Nov 2022 12:32:06
14 Nov 2022 07:24:04,Stop,42.95,14 Nov 2022 07:29:54
15 Nov 2022 03:17:43,Run,19.33,15 Nov 2022 03:19:35
15 Nov 2022 03:27:51,Start,73.22,15 Nov 2022 03:30:40
15 Nov 2022 16:32:00,Stop,36.95,15 Nov 2022 16:33:03
16 Nov 2022 22:32:56,Start,34.2,16 Nov 2022 22:34:42
17 Nov 2022 00:44:12,Idle,99.82,17 Nov 2022 00:46:45
17 Nov 2022 01:47:27,Alert,87.23,17 Nov 2022 01:51:59
19 Nov 2022 06:20:52,Measure,46.71,19 Nov 2022 06:29:07
20 Nov 2022 11:37:12,Alert,98.22,20 Nov 2022 11:46:39
21 Nov 2022 16:04:17,Alert,68.51,21 Nov 2022 16:08:41
21 Nov 2022 19:33:02,Idle,76.78,21 Nov 2022 19:40:22
25 Nov 2022 10:57:21,Stop,12.84,25 Nov 2022 10:59:33
25 Nov 2022 20:38:15,Measure,20.94,25 Nov 2022 20:47:50
26 Nov 2022 08:47:38,Stop,66.98,26 Nov 2022 08:49:53
27 Nov 2022 18:05:33,Run,90.91,27 Nov 2022 18:07:49
28 Nov 2022 18:18:27,Alert,66.14,28 Nov 2022 18:26:16
29 Nov 2022 14:38:06,Run,22.06,29 Nov 2022 14:40:51
01 Dec 2022 14:26:52,Start,20.42,01 Dec 2022 14:35:47
04 Dec 2022 08:57:34,Alert,85.98,04 Dec 2022 09:03:08
04 Dec 2022 22:51:34,Stop,22.54,04 Dec 2022 22:54:01
05 Dec 2022 08:53:28,Alert,56.82,05 Dec 2022 08:55:44
05 Dec 2022 09:15:31,Start,13.34,05 Dec 2022 09:17:47
05 Dec 2022 12:42:27,Idle,17.26,05 Dec 2022 12:50:48
07 Dec 2022 05:06:32,Run,70.51,07 Dec 2022 05:16:31
07 Dec 2022 17:20:25,Run,72.03,07 Dec 2022 17:25:29
08 Dec 2022 20:41:30,Stop,40.73,08 Dec 2022 20:48:51
09 Dec 2022 18:20:00,Alert,29.4,09 Dec 2022 18:23:21
09 Dec 2022 19:14:41,Stop,83.23,09 Dec 2022 19:21:48
10 Dec 2022 22:28:00,Idle,29.54,10 Dec 2022 22:30:23
11 Dec 2022 02:48:24,Alert,58.78,11 Dec 2022 02:51:46
11 Dec 2022 09:23:12,Alert,97.14,11 Dec 2022 09:30:03
17 Dec 2022 18:56:18,Stop,23.31,17 Dec 2022 18:59:49
18 Dec 2022 01:39:01,Stop,94.68,18 Dec 2022 01:42:38
18 Dec 2022 18:26:13,Start,26.46,18 Dec 2022 18:34:38
19 Dec 2022 00:19:30,Idle,61.07,19 Dec 2022 00:25:32
20 Dec 2022 07:11:19,Start,43.93,20 Dec 2022 07:19:48
22 Dec 2022 06:15:20,Run,96.84,22 Dec 2022 06:20:03
22 Dec 2022 18:21:16,Alert,34.62,22 Dec 2022 18:22:58
22 Dec 2022 20:34:01,Stop,45.97,22 Dec 2022 20:39:24
24 Dec 2022 17:07:14,Alert,98.46,24 Dec 2022 17:08:16
26 Dec 2022 14:05:14,Alert,58.28,26 Dec 2022 14:10:41
27 Dec 2022 00:57:29,Measure,55.24,27 Dec 2022 00:58:44
27 Dec 2022 04:57:02,Run,33.2,27 Dec 2022 05:03:35
27 Dec 2022 06:57:23,Measure,73.12,27 Dec 2022 07:06:06
27 Dec 2022 08:48:58,Alert,11.29,27 Dec 2022 08:50:56
29 Dec 2022 05:40:33,Stop,14.46,29 Dec 2022 05:44:29
29 Dec 2022 13:21:06,Alert,63.94,29 Dec 2022 13:23:08
30 Dec 2022 08:55:30,Run,40.75,30 Dec 2022 09:01:36
31 Dec 2022 09:50:44,Measure,95.8,31 Dec 2022 09:55:49
31 Dec 2022 18:27:39,Stop,91.29,31 Dec 2022 18:33:27
