소방서명,신고시간,출동시간
남부,2022-01-01 17:45:00,2022-01-01 17:49:14.963116964
동부,2022-01-01 10:56:00,2022-01-01 11:01:18.981439482
동부,2022-01-01 22:25:00,2022-01-01 22:34:51.527021490
남부,2022-01-01 21:36:00,2022-01-01 21:44:05.255278575
중부,2022-01-01 01:14:00,2022-01-01 01:15:00.000000000
북부,2022-01-01 08:10:00,2022-01-01 08:14:36.326755241
서부,2022-01-01 18:16:00,2022-01-01 18:24:21.099159616
동부,2022-01-01 01:12:00,2022-01-01 01:14:24.924585978
서부,2022-01-01 13:02:00,2022-01-01 13:06:47.224852192
북부,2022-01-01 02:10:00,2022-01-01 02:11:00.000000000
남부,2022-01-01 06:55:00,2022-01-01 06:58:17.651818049
북부,2022-01-01 18:13:00,2022-01-01 18:21:01.510881283
남부,2022-01-01 17:59:00,2022-01-01 18:04:31.224592181
북부,2022-01-01 17:40:00,2022-01-01 17:45:49.513343347
서부,2022-01-01 03:37:00,2022-01-01 03:38:06.822928455
서부,2022-01-01 04:14:00,2022-01-01 04:16:14.910860003
남부,2022-01-01 23:38:00,2022-01-01 23:47:38.226811607
동부,2022-01-01 04:34:00,2022-01-01 04:36:55.733596601
중부,2022-01-01 08:36:00,2022-01-01 08:39:48.967775502
남부,2022-01-01 14:57:00,2022-01-01 15:02:13.375801237
동부,2022-01-01 11:18:00,2022-01-01 11:22:28.210442632
북부,2022-01-01 13:29:00,2022-01-01 13:34:53.529073873
북부,2022-01-01 00:21:00,2022-01-01 00:23:45.659392768
서부,2022-01-01 17:49:00,2022-01-01 17:54:37.489975397
남부,2022-01-01 04:27:00,2022-01-01 04:33:25.691242591
북부,2022-01-01 22:07:00,2022-01-01 22:14:10.891913243
남부,2022-01-01 16:53:00,2022-01-01 16:57:19.459300624
중부,2022-01-01 10:07:00,2022-01-01 10:11:04.684935409
북부,2022-01-01 00:22:00,2022-01-01 00:24:38.639731685
동부,2022-01-01 19:24:00,2022-01-01 19:32:40.097887420
서부,2022-01-01 10:53:00,2022-01-01 10:56:03.280734244
동부,2022-01-01 20:38:00,2022-01-01 20:46:41.229419805
서부,2022-01-01 17:42:00,2022-01-01 17:47:03.231961954
북부,2022-01-01 01:18:00,2022-01-01 01:19:11.399499952
북부,2022-01-01 18:04:00,2022-01-01 18:12:44.852754990
서부,2022-01-01 07:48:00,2022-01-01 07:51:39.154162403
북부,2022-01-01 13:45:00,2022-01-01 13:48:49.928605785
중부,2022-01-01 19:25:00,2022-01-01 19:33:53.441377084
북부,2022-01-01 01:58:00,2022-01-01 01:59:53.491514867
남부,2022-01-01 02:41:00,2022-01-01 02:44:02.575351947
동부,2022-01-01 21:57:00,2022-01-01 22:05:10.831448434
중부,2022-01-01 21:28:00,2022-01-01 21:35:57.876042028
중부,2022-01-01 07:08:00,2022-01-01 07:13:40.269833521
남부,2022-01-01 05:09:00,2022-01-01 05:11:33.611887387
중부,2022-01-01 09:15:00,2022-01-01 09:17:08.262808273
중부,2022-01-01 14:47:00,2022-01-01 14:54:34.116604751
남부,2022-01-01 06:25:00,2022-01-01 06:28:47.219487126
서부,2022-01-01 15:00:00,2022-01-01 15:04:13.359002507
남부,2022-01-01 16:04:00,2022-01-01 16:09:57.685685474
북부,2022-01-01 10:08:00,2022-01-01 10:13:22.800520705
서부,2022-01-01 22:01:00,2022-01-01 22:08:57.954975346
서부,2022-01-01 01:35:00,2022-01-01 01:36:18.457018620
중부,2022-01-01 07:47:00,2022-01-01 07:52:03.123480309
남부,2022-01-01 22:48:00,2022-01-01 22:56:13.334848821
북부,2022-01-01 21:13:00,2022-01-01 21:21:49.126310832
서부,2022-01-01 11:00:00,2022-01-01 11:03:30.487476204
북부,2022-01-01 00:50:00,2022-01-01 00:51:50.481498913
서부,2022-01-01 10:01:00,2022-01-01 10:06:08.901970557
북부,2022-01-01 13:08:00,2022-01-01 13:11:57.188537133
북부,2022-01-01 23:36:00,2022-01-01 23:44:12.066355406
중부,2022-01-02 05:42:00,2022-01-02 05:44:52.255247125
북부,2022-01-02 18:23:00,2022-01-02 18:30:05.729177931
중부,2022-01-02 20:47:00,2022-01-02 20:54:11.430508221
동부,2022-01-02 03:57:00,2022-01-02 03:59:25.486853294
중부,2022-01-02 06:01:00,2022-01-02 06:04:12.942864008
중부,2022-01-02 09:15:00,2022-01-02 09:20:16.854012535
남부,2022-01-02 04:08:00,2022-01-02 04:11:05.172781951
동부,2022-01-02 15:41:00,2022-01-02 15:45:03.367588989
중부,2022-01-02 16:59:00,2022-01-02 17:03:13.699095637
남부,2022-01-02 11:28:00,2022-01-02 11:31:44.749445111
동부,2022-01-02 05:14:00,2022-01-02 05:15:38.990181835
남부,2022-01-02 01:19:00,2022-01-02 01:21:33.661555846
남부,2022-01-02 23:11:00,2022-01-02 23:19:26.101967943
동부,2022-01-02 18:59:00,2022-01-02 19:07:11.457431510
중부,2022-01-02 08:08:00,2022-01-02 08:12:10.312189711
서부,2022-01-02 16:16:00,2022-01-02 16:20:35.607727371
동부,2022-01-02 09:08:00,2022-01-02 09:12:34.010607711
북부,2022-01-02 14:33:00,2022-01-02 14:37:07.085560634
북부,2022-01-02 13:11:00,2022-01-02 13:14:58.317947181
남부,2022-01-02 18:55:00,2022-01-02 19:04:06.489582907
서부,2022-01-02 12:13:00,2022-01-02 12:15:55.151948095
동부,2022-01-02 01:11:00,2022-01-02 01:12:34.706044137
북부,2022-01-02 00:17:00,2022-01-02 00:18:04.673799119
서부,2022-01-02 06:13:00,2022-01-02 06:16:03.112064228
남부,2022-01-02 08:39:00,2022-01-02 08:43:43.703558572
동부,2022-01-02 07:43:00,2022-01-02 07:46:45.273006150
북부,2022-01-02 14:35:00,2022-01-02 14:38:41.115549272
북부,2022-01-02 17:07:00,2022-01-02 17:11:38.215509114
동부,2022-01-02 18:19:00,2022-01-02 18:26:59.924556002
동부,2022-01-02 05:31:00,2022-01-02 05:34:51.536494046
서부,2022-01-02 12:15:00,2022-01-02 12:18:38.496647891
동부,2022-01-02 05:12:00,2022-01-02 05:14:30.792002329
남부,2022-01-02 21:30:00,2022-01-02 21:37:41.048633193
서부,2022-01-02 01:56:00,2022-01-02 01:57:12.115885876
북부,2022-01-02 12:07:00,2022-01-02 12:12:36.374654595
중부,2022-01-02 02:41:00,2022-01-02 02:43:00.199511340
서부,2022-01-02 16:51:00,2022-01-02 16:56:45.302920984
동부,2022-01-02 10:32:00,2022-01-02 10:34:48.150507542
남부,2022-01-02 14:16:00,2022-01-02 14:22:17.605354109
북부,2022-01-02 21:56:00,2022-01-02 22:04:23.451184357
동부,2022-01-02 01:40:00,2022-01-02 01:41:33.313257170
남부,2022-01-02 08:11:00,2022-01-02 08:17:31.047894961
남부,2022-01-02 01:10:00,2022-01-02 01:12:09.736678083
남부,2022-01-02 02:12:00,2022-01-02 02:13:20.461676851
중부,2022-01-02 15:13:00,2022-01-02 15:18:14.360605722
동부,2022-01-02 17:03:00,2022-01-02 17:07:23.743103467
중부,2022-01-02 19:05:00,2022-01-02 19:12:03.903399207
중부,2022-01-02 12:47:00,2022-01-02 12:51:21.617683679
남부,2022-01-02 07:48:00,2022-01-02 07:50:51.877580126
중부,2022-01-02 07:46:00,2022-01-02 07:48:17.832391529
서부,2022-01-02 10:33:00,2022-01-02 10:36:34.042542051
북부,2022-01-02 13:42:00,2022-01-02 13:46:53.313016784
남부,2022-01-02 01:28:00,2022-01-02 01:29:56.781489327
동부,2022-01-02 02:56:00,2022-01-02 02:58:49.918920917
서부,2022-01-02 17:50:00,2022-01-02 17:56:07.982355319
남부,2022-01-02 13:37:00,2022-01-02 13:42:31.211854961
남부,2022-01-02 13:54:00,2022-01-02 13:58:01.296920672
중부,2022-01-02 07:09:00,2022-01-02 07:14:03.147962773
북부,2022-01-02 09:33:00,2022-01-02 09:38:44.744480615
서부,2022-01-02 09:18:00,2022-01-02 09:22:06.611223099
서부,2022-01-03 09:55:00,2022-01-03 09:59:20.189828697
동부,2022-01-03 04:59:00,2022-01-03 05:00:18.651170382
중부,2022-01-03 10:23:00,2022-01-03 10:26:31.143008909
북부,2022-01-03 06:54:00,2022-01-03 06:59:03.477571441
동부,2022-01-03 11:42:00,2022-01-03 11:45:31.454906813
중부,2022-01-03 23:49:00,2022-01-03 23:56:39.941991078
중부,2022-01-03 09:32:00,2022-01-03 09:34:49.415927686
중부,2022-01-03 19:58:00,2022-01-03 20:05:01.273623012
서부,2022-01-03 07:58:00,2022-01-03 08:01:24.238182204
동부,2022-01-03 18:44:00,2022-01-03 18:50:46.920841362
동부,2022-01-03 12:16:00,2022-01-03 12:20:56.882600643
동부,2022-01-03 01:27:00,2022-01-03 01:28:50.058685320
서부,2022-01-03 09:21:00,2022-01-03 09:24:25.405014634
서부,2022-01-03 09:25:00,2022-01-03 09:28:47.953579013
동부,2022-01-03 05:42:00,2022-01-03 05:43:00.000000000
북부,2022-01-03 20:12:00,2022-01-03 20:20:56.452116511
중부,2022-01-03 19:10:00,2022-01-03 19:16:00.060704940
중부,2022-01-03 09:20:00,2022-01-03 09:22:53.261228120
동부,2022-01-03 13:10:00,2022-01-03 13:14:30.359912623
남부,2022-01-03 09:43:00,2022-01-03 09:47:14.832816586
서부,2022-01-03 02:04:00,2022-01-03 02:06:13.973092917
동부,2022-01-03 18:05:00,2022-01-03 18:12:40.526423810
서부,2022-01-03 22:27:00,2022-01-03 22:34:49.404288472
서부,2022-01-03 06:26:00,2022-01-03 06:29:22.068742808
중부,2022-01-03 05:43:00,2022-01-03 05:45:30.279005566
남부,2022-01-03 18:46:00,2022-01-03 18:54:24.243008670
동부,2022-01-03 10:25:00,2022-01-03 10:28:51.174116676
북부,2022-01-03 23:11:00,2022-01-03 23:17:46.586784674
북부,2022-01-03 18:46:00,2022-01-03 18:54:38.053045398
동부,2022-01-03 15:15:00,2022-01-03 15:19:58.946457346
중부,2022-01-03 20:11:00,2022-01-03 20:18:43.657745334
서부,2022-01-03 20:51:00,2022-01-03 20:57:34.438456876
중부,2022-01-03 10:07:00,2022-01-03 10:11:06.719985103
북부,2022-01-03 15:34:00,2022-01-03 15:38:49.028366575
북부,2022-01-03 13:27:00,2022-01-03 13:32:08.909422646
서부,2022-01-03 05:19:00,2022-01-03 05:20:00.000000000
서부,2022-01-03 01:49:00,2022-01-03 01:52:30.323012841
중부,2022-01-03 05:18:00,2022-01-03 05:19:22.194272634
북부,2022-01-03 03:56:00,2022-01-03 03:57:21.523425983
동부,2022-01-03 10:59:00,2022-01-03 11:02:16.675722097
북부,2022-01-03 02:40:00,2022-01-03 02:42:59.089788282
남부,2022-01-03 06:42:00,2022-01-03 06:45:35.482174720
중부,2022-01-03 04:52:00,2022-01-03 04:53:00.000000000
서부,2022-01-03 11:56:00,2022-01-03 12:01:36.735844334
서부,2022-01-03 10:24:00,2022-01-03 10:28:14.207265716
남부,2022-01-03 17:39:00,2022-01-03 17:44:37.461498327
중부,2022-01-03 08:17:00,2022-01-03 08:21:02.954990103
북부,2022-01-03 03:08:00,2022-01-03 03:10:17.849448562
서부,2022-01-03 08:12:00,2022-01-03 08:15:45.209859632
서부,2022-01-03 01:55:00,2022-01-03 01:56:00.000000000
동부,2022-01-03 21:00:00,2022-01-03 21:08:49.953575302
동부,2022-01-03 15:48:00,2022-01-03 15:51:42.979615913
북부,2022-01-03 13:21:00,2022-01-03 13:26:00.714083313
동부,2022-01-03 14:34:00,2022-01-03 14:39:05.952542691
북부,2022-01-03 17:47:00,2022-01-03 17:53:19.509430755
남부,2022-01-03 06:12:00,2022-01-03 06:16:08.917672631
동부,2022-01-03 13:07:00,2022-01-03 13:12:39.728996235
북부,2022-01-03 02:30:00,2022-01-03 02:32:19.366135743
북부,2022-01-03 02:44:00,2022-01-03 02:46:42.242957721
동부,2022-01-03 22:01:00,2022-01-03 22:09:17.314431085
남부,2022-01-04 06:03:00,2022-01-04 06:06:50.649877081
동부,2022-01-04 20:02:00,2022-01-04 20:09:59.194212210
중부,2022-01-04 11:16:00,2022-01-04 11:19:47.820267330
서부,2022-01-04 07:21:00,2022-01-04 07:25:49.495468803
북부,2022-01-04 10:25:00,2022-01-04 10:28:21.598412767
남부,2022-01-04 09:50:00,2022-01-04 09:54:29.212382314
북부,2022-01-04 16:38:00,2022-01-04 16:43:37.585455304
남부,2022-01-04 13:20:00,2022-01-04 13:24:39.807992177
중부,2022-01-04 12:54:00,2022-01-04 12:59:53.305813742
중부,2022-01-04 19:43:00,2022-01-04 19:51:32.000516845
서부,2022-01-04 06:07:00,2022-01-04 06:08:44.004652865
중부,2022-01-04 06:33:00,2022-01-04 06:36:47.897270746
서부,2022-01-04 05:56:00,2022-01-04 05:57:00.000000000
북부,2022-01-04 17:37:00,2022-01-04 17:42:28.037971165
동부,2022-01-04 18:13:00,2022-01-04 18:19:34.758212923
동부,2022-01-04 22:03:00,2022-01-04 22:11:37.153677153
중부,2022-01-04 14:01:00,2022-01-04 14:06:51.687383886
동부,2022-01-04 22:35:00,2022-01-04 22:42:19.377871513
남부,2022-01-04 20:31:00,2022-01-04 20:38:52.201628256
동부,2022-01-04 13:44:00,2022-01-04 13:49:42.156618716
서부,2022-01-04 07:10:00,2022-01-04 07:14:13.213725213
남부,2022-01-04 03:54:00,2022-01-04 03:57:11.412464441
중부,2022-01-04 23:42:00,2022-01-04 23:49:53.352729472
남부,2022-01-04 10:36:00,2022-01-04 10:40:03.027071859
중부,2022-01-04 10:43:00,2022-01-04 10:45:31.103564126
북부,2022-01-04 08:42:00,2022-01-04 08:45:31.322479180
남부,2022-01-04 19:48:00,2022-01-04 19:55:54.672837247
서부,2022-01-04 03:36:00,2022-01-04 03:37:10.872893919
남부,2022-01-04 20:52:00,2022-01-04 20:59:48.344575753
서부,2022-01-04 03:10:00,2022-01-04 03:12:12.406402217
남부,2022-01-04 00:41:00,2022-01-04 00:43:16.715004964
남부,2022-01-04 07:29:00,2022-01-04 07:34:08.694061598
서부,2022-01-04 06:15:00,2022-01-04 06:18:48.077160039
중부,2022-01-04 09:09:00,2022-01-04 09:14:11.298798126
북부,2022-01-04 02:05:00,2022-01-04 02:06:55.650284829
서부,2022-01-04 20:03:00,2022-01-04 20:11:31.655227715
북부,2022-01-04 06:17:00,2022-01-04 06:22:13.083978398
서부,2022-01-04 16:52:00,2022-01-04 16:58:02.258188744
동부,2022-01-04 11:35:00,2022-01-04 11:37:28.070521688
서부,2022-01-04 04:01:00,2022-01-04 04:02:00.000000000
북부,2022-01-04 07:59:00,2022-01-04 08:02:12.767818450
서부,2022-01-04 16:07:00,2022-01-04 16:10:56.029156416
중부,2022-01-04 21:08:00,2022-01-04 21:14:01.083970568
중부,2022-01-04 18:58:00,2022-01-04 19:06:00.595993536
서부,2022-01-04 01:11:00,2022-01-04 01:12:57.396446713
북부,2022-01-04 03:58:00,2022-01-04 03:59:27.876257750
중부,2022-01-04 20:51:00,2022-01-04 21:00:13.807309343
서부,2022-01-04 06:19:00,2022-01-04 06:23:34.947629744
서부,2022-01-04 06:20:00,2022-01-04 06:23:43.809709944
남부,2022-01-04 06:27:00,2022-01-04 06:30:35.003096238
남부,2022-01-04 10:08:00,2022-01-04 10:11:59.895312142
남부,2022-01-04 03:42:00,2022-01-04 03:43:00.000000000
남부,2022-01-04 04:02:00,2022-01-04 04:05:21.163556593
남부,2022-01-04 17:57:00,2022-01-04 18:02:50.409603372
서부,2022-01-04 18:50:00,2022-01-04 18:57:43.896730458
서부,2022-01-04 18:14:00,2022-01-04 18:21:44.948016174
중부,2022-01-04 01:51:00,2022-01-04 01:53:06.606763326
동부,2022-01-04 19:29:00,2022-01-04 19:36:03.219496423
남부,2022-01-04 15:24:00,2022-01-04 15:28:07.927357741
북부,2022-01-04 05:18:00,2022-01-04 05:19:55.856494767
중부,2022-01-05 05:24:00,2022-01-05 05:25:00.000000000
동부,2022-01-05 18:51:00,2022-01-05 18:59:20.079561105
서부,2022-01-05 13:02:00,2022-01-05 13:05:23.716858395
중부,2022-01-05 17:17:00,2022-01-05 17:19:48.019880587
북부,2022-01-05 17:20:00,2022-01-05 17:25:03.141088779
서부,2022-01-05 06:21:00,2022-01-05 06:25:13.939554991
중부,2022-01-05 08:49:00,2022-01-05 08:53:51.891271816
중부,2022-01-05 02:23:00,2022-01-05 02:24:00.000000000
중부,2022-01-05 11:12:00,2022-01-05 11:16:06.612845625
중부,2022-01-05 13:42:00,2022-01-05 13:48:01.120231531
동부,2022-01-05 01:11:00,2022-01-05 01:12:13.909684656
동부,2022-01-05 21:45:00,2022-01-05 21:52:56.051423081
중부,2022-01-05 19:51:00,2022-01-05 20:00:13.685174531
서부,2022-01-05 21:13:00,2022-01-05 21:21:47.103391477
동부,2022-01-05 12:36:00,2022-01-05 12:40:45.577730236
동부,2022-01-05 12:03:00,2022-01-05 12:06:43.799824252
서부,2022-01-05 14:06:00,2022-01-05 14:10:12.511987080
남부,2022-01-05 03:32:00,2022-01-05 03:35:32.899390572
동부,2022-01-05 11:02:00,2022-01-05 11:05:40.845920970
동부,2022-01-05 08:53:00,2022-01-05 08:57:34.380339424
중부,2022-01-05 06:25:00,2022-01-05 06:29:58.570777403
서부,2022-01-05 14:14:00,2022-01-05 14:18:12.774515336
북부,2022-01-05 21:20:00,2022-01-05 21:27:37.903710391
서부,2022-01-05 10:39:00,2022-01-05 10:43:40.926505182
동부,2022-01-05 02:51:00,2022-01-05 02:52:42.419318831
서부,2022-01-05 04:19:00,2022-01-05 04:20:17.537475476
남부,2022-01-05 10:40:00,2022-01-05 10:42:57.389797816
북부,2022-01-05 19:24:00,2022-01-05 19:32:10.789753716
중부,2022-01-05 15:52:00,2022-01-05 15:57:34.852930475
중부,2022-01-05 08:43:00,2022-01-05 08:47:40.365231668
북부,2022-01-05 03:47:00,2022-01-05 03:49:40.403016293
동부,2022-01-05 05:22:00,2022-01-05 05:23:06.451991453
서부,2022-01-05 12:58:00,2022-01-05 13:02:21.376349674
중부,2022-01-05 13:11:00,2022-01-05 13:16:34.009127477
서부,2022-01-05 12:15:00,2022-01-05 12:19:52.242472547
동부,2022-01-05 14:14:00,2022-01-05 14:19:51.558358466
동부,2022-01-05 03:17:00,2022-01-05 03:18:39.605715531
남부,2022-01-05 08:21:00,2022-01-05 08:23:00.916574792
중부,2022-01-05 07:07:00,2022-01-05 07:13:43.408427948
동부,2022-01-05 13:17:00,2022-01-05 13:21:32.705255076
동부,2022-01-05 09:36:00,2022-01-05 09:39:18.709633231
남부,2022-01-05 03:36:00,2022-01-05 03:37:45.587895884
서부,2022-01-05 20:17:00,2022-01-05 20:23:51.957918147
남부,2022-01-05 15:21:00,2022-01-05 15:26:15.225617442
동부,2022-01-05 18:54:00,2022-01-05 19:01:04.823905395
서부,2022-01-05 13:04:00,2022-01-05 13:09:31.632980728
중부,2022-01-05 17:33:00,2022-01-05 17:38:43.555750320
북부,2022-01-05 14:49:00,2022-01-05 14:55:52.170697843
동부,2022-01-05 23:20:00,2022-01-05 23:28:46.696161557
서부,2022-01-05 22:03:00,2022-01-05 22:11:17.451733525
중부,2022-01-05 23:11:00,2022-01-05 23:19:29.087784835
중부,2022-01-05 08:55:00,2022-01-05 09:00:08.752828888
북부,2022-01-05 14:43:00,2022-01-05 14:47:18.468991567
북부,2022-01-05 03:08:00,2022-01-05 03:10:49.060785221
북부,2022-01-05 21:15:00,2022-01-05 21:22:04.368308899
북부,2022-01-05 12:35:00,2022-01-05 12:39:49.055128590
서부,2022-01-05 16:38:00,2022-01-05 16:42:56.264988953
서부,2022-01-05 08:52:00,2022-01-05 08:55:01.525618707
동부,2022-01-05 21:22:00,2022-01-05 21:30:23.087399698
중부,2022-01-05 08:57:00,2022-01-05 09:00:27.436727477
북부,2022-01-06 09:03:00,2022-01-06 09:06:18.789259130
남부,2022-01-06 06:55:00,2022-01-06 06:59:47.286985832
북부,2022-01-06 10:11:00,2022-01-06 10:14:13.228704741
서부,2022-01-06 12:55:00,2022-01-06 13:00:37.625922354
동부,2022-01-06 21:44:00,2022-01-06 21:52:28.202950666
서부,2022-01-06 09:08:00,2022-01-06 09:11:14.783992390
동부,2022-01-06 17:44:00,2022-01-06 17:50:23.610357488
동부,2022-01-06 09:17:00,2022-01-06 09:19:28.354194096
북부,2022-01-06 13:43:00,2022-01-06 13:47:19.316305775
북부,2022-01-06 08:23:00,2022-01-06 08:27:45.199194866
남부,2022-01-06 01:08:00,2022-01-06 01:11:01.566663999
서부,2022-01-06 07:22:00,2022-01-06 07:25:09.513793525
남부,2022-01-06 04:12:00,2022-01-06 04:14:26.923308789
남부,2022-01-06 14:03:00,2022-01-06 14:06:19.236595750
중부,2022-01-06 16:57:00,2022-01-06 17:02:27.792874800
중부,2022-01-06 12:31:00,2022-01-06 12:34:57.792734179
서부,2022-01-06 07:09:00,2022-01-06 07:12:41.277717512
서부,2022-01-06 20:46:00,2022-01-06 20:55:13.827019006
서부,2022-01-06 06:49:00,2022-01-06 06:53:23.655971602
북부,2022-01-06 05:08:00,2022-01-06 05:10:16.487848954
동부,2022-01-06 15:04:00,2022-01-06 15:08:27.630131517
북부,2022-01-06 22:57:00,2022-01-06 23:04:58.034819147
북부,2022-01-06 15:58:00,2022-01-06 16:02:35.750078828
서부,2022-01-06 05:03:00,2022-01-06 05:04:19.861450293
서부,2022-01-06 13:46:00,2022-01-06 13:49:51.125771440
서부,2022-01-06 06:06:00,2022-01-06 06:09:49.710015346
북부,2022-01-06 06:13:00,2022-01-06 06:15:04.580537342
남부,2022-01-06 13:02:00,2022-01-06 13:06:34.534200648
중부,2022-01-06 02:47:00,2022-01-06 02:48:00.000000000
북부,2022-01-06 19:38:00,2022-01-06 19:46:00.344769248
서부,2022-01-06 16:56:00,2022-01-06 17:00:33.315484325
남부,2022-01-06 13:11:00,2022-01-06 13:15:09.345589199
남부,2022-01-06 18:54:00,2022-01-06 19:04:59.923472644
북부,2022-01-06 07:29:00,2022-01-06 07:35:07.377079974
서부,2022-01-06 22:35:00,2022-01-06 22:41:40.402313601
남부,2022-01-06 13:57:00,2022-01-06 14:02:32.589640724
중부,2022-01-06 14:36:00,2022-01-06 14:40:12.705390558
남부,2022-01-06 15:31:00,2022-01-06 15:36:31.708063302
중부,2022-01-06 08:07:00,2022-01-06 08:10:11.167351283
남부,2022-01-06 14:36:00,2022-01-06 14:40:06.059280050
동부,2022-01-06 08:41:00,2022-01-06 08:44:02.639701684
중부,2022-01-06 03:02:00,2022-01-06 03:03:30.103754987
남부,2022-01-06 15:04:00,2022-01-06 15:09:07.829871658
서부,2022-01-06 05:37:00,2022-01-06 05:38:58.762389208
중부,2022-01-06 01:01:00,2022-01-06 01:02:01.516421031
북부,2022-01-06 21:05:00,2022-01-06 21:13:20.255097458
동부,2022-01-06 14:13:00,2022-01-06 14:17:53.920230643
서부,2022-01-06 01:53:00,2022-01-06 01:55:36.059156951
북부,2022-01-06 02:23:00,2022-01-06 02:25:06.501057325
남부,2022-01-06 13:49:00,2022-01-06 13:54:31.690730553
남부,2022-01-06 02:41:00,2022-01-06 02:44:46.274098384
북부,2022-01-06 01:11:00,2022-01-06 01:13:07.505538022
서부,2022-01-06 14:30:00,2022-01-06 14:36:52.580226523
남부,2022-01-06 15:02:00,2022-01-06 15:07:28.112795152
서부,2022-01-06 04:42:00,2022-01-06 04:43:11.483929215
북부,2022-01-06 20:35:00,2022-01-06 20:42:23.430208631
동부,2022-01-06 04:59:00,2022-01-06 05:02:44.746717042
북부,2022-01-06 21:20:00,2022-01-06 21:28:02.409154471
중부,2022-01-06 09:11:00,2022-01-06 09:14:36.366761121
동부,2022-01-06 22:00:00,2022-01-06 22:07:24.723955898
서부,2022-01-07 03:55:00,2022-01-07 03:57:38.309096804
남부,2022-01-07 09:39:00,2022-01-07 09:44:23.846602189
서부,2022-01-07 18:36:00,2022-01-07 18:44:35.481656689
중부,2022-01-07 20:09:00,2022-01-07 20:15:16.405538228
남부,2022-01-07 12:24:00,2022-01-07 12:27:34.896554798
남부,2022-01-07 09:13:00,2022-01-07 09:16:08.937709489
중부,2022-01-07 13:40:00,2022-01-07 13:44:30.948942874
북부,2022-01-07 19:36:00,2022-01-07 19:44:18.220943469
서부,2022-01-07 20:57:00,2022-01-07 21:04:18.779056800
북부,2022-01-07 01:20:00,2022-01-07 01:21:00.000000000
북부,2022-01-07 17:28:00,2022-01-07 17:32:24.663046362
동부,2022-01-07 13:39:00,2022-01-07 13:44:29.775774567
중부,2022-01-07 20:36:00,2022-01-07 20:43:05.592325379
서부,2022-01-07 03:01:00,2022-01-07 03:04:09.321970733
북부,2022-01-07 01:50:00,2022-01-07 01:51:01.898822168
남부,2022-01-07 07:08:00,2022-01-07 07:12:04.407383094
중부,2022-01-07 10:07:00,2022-01-07 10:10:15.525135267
동부,2022-01-07 18:10:00,2022-01-07 18:16:36.136269117
동부,2022-01-07 13:42:00,2022-01-07 13:45:33.580094115
남부,2022-01-07 01:49:00,2022-01-07 01:50:55.799112397
동부,2022-01-07 09:07:00,2022-01-07 09:11:14.404272446
동부,2022-01-07 00:51:00,2022-01-07 00:52:53.397255173
서부,2022-01-07 04:28:00,2022-01-07 04:29:00.000000000
동부,2022-01-07 22:02:00,2022-01-07 22:10:55.875575346
남부,2022-01-07 05:30:00,2022-01-07 05:32:27.663922306
동부,2022-01-07 05:31:00,2022-01-07 05:33:29.825160188
동부,2022-01-07 13:53:00,2022-01-07 13:58:38.135504681
남부,2022-01-07 09:40:00,2022-01-07 09:43:37.314618183
중부,2022-01-07 07:28:00,2022-01-07 07:31:36.509719600
중부,2022-01-07 19:58:00,2022-01-07 20:06:42.245679487
북부,2022-01-07 10:53:00,2022-01-07 10:54:14.836880282
서부,2022-01-07 19:57:00,2022-01-07 20:06:33.504407119
서부,2022-01-07 15:57:00,2022-01-07 16:01:26.372824414
동부,2022-01-07 08:07:00,2022-01-07 08:10:36.499665180
북부,2022-01-07 08:20:00,2022-01-07 08:23:37.914506174
동부,2022-01-07 09:09:00,2022-01-07 09:10:56.727372843
서부,2022-01-07 16:29:00,2022-01-07 16:31:24.996002203
남부,2022-01-07 16:22:00,2022-01-07 16:27:34.062386170
북부,2022-01-07 12:27:00,2022-01-07 12:33:01.722745915
중부,2022-01-07 07:04:00,2022-01-07 07:06:54.864253953
북부,2022-01-07 17:07:00,2022-01-07 17:13:31.606726037
남부,2022-01-07 09:47:00,2022-01-07 09:51:30.701709804
중부,2022-01-07 23:33:00,2022-01-07 23:40:41.110210308
북부,2022-01-07 10:58:00,2022-01-07 11:02:43.037849202
북부,2022-01-07 18:03:00,2022-01-07 18:10:00.260004083
서부,2022-01-07 09:44:00,2022-01-07 09:48:58.019336926
동부,2022-01-07 02:23:00,2022-01-07 02:24:27.530692791
북부,2022-01-07 20:28:00,2022-01-07 20:35:51.352249964
북부,2022-01-07 21:09:00,2022-01-07 21:17:07.786648938
남부,2022-01-07 02:31:00,2022-01-07 02:32:27.435914200
남부,2022-01-07 15:47:00,2022-01-07 15:51:51.773893959
동부,2022-01-07 12:52:00,2022-01-07 12:57:49.422421620
동부,2022-01-07 10:02:00,2022-01-07 10:06:12.261076896
중부,2022-01-07 23:34:00,2022-01-07 23:42:15.731748507
서부,2022-01-07 15:21:00,2022-01-07 15:27:47.024800212
중부,2022-01-07 09:03:00,2022-01-07 09:06:39.231944222
남부,2022-01-07 03:50:00,2022-01-07 03:52:28.652638524
북부,2022-01-07 14:25:00,2022-01-07 14:30:40.318239952
동부,2022-01-07 17:02:00,2022-01-07 17:09:13.849401783
동부,2022-01-07 12:53:00,2022-01-07 12:58:05.708313685
북부,2022-01-08 00:07:00,2022-01-08 00:08:46.449993441
북부,2022-01-08 19:06:00,2022-01-08 19:15:29.670264917
중부,2022-01-08 03:04:00,2022-01-08 03:06:47.275428284
동부,2022-01-08 03:08:00,2022-01-08 03:09:20.360052943
중부,2022-01-08 13:17:00,2022-01-08 13:21:28.999109161
북부,2022-01-08 16:17:00,2022-01-08 16:22:09.433241955
동부,2022-01-08 13:39:00,2022-01-08 13:43:50.722034822
남부,2022-01-08 17:36:00,2022-01-08 17:41:40.423237713
남부,2022-01-08 22:31:00,2022-01-08 22:37:57.461384678
남부,2022-01-08 21:20:00,2022-01-08 21:28:53.236257554
서부,2022-01-08 22:13:00,2022-01-08 22:21:44.053577892
북부,2022-01-08 22:55:00,2022-01-08 23:01:32.560823560
동부,2022-01-08 05:40:00,2022-01-08 05:41:00.000000000
남부,2022-01-08 03:42:00,2022-01-08 03:44:02.598682994
동부,2022-01-08 21:44:00,2022-01-08 21:53:37.016000001
중부,2022-01-08 20:55:00,2022-01-08 21:04:18.584324996
서부,2022-01-08 01:05:00,2022-01-08 01:07:55.991616508
동부,2022-01-08 03:16:00,2022-01-08 03:17:00.000000000
서부,2022-01-08 06:28:00,2022-01-08 06:31:17.434331176
남부,2022-01-08 18:27:00,2022-01-08 18:34:07.560987269
남부,2022-01-08 04:26:00,2022-01-08 04:27:34.134827114
서부,2022-01-08 01:42:00,2022-01-08 01:43:41.607366432
남부,2022-01-08 16:46:00,2022-01-08 16:50:06.996060965
중부,2022-01-08 03:48:00,2022-01-08 03:50:44.618009943
남부,2022-01-08 14:07:00,2022-01-08 14:11:12.369425072
남부,2022-01-08 10:46:00,2022-01-08 10:50:59.206437445
중부,2022-01-08 18:43:00,2022-01-08 18:50:21.403626535
서부,2022-01-08 01:21:00,2022-01-08 01:22:15.909899843
북부,2022-01-08 08:05:00,2022-01-08 08:09:46.938281057
동부,2022-01-08 14:46:00,2022-01-08 14:51:39.533423956
중부,2022-01-08 12:16:00,2022-01-08 12:21:14.689725981
서부,2022-01-08 01:57:00,2022-01-08 02:00:47.546564864
서부,2022-01-08 11:06:00,2022-01-08 11:08:20.394434596
서부,2022-01-08 15:34:00,2022-01-08 15:39:31.187261259
서부,2022-01-08 17:56:00,2022-01-08 18:02:11.509427453
중부,2022-01-08 04:00:00,2022-01-08 04:02:13.354638279
서부,2022-01-08 00:43:00,2022-01-08 00:44:17.176008901
중부,2022-01-08 20:08:00,2022-01-08 20:15:33.867933922
남부,2022-01-08 05:46:00,2022-01-08 05:48:13.807379439
남부,2022-01-08 07:22:00,2022-01-08 07:26:49.310991205
중부,2022-01-08 22:17:00,2022-01-08 22:23:06.281325360
북부,2022-01-08 22:16:00,2022-01-08 22:24:25.603569469
북부,2022-01-08 13:37:00,2022-01-08 13:41:47.570258994
서부,2022-01-08 22:48:00,2022-01-08 22:55:10.858054578
서부,2022-01-08 11:01:00,2022-01-08 11:04:53.588763971
남부,2022-01-08 11:38:00,2022-01-08 11:41:35.254494501
중부,2022-01-08 20:30:00,2022-01-08 20:37:11.499039350
중부,2022-01-08 11:04:00,2022-01-08 11:06:53.344862134
동부,2022-01-08 08:23:00,2022-01-08 08:27:20.228283166
서부,2022-01-08 13:36:00,2022-01-08 13:41:05.556224915
남부,2022-01-08 16:36:00,2022-01-08 16:40:32.055031135
동부,2022-01-08 21:12:00,2022-01-08 21:19:24.579502983
동부,2022-01-08 14:56:00,2022-01-08 15:01:38.461583549
서부,2022-01-08 07:25:00,2022-01-08 07:28:38.184960168
동부,2022-01-08 02:03:00,2022-01-08 02:04:00.000000000
동부,2022-01-08 19:46:00,2022-01-08 19:55:24.839494497
서부,2022-01-08 10:10:00,2022-01-08 10:15:03.879688536
중부,2022-01-08 22:27:00,2022-01-08 22:34:26.778111119
동부,2022-01-08 08:46:00,2022-01-08 08:47:49.079373982
북부,2022-01-08 10:56:00,2022-01-08 10:58:59.681041813
중부,2022-01-09 10:35:00,2022-01-09 10:38:38.413137891
동부,2022-01-09 07:47:00,2022-01-09 07:51:25.830733425
남부,2022-01-09 18:07:00,2022-01-09 18:16:30.504904376
서부,2022-01-09 21:37:00,2022-01-09 21:47:02.206020452
북부,2022-01-09 08:04:00,2022-01-09 08:07:57.953421829
중부,2022-01-09 04:38:00,2022-01-09 04:41:12.252661892
중부,2022-01-09 11:35:00,2022-01-09 11:38:58.288308575
북부,2022-01-09 19:38:00,2022-01-09 19:45:21.283566098
북부,2022-01-09 02:10:00,2022-01-09 02:11:22.013346920
남부,2022-01-09 21:48:00,2022-01-09 21:55:56.510582284
남부,2022-01-09 07:06:00,2022-01-09 07:10:32.386744237
동부,2022-01-09 19:08:00,2022-01-09 19:16:38.137350609
서부,2022-01-09 10:50:00,2022-01-09 10:54:28.530183089
동부,2022-01-09 11:58:00,2022-01-09 12:04:27.322982549
중부,2022-01-09 03:51:00,2022-01-09 03:52:05.261625280
중부,2022-01-09 19:14:00,2022-01-09 19:21:24.453188776
북부,2022-01-09 02:30:00,2022-01-09 02:31:05.364925133
서부,2022-01-09 08:33:00,2022-01-09 08:36:44.711749752
북부,2022-01-09 14:30:00,2022-01-09 14:36:28.926819809
남부,2022-01-09 07:48:00,2022-01-09 07:53:25.389114271
북부,2022-01-09 02:31:00,2022-01-09 02:33:38.629407536
서부,2022-01-09 05:04:00,2022-01-09 05:06:29.399822861
서부,2022-01-09 10:07:00,2022-01-09 10:11:12.801391009
중부,2022-01-09 01:10:00,2022-01-09 01:13:46.144173303
중부,2022-01-09 22:25:00,2022-01-09 22:34:28.858530044
동부,2022-01-09 21:33:00,2022-01-09 21:40:42.602883541
남부,2022-01-09 03:37:00,2022-01-09 03:39:07.886584141
서부,2022-01-09 22:17:00,2022-01-09 22:25:22.383933340
동부,2022-01-09 06:41:00,2022-01-09 06:45:40.172251816
중부,2022-01-09 23:20:00,2022-01-09 23:28:04.207997086
서부,2022-01-09 03:32:00,2022-01-09 03:34:56.042220795
남부,2022-01-09 19:11:00,2022-01-09 19:18:42.114281619
북부,2022-01-09 01:09:00,2022-01-09 01:10:16.650531089
동부,2022-01-09 09:38:00,2022-01-09 09:41:11.639227298
서부,2022-01-09 05:22:00,2022-01-09 05:24:20.707701875
동부,2022-01-09 02:21:00,2022-01-09 02:26:00.377041011
서부,2022-01-09 23:56:00,2022-01-10 00:02:52.916260153
남부,2022-01-09 16:14:00,2022-01-09 16:20:40.095959352
북부,2022-01-09 02:29:00,2022-01-09 02:30:00.000000000
남부,2022-01-09 20:39:00,2022-01-09 20:46:15.651924813
남부,2022-01-09 17:21:00,2022-01-09 17:26:32.378879972
서부,2022-01-09 17:30:00,2022-01-09 17:33:53.392961453
중부,2022-01-09 05:07:00,2022-01-09 05:08:49.040329479
동부,2022-01-09 17:30:00,2022-01-09 17:35:05.944285976
동부,2022-01-09 09:11:00,2022-01-09 09:15:59.269027511
남부,2022-01-09 13:47:00,2022-01-09 13:51:40.842973438
서부,2022-01-09 16:01:00,2022-01-09 16:04:28.372595521
남부,2022-01-09 02:03:00,2022-01-09 02:06:02.658356482
북부,2022-01-09 05:53:00,2022-01-09 05:55:15.802874533
남부,2022-01-09 13:11:00,2022-01-09 13:17:11.493411660
중부,2022-01-09 22:15:00,2022-01-09 22:23:02.862169556
서부,2022-01-09 05:09:00,2022-01-09 05:10:51.211997585
동부,2022-01-09 11:39:00,2022-01-09 11:42:25.796856426
중부,2022-01-09 16:38:00,2022-01-09 16:41:58.986038706
중부,2022-01-09 06:47:00,2022-01-09 06:51:23.894729263
북부,2022-01-09 23:49:00,2022-01-09 23:54:48.305666116
동부,2022-01-09 16:56:00,2022-01-09 17:01:33.211667801
서부,2022-01-09 20:06:00,2022-01-09 20:13:43.480030563
동부,2022-01-09 18:41:00,2022-01-09 18:50:42.237921849
북부,2022-01-09 09:02:00,2022-01-09 09:04:19.871888631
중부,2022-01-10 18:21:00,2022-01-10 18:29:04.178589310
남부,2022-01-10 07:40:00,2022-01-10 07:42:28.111281610
중부,2022-01-10 17:08:00,2022-01-10 17:11:59.807186534
동부,2022-01-10 06:33:00,2022-01-10 06:35:51.716514729
중부,2022-01-10 10:02:00,2022-01-10 10:06:40.026365852
남부,2022-01-10 13:43:00,2022-01-10 13:46:42.277046380
동부,2022-01-10 20:25:00,2022-01-10 20:33:02.334647063
중부,2022-01-10 18:56:00,2022-01-10 19:04:24.466225185
남부,2022-01-10 11:22:00,2022-01-10 11:25:35.754362777
서부,2022-01-10 02:58:00,2022-01-10 03:00:33.107749313
동부,2022-01-10 09:29:00,2022-01-10 09:33:32.397511034
남부,2022-01-10 03:20:00,2022-01-10 03:22:01.714657826
서부,2022-01-10 23:46:00,2022-01-10 23:53:38.265580152
남부,2022-01-10 07:08:00,2022-01-10 07:10:53.387838283
중부,2022-01-10 06:03:00,2022-01-10 06:07:15.214158837
서부,2022-01-10 03:21:00,2022-01-10 03:23:32.283459956
서부,2022-01-10 18:51:00,2022-01-10 18:58:27.102502154
북부,2022-01-10 03:01:00,2022-01-10 03:02:00.000000000
남부,2022-01-10 18:22:00,2022-01-10 18:27:32.967796481
서부,2022-01-10 05:49:00,2022-01-10 05:51:00.384501591
남부,2022-01-10 19:34:00,2022-01-10 19:40:56.826255712
남부,2022-01-10 09:16:00,2022-01-10 09:20:03.387828743
서부,2022-01-10 01:54:00,2022-01-10 01:55:00.000000000
북부,2022-01-10 18:11:00,2022-01-10 18:20:06.169587825
남부,2022-01-10 16:44:00,2022-01-10 16:49:10.542720427
서부,2022-01-10 14:04:00,2022-01-10 14:08:29.519653711
중부,2022-01-10 04:13:00,2022-01-10 04:14:14.051429641
남부,2022-01-10 02:47:00,2022-01-10 02:48:34.920293957
중부,2022-01-10 03:55:00,2022-01-10 03:57:46.071988694
북부,2022-01-10 05:16:00,2022-01-10 05:17:00.000000000
남부,2022-01-10 00:51:00,2022-01-10 00:53:04.135594958
남부,2022-01-10 18:08:00,2022-01-10 18:16:22.622628161
서부,2022-01-10 12:14:00,2022-01-10 12:19:57.802745734
북부,2022-01-10 22:15:00,2022-01-10 22:23:16.667677344
북부,2022-01-10 14:29:00,2022-01-10 14:35:03.909669681
북부,2022-01-10 22:08:00,2022-01-10 22:14:24.320925333
동부,2022-01-10 05:37:00,2022-01-10 05:38:24.555563288
북부,2022-01-10 07:24:00,2022-01-10 07:28:18.977136521
북부,2022-01-10 05:12:00,2022-01-10 05:13:49.034645321
동부,2022-01-10 10:36:00,2022-01-10 10:37:05.284728267
남부,2022-01-10 02:39:00,2022-01-10 02:41:38.595762952
동부,2022-01-10 13:42:00,2022-01-10 13:47:34.247777965
남부,2022-01-10 05:03:00,2022-01-10 05:04:00.000000000
남부,2022-01-10 06:48:00,2022-01-10 06:53:50.175131245
서부,2022-01-10 00:18:00,2022-01-10 00:19:00.000000000
동부,2022-01-10 06:16:00,2022-01-10 06:20:13.232107001
서부,2022-01-10 19:04:00,2022-01-10 19:12:15.367956747
동부,2022-01-10 19:17:00,2022-01-10 19:24:27.591361004
동부,2022-01-10 20:32:00,2022-01-10 20:39:52.522346809
북부,2022-01-10 06:55:00,2022-01-10 06:58:03.410535667
남부,2022-01-10 09:35:00,2022-01-10 09:40:00.675608017
동부,2022-01-10 11:28:00,2022-01-10 11:32:39.995444949
서부,2022-01-10 00:02:00,2022-01-10 00:04:35.294368385
중부,2022-01-10 00:43:00,2022-01-10 00:44:27.103465101
중부,2022-01-10 07:33:00,2022-01-10 07:37:42.397061560
서부,2022-01-10 05:57:00,2022-01-10 06:00:29.017752918
서부,2022-01-10 05:14:00,2022-01-10 05:15:50.810237207
서부,2022-01-10 18:18:00,2022-01-10 18:25:56.829317182
서부,2022-01-10 06:53:00,2022-01-10 06:55:37.880220174
북부,2022-01-10 13:31:00,2022-01-10 13:36:10.008220060
중부,2022-01-11 23:32:00,2022-01-11 23:42:18.177418477
동부,2022-01-11 16:49:00,2022-01-11 16:52:55.000175431
동부,2022-01-11 07:17:00,2022-01-11 07:21:34.119567843
중부,2022-01-11 23:30:00,2022-01-11 23:37:51.688549495
서부,2022-01-11 17:56:00,2022-01-11 18:01:43.524548518
동부,2022-01-11 21:30:00,2022-01-11 21:37:10.679124845
북부,2022-01-11 21:03:00,2022-01-11 21:12:06.178378115
서부,2022-01-11 08:20:00,2022-01-11 08:23:27.872443342
중부,2022-01-11 13:36:00,2022-01-11 13:40:16.864467169
서부,2022-01-11 04:56:00,2022-01-11 04:57:00.000000000
서부,2022-01-11 02:52:00,2022-01-11 02:54:27.152288947
북부,2022-01-11 11:26:00,2022-01-11 11:29:24.743681209
중부,2022-01-11 06:22:00,2022-01-11 06:24:59.944736101
남부,2022-01-11 23:23:00,2022-01-11 23:29:49.091607324
남부,2022-01-11 23:35:00,2022-01-11 23:43:16.682057623
남부,2022-01-11 04:37:00,2022-01-11 04:38:00.000000000
북부,2022-01-11 11:17:00,2022-01-11 11:21:54.205977501
동부,2022-01-11 15:19:00,2022-01-11 15:22:58.822821331
남부,2022-01-11 18:18:00,2022-01-11 18:26:42.970938704
서부,2022-01-11 09:00:00,2022-01-11 09:03:04.444890505
남부,2022-01-11 17:56:00,2022-01-11 18:01:07.127100737
북부,2022-01-11 11:28:00,2022-01-11 11:29:37.611577057
동부,2022-01-11 02:47:00,2022-01-11 02:48:00.000000000
남부,2022-01-11 09:51:00,2022-01-11 09:54:47.356257983
남부,2022-01-11 00:15:00,2022-01-11 00:16:01.747624808
서부,2022-01-11 21:48:00,2022-01-11 21:56:45.177480576
서부,2022-01-11 03:45:00,2022-01-11 03:47:25.212381200
남부,2022-01-11 13:12:00,2022-01-11 13:17:53.554535737
남부,2022-01-11 05:09:00,2022-01-11 05:10:00.000000000
동부,2022-01-11 11:47:00,2022-01-11 11:51:05.902096792
중부,2022-01-11 07:26:00,2022-01-11 07:28:31.457223336
남부,2022-01-11 08:55:00,2022-01-11 08:59:10.726344450
남부,2022-01-11 03:17:00,2022-01-11 03:18:22.667370501
서부,2022-01-11 10:02:00,2022-01-11 10:07:27.120087470
중부,2022-01-11 08:58:00,2022-01-11 09:03:29.540568255
서부,2022-01-11 10:47:00,2022-01-11 10:51:12.949761706
동부,2022-01-11 14:40:00,2022-01-11 14:47:27.190439349
남부,2022-01-11 23:52:00,2022-01-11 23:59:56.834642795
동부,2022-01-11 15:13:00,2022-01-11 15:19:02.081058113
중부,2022-01-11 22:36:00,2022-01-11 22:43:22.567998391
남부,2022-01-11 11:54:00,2022-01-11 11:59:11.702708765
남부,2022-01-11 04:24:00,2022-01-11 04:26:43.535111808
동부,2022-01-11 15:11:00,2022-01-11 15:16:24.107720363
북부,2022-01-11 10:47:00,2022-01-11 10:51:20.764051382
남부,2022-01-11 02:11:00,2022-01-11 02:12:17.278994191
북부,2022-01-11 20:08:00,2022-01-11 20:15:46.057161867
남부,2022-01-11 19:58:00,2022-01-11 20:05:15.410791599
북부,2022-01-11 08:23:00,2022-01-11 08:29:32.146588806
동부,2022-01-11 13:21:00,2022-01-11 13:28:26.241713260
서부,2022-01-11 00:39:00,2022-01-11 00:42:03.459635638
서부,2022-01-11 17:31:00,2022-01-11 17:35:35.342968704
북부,2022-01-11 20:18:00,2022-01-11 20:27:21.528196869
남부,2022-01-11 22:18:00,2022-01-11 22:23:55.311955662
서부,2022-01-11 20:56:00,2022-01-11 21:04:18.638822604
북부,2022-01-11 10:42:00,2022-01-11 10:47:48.183583283
동부,2022-01-11 19:59:00,2022-01-11 20:05:48.476641845
중부,2022-01-11 03:31:00,2022-01-11 03:32:40.880888724
중부,2022-01-11 12:08:00,2022-01-11 12:13:35.708902436
남부,2022-01-11 04:28:00,2022-01-11 04:29:06.209170419
중부,2022-01-11 22:44:00,2022-01-11 22:52:48.205573545
남부,2022-01-12 23:09:00,2022-01-12 23:15:36.075425651
중부,2022-01-12 11:11:00,2022-01-12 11:16:21.110725290
북부,2022-01-12 16:03:00,2022-01-12 16:09:18.661225257
남부,2022-01-12 23:09:00,2022-01-12 23:15:59.976847224
서부,2022-01-12 06:57:00,2022-01-12 07:01:12.591877293
서부,2022-01-12 01:07:00,2022-01-12 01:08:21.200153397
서부,2022-01-12 00:43:00,2022-01-12 00:44:27.523665948
중부,2022-01-12 00:18:00,2022-01-12 00:19:00.000000000
중부,2022-01-12 09:09:00,2022-01-12 09:11:51.470160648
남부,2022-01-12 11:45:00,2022-01-12 11:50:10.793314408
서부,2022-01-12 08:01:00,2022-01-12 08:04:55.797211993
북부,2022-01-12 22:20:00,2022-01-12 22:27:02.907284669
동부,2022-01-12 06:05:00,2022-01-12 06:08:58.082403078
서부,2022-01-12 15:06:00,2022-01-12 15:11:09.424698886
서부,2022-01-12 02:43:00,2022-01-12 02:44:00.000000000
서부,2022-01-12 03:53:00,2022-01-12 03:56:23.222869935
동부,2022-01-12 05:42:00,2022-01-12 05:46:09.046336395
남부,2022-01-12 06:39:00,2022-01-12 06:42:34.459265520
동부,2022-01-12 03:00:00,2022-01-12 03:01:37.959148165
서부,2022-01-12 22:35:00,2022-01-12 22:41:40.071669472
남부,2022-01-12 16:41:00,2022-01-12 16:45:21.084141391
북부,2022-01-12 01:38:00,2022-01-12 01:40:14.168490095
북부,2022-01-12 10:17:00,2022-01-12 10:20:34.913661105
동부,2022-01-12 00:24:00,2022-01-12 00:27:09.342645798
동부,2022-01-12 11:53:00,2022-01-12 11:56:08.647585273
동부,2022-01-12 23:04:00,2022-01-12 23:11:52.549464538
남부,2022-01-12 12:05:00,2022-01-12 12:10:35.776634044
중부,2022-01-12 06:40:00,2022-01-12 06:43:05.421110654
중부,2022-01-12 18:22:00,2022-01-12 18:30:18.209554211
남부,2022-01-12 13:57:00,2022-01-12 14:02:48.792800489
북부,2022-01-12 10:14:00,2022-01-12 10:18:06.533738733
남부,2022-01-12 19:42:00,2022-01-12 19:50:50.851701472
중부,2022-01-12 00:01:00,2022-01-12 00:02:00.000000000
남부,2022-01-12 09:32:00,2022-01-12 09:35:02.068584978
서부,2022-01-12 05:51:00,2022-01-12 05:53:14.096371443
북부,2022-01-12 20:54:00,2022-01-12 21:02:57.093586768
서부,2022-01-12 16:09:00,2022-01-12 16:15:15.713233950
남부,2022-01-12 09:32:00,2022-01-12 09:36:32.055843557
동부,2022-01-12 01:24:00,2022-01-12 01:25:00.000000000
동부,2022-01-12 07:18:00,2022-01-12 07:21:59.407064671
북부,2022-01-12 13:34:00,2022-01-12 13:38:41.009833417
북부,2022-01-12 06:44:00,2022-01-12 06:49:04.865151381
서부,2022-01-12 06:15:00,2022-01-12 06:18:00.990281227
동부,2022-01-12 09:49:00,2022-01-12 09:52:47.565400235
동부,2022-01-12 03:11:00,2022-01-12 03:14:30.435331190
북부,2022-01-12 06:45:00,2022-01-12 06:47:48.787302110
동부,2022-01-12 14:40:00,2022-01-12 14:46:28.983116223
서부,2022-01-12 17:33:00,2022-01-12 17:38:31.917526663
중부,2022-01-12 20:53:00,2022-01-12 21:00:48.229320478
중부,2022-01-12 16:04:00,2022-01-12 16:09:35.788663664
동부,2022-01-12 05:48:00,2022-01-12 05:49:44.573552016
남부,2022-01-12 22:40:00,2022-01-12 22:47:35.830421129
서부,2022-01-12 10:28:00,2022-01-12 10:31:13.091611217
남부,2022-01-12 09:56:00,2022-01-12 10:00:22.826951869
중부,2022-01-12 23:57:00,2022-01-13 00:04:11.121051670
중부,2022-01-12 17:27:00,2022-01-12 17:29:46.810949854
동부,2022-01-12 04:36:00,2022-01-12 04:39:27.702438762
남부,2022-01-12 23:16:00,2022-01-12 23:24:25.167650477
동부,2022-01-12 11:18:00,2022-01-12 11:21:53.041188535
중부,2022-01-12 23:42:00,2022-01-12 23:50:02.863627308
남부,2022-01-13 10:08:00,2022-01-13 10:13:03.990004423
북부,2022-01-13 23:09:00,2022-01-13 23:16:57.329657662
남부,2022-01-13 09:37:00,2022-01-13 09:41:37.707118196
서부,2022-01-13 02:33:00,2022-01-13 02:34:00.000000000
중부,2022-01-13 00:32:00,2022-01-13 00:37:05.479298714
중부,2022-01-13 00:18:00,2022-01-13 00:20:52.436971413
동부,2022-01-13 03:50:00,2022-01-13 03:51:00.000000000
남부,2022-01-13 22:18:00,2022-01-13 22:27:15.796504722
서부,2022-01-13 20:21:00,2022-01-13 20:31:43.741030746
북부,2022-01-13 11:00:00,2022-01-13 11:04:07.557212315
서부,2022-01-13 06:41:00,2022-01-13 06:45:09.611265453
중부,2022-01-13 12:00:00,2022-01-13 12:05:38.689828676
남부,2022-01-13 22:19:00,2022-01-13 22:27:19.085001509
중부,2022-01-13 01:43:00,2022-01-13 01:44:55.819062719
서부,2022-01-13 16:57:00,2022-01-13 17:01:18.557930310
남부,2022-01-13 13:48:00,2022-01-13 13:51:38.997429297
중부,2022-01-13 19:37:00,2022-01-13 19:46:34.839882047
남부,2022-01-13 09:00:00,2022-01-13 09:03:23.819992577
서부,2022-01-13 11:31:00,2022-01-13 11:34:20.855959267
서부,2022-01-13 18:33:00,2022-01-13 18:40:09.683468476
서부,2022-01-13 12:57:00,2022-01-13 13:03:14.697075306
중부,2022-01-13 01:32:00,2022-01-13 01:36:18.000368291
동부,2022-01-13 10:29:00,2022-01-13 10:33:07.754631572
중부,2022-01-13 10:18:00,2022-01-13 10:21:01.199498217
북부,2022-01-13 09:08:00,2022-01-13 09:12:05.929935960
북부,2022-01-13 23:04:00,2022-01-13 23:13:00.511419605
중부,2022-01-13 22:34:00,2022-01-13 22:40:49.548239487
남부,2022-01-13 13:38:00,2022-01-13 13:42:18.982029275
중부,2022-01-13 20:28:00,2022-01-13 20:35:30.015985037
서부,2022-01-13 16:23:00,2022-01-13 16:26:18.859079925
북부,2022-01-13 21:41:00,2022-01-13 21:50:03.541570542
북부,2022-01-13 02:15:00,2022-01-13 02:17:01.312784886
남부,2022-01-13 01:28:00,2022-01-13 01:29:14.479653965
북부,2022-01-13 00:37:00,2022-01-13 00:38:00.000000000
동부,2022-01-13 13:52:00,2022-01-13 13:57:22.808669114
남부,2022-01-13 23:51:00,2022-01-14 00:00:15.627060249
서부,2022-01-13 17:25:00,2022-01-13 17:30:06.917158167
동부,2022-01-13 23:17:00,2022-01-13 23:24:34.804454684
동부,2022-01-13 20:07:00,2022-01-13 20:13:42.796145534
중부,2022-01-13 16:44:00,2022-01-13 16:49:45.215630843
서부,2022-01-13 03:44:00,2022-01-13 03:46:51.016285610
중부,2022-01-13 21:14:00,2022-01-13 21:22:02.662812321
동부,2022-01-13 09:06:00,2022-01-13 09:09:36.132715898
서부,2022-01-13 02:13:00,2022-01-13 02:14:43.346395264
서부,2022-01-13 13:58:00,2022-01-13 14:01:10.391896830
중부,2022-01-13 05:54:00,2022-01-13 05:58:00.954128308
중부,2022-01-13 14:35:00,2022-01-13 14:38:12.498875317
동부,2022-01-13 14:46:00,2022-01-13 14:50:28.952497233
남부,2022-01-13 08:25:00,2022-01-13 08:29:15.679616269
동부,2022-01-13 14:02:00,2022-01-13 14:07:37.345290576
남부,2022-01-13 19:44:00,2022-01-13 19:51:57.598937703
중부,2022-01-13 16:54:00,2022-01-13 16:58:04.397521370
서부,2022-01-13 07:02:00,2022-01-13 07:06:40.822007565
동부,2022-01-13 04:02:00,2022-01-13 04:03:09.753379433
서부,2022-01-13 01:59:00,2022-01-13 02:00:00.000000000
북부,2022-01-13 13:25:00,2022-01-13 13:28:00.935736274
동부,2022-01-13 20:08:00,2022-01-13 20:15:52.098865213
동부,2022-01-13 14:26:00,2022-01-13 14:30:03.853587694
북부,2022-01-13 00:52:00,2022-01-13 00:53:43.493848246
남부,2022-01-13 00:28:00,2022-01-13 00:29:33.338156809
북부,2022-01-14 17:35:00,2022-01-14 17:38:36.272021599
동부,2022-01-14 09:40:00,2022-01-14 09:44:32.052899120
서부,2022-01-14 11:57:00,2022-01-14 11:59:38.963238316
서부,2022-01-14 15:20:00,2022-01-14 15:24:44.009628801
중부,2022-01-14 02:33:00,2022-01-14 02:37:02.117048225
북부,2022-01-14 17:05:00,2022-01-14 17:09:31.382803033
북부,2022-01-14 06:27:00,2022-01-14 06:31:24.313204847
동부,2022-01-14 00:25:00,2022-01-14 00:26:00.000000000
동부,2022-01-14 16:38:00,2022-01-14 16:43:17.441924169
동부,2022-01-14 00:20:00,2022-01-14 00:21:00.000000000
서부,2022-01-14 17:25:00,2022-01-14 17:28:43.164014087
서부,2022-01-14 11:43:00,2022-01-14 11:48:17.277820018
북부,2022-01-14 16:17:00,2022-01-14 16:21:21.304721481
남부,2022-01-14 20:03:00,2022-01-14 20:11:50.829162854
중부,2022-01-14 17:28:00,2022-01-14 17:32:02.761958511
남부,2022-01-14 09:37:00,2022-01-14 09:40:00.626283915
서부,2022-01-14 15:32:00,2022-01-14 15:37:14.904330494
중부,2022-01-14 16:00:00,2022-01-14 16:02:51.629276024
북부,2022-01-14 11:37:00,2022-01-14 11:41:29.928691006
동부,2022-01-14 22:12:00,2022-01-14 22:19:41.345493007
북부,2022-01-14 18:36:00,2022-01-14 18:43:46.359077129
중부,2022-01-14 20:32:00,2022-01-14 20:39:51.864042756
북부,2022-01-14 02:05:00,2022-01-14 02:09:04.744270151
남부,2022-01-14 20:48:00,2022-01-14 20:55:07.786434466
서부,2022-01-14 20:02:00,2022-01-14 20:10:27.807921075
중부,2022-01-14 22:52:00,2022-01-14 23:00:25.574590370
중부,2022-01-14 11:23:00,2022-01-14 11:27:15.383691764
중부,2022-01-14 01:31:00,2022-01-14 01:35:01.634455618
동부,2022-01-14 15:45:00,2022-01-14 15:48:49.622411022
북부,2022-01-14 00:01:00,2022-01-14 00:02:12.192246838
북부,2022-01-14 20:08:00,2022-01-14 20:15:39.468721419
서부,2022-01-14 05:23:00,2022-01-14 05:24:00.000000000
중부,2022-01-14 16:13:00,2022-01-14 16:16:47.279123118
동부,2022-01-14 17:32:00,2022-01-14 17:36:23.793258828
동부,2022-01-14 16:59:00,2022-01-14 17:03:47.846849003
중부,2022-01-14 02:16:00,2022-01-14 02:17:36.431250460
서부,2022-01-14 01:32:00,2022-01-14 01:34:51.108341388
동부,2022-01-14 20:34:00,2022-01-14 20:43:33.951372844
서부,2022-01-14 21:30:00,2022-01-14 21:38:02.474205347
서부,2022-01-14 05:30:00,2022-01-14 05:32:27.406513439
동부,2022-01-14 06:21:00,2022-01-14 06:24:22.249355824
서부,2022-01-14 07:10:00,2022-01-14 07:15:01.036648178
동부,2022-01-14 03:59:00,2022-01-14 04:01:32.382202646
남부,2022-01-14 18:52:00,2022-01-14 18:59:11.356200234
서부,2022-01-14 04:20:00,2022-01-14 04:22:55.799494345
중부,2022-01-14 12:49:00,2022-01-14 12:53:52.149349351
북부,2022-01-14 02:27:00,2022-01-14 02:28:40.470264308
서부,2022-01-14 03:36:00,2022-01-14 03:37:00.000000000
북부,2022-01-14 05:39:00,2022-01-14 05:42:03.303604874
동부,2022-01-14 18:40:00,2022-01-14 18:47:48.874123387
북부,2022-01-14 06:40:00,2022-01-14 06:44:50.197777949
남부,2022-01-14 08:49:00,2022-01-14 08:52:36.120536242
중부,2022-01-14 07:14:00,2022-01-14 07:16:53.143807884
서부,2022-01-14 05:35:00,2022-01-14 05:37:42.563706092
중부,2022-01-14 10:26:00,2022-01-14 10:29:21.623508390
중부,2022-01-14 16:35:00,2022-01-14 16:41:14.767337104
남부,2022-01-14 06:11:00,2022-01-14 06:16:02.872861052
서부,2022-01-14 18:07:00,2022-01-14 18:15:48.244260839
서부,2022-01-14 23:30:00,2022-01-14 23:37:55.717993490
남부,2022-01-14 23:40:00,2022-01-14 23:48:12.936743926
서부,2022-01-15 01:16:00,2022-01-15 01:17:26.241201435
남부,2022-01-15 14:53:00,2022-01-15 14:58:14.677722674
동부,2022-01-15 08:03:00,2022-01-15 08:06:23.400650644
남부,2022-01-15 07:26:00,2022-01-15 07:28:35.814614346
남부,2022-01-15 21:27:00,2022-01-15 21:34:09.117352722
중부,2022-01-15 04:43:00,2022-01-15 04:44:33.967626269
서부,2022-01-15 01:34:00,2022-01-15 01:37:20.353304467
북부,2022-01-15 07:21:00,2022-01-15 07:25:20.347855176
동부,2022-01-15 09:02:00,2022-01-15 09:05:56.136525573
동부,2022-01-15 20:29:00,2022-01-15 20:38:01.969035401
동부,2022-01-15 02:36:00,2022-01-15 02:38:33.998002689
서부,2022-01-15 18:43:00,2022-01-15 18:49:43.939990999
북부,2022-01-15 11:51:00,2022-01-15 11:56:26.846772821
남부,2022-01-15 05:20:00,2022-01-15 05:21:09.697142891
중부,2022-01-15 01:17:00,2022-01-15 01:18:56.653008981
동부,2022-01-15 23:36:00,2022-01-15 23:43:58.479232716
북부,2022-01-15 00:35:00,2022-01-15 00:37:22.872196014
북부,2022-01-15 10:43:00,2022-01-15 10:47:50.863823252
중부,2022-01-15 14:17:00,2022-01-15 14:21:37.390129924
중부,2022-01-15 05:08:00,2022-01-15 05:09:31.166585717
동부,2022-01-15 14:15:00,2022-01-15 14:21:25.723224127
동부,2022-01-15 04:43:00,2022-01-15 04:45:03.294638378
서부,2022-01-15 15:16:00,2022-01-15 15:19:47.961471471
중부,2022-01-15 08:49:00,2022-01-15 08:52:32.582779322
남부,2022-01-15 21:22:00,2022-01-15 21:29:17.227586034
동부,2022-01-15 20:29:00,2022-01-15 20:35:52.110924152
동부,2022-01-15 10:50:00,2022-01-15 10:55:35.879465257
서부,2022-01-15 11:45:00,2022-01-15 11:50:01.471737849
남부,2022-01-15 18:54:00,2022-01-15 19:00:58.353143296
서부,2022-01-15 07:22:00,2022-01-15 07:27:37.905596728
서부,2022-01-15 03:21:00,2022-01-15 03:22:06.634031901
남부,2022-01-15 22:37:00,2022-01-15 22:46:07.818006243
북부,2022-01-15 00:33:00,2022-01-15 00:35:15.681484757
남부,2022-01-15 12:25:00,2022-01-15 12:29:06.062968233
동부,2022-01-15 15:26:00,2022-01-15 15:31:40.198500306
남부,2022-01-15 23:24:00,2022-01-15 23:31:52.904751911
중부,2022-01-15 08:55:00,2022-01-15 08:59:21.698556109
서부,2022-01-15 09:25:00,2022-01-15 09:30:35.804043238
북부,2022-01-15 22:11:00,2022-01-15 22:18:08.446775390
중부,2022-01-15 11:07:00,2022-01-15 11:09:46.982459050
북부,2022-01-15 13:43:00,2022-01-15 13:48:24.626944647
서부,2022-01-15 16:29:00,2022-01-15 16:34:32.116090753
동부,2022-01-15 19:41:00,2022-01-15 19:49:34.391660092
중부,2022-01-15 06:59:00,2022-01-15 07:03:43.852034281
북부,2022-01-15 07:21:00,2022-01-15 07:24:00.166479866
서부,2022-01-15 04:11:00,2022-01-15 04:14:34.443334162
중부,2022-01-15 22:44:00,2022-01-15 22:52:12.054799871
남부,2022-01-15 10:41:00,2022-01-15 10:44:25.436451877
북부,2022-01-15 08:21:00,2022-01-15 08:24:04.889488224
남부,2022-01-15 06:07:00,2022-01-15 06:10:19.102969285
남부,2022-01-15 01:17:00,2022-01-15 01:19:02.613704772
동부,2022-01-15 18:08:00,2022-01-15 18:15:56.614041170
남부,2022-01-15 12:31:00,2022-01-15 12:34:02.275367001
북부,2022-01-15 00:20:00,2022-01-15 00:21:55.734127993
북부,2022-01-15 13:30:00,2022-01-15 13:34:17.258047016
중부,2022-01-15 18:42:00,2022-01-15 18:49:18.387716232
북부,2022-01-15 07:10:00,2022-01-15 07:14:07.488244613
남부,2022-01-15 22:03:00,2022-01-15 22:11:05.597189914
중부,2022-01-15 17:11:00,2022-01-15 17:14:39.967750446
남부,2022-01-15 06:47:00,2022-01-15 06:49:35.609010474
서부,2022-01-16 10:46:00,2022-01-16 10:49:31.625610847
남부,2022-01-16 09:13:00,2022-01-16 09:18:20.165995949
중부,2022-01-16 12:14:00,2022-01-16 12:18:07.819599098
중부,2022-01-16 12:09:00,2022-01-16 12:12:12.963758272
중부,2022-01-16 00:09:00,2022-01-16 00:11:14.917881279
중부,2022-01-16 19:08:00,2022-01-16 19:15:58.356122931
동부,2022-01-16 07:57:00,2022-01-16 08:01:26.904738375
남부,2022-01-16 06:38:00,2022-01-16 06:42:38.169336880
북부,2022-01-16 19:46:00,2022-01-16 19:54:06.232941398
남부,2022-01-16 06:12:00,2022-01-16 06:16:23.267801321
북부,2022-01-16 01:14:00,2022-01-16 01:18:11.380623135
남부,2022-01-16 00:55:00,2022-01-16 00:57:08.759887058
북부,2022-01-16 04:06:00,2022-01-16 04:07:58.704677440
북부,2022-01-16 20:23:00,2022-01-16 20:31:07.660785322
서부,2022-01-16 00:21:00,2022-01-16 00:22:00.884561159
동부,2022-01-16 01:29:00,2022-01-16 01:31:22.101439077
북부,2022-01-16 12:53:00,2022-01-16 12:57:58.288344732
남부,2022-01-16 01:11:00,2022-01-16 01:14:24.509094544
남부,2022-01-16 11:43:00,2022-01-16 11:46:58.819472385
북부,2022-01-16 10:48:00,2022-01-16 10:54:26.733336915
동부,2022-01-16 18:55:00,2022-01-16 19:02:24.412141747
서부,2022-01-16 19:36:00,2022-01-16 19:44:16.366910625
북부,2022-01-16 05:35:00,2022-01-16 05:37:52.385009511
중부,2022-01-16 21:54:00,2022-01-16 22:01:32.925569561
남부,2022-01-16 06:37:00,2022-01-16 06:40:01.312865671
동부,2022-01-16 09:57:00,2022-01-16 10:01:15.242099966
남부,2022-01-16 05:40:00,2022-01-16 05:41:00.000000000
북부,2022-01-16 23:02:00,2022-01-16 23:07:23.571803462
중부,2022-01-16 09:48:00,2022-01-16 09:51:42.288326386
중부,2022-01-16 21:10:00,2022-01-16 21:16:38.323925366
중부,2022-01-16 08:26:00,2022-01-16 08:31:56.518858224
북부,2022-01-16 18:29:00,2022-01-16 18:36:22.843677088
북부,2022-01-16 21:25:00,2022-01-16 21:32:40.338609146
서부,2022-01-16 08:22:00,2022-01-16 08:23:52.876239945
동부,2022-01-16 15:34:00,2022-01-16 15:39:59.760972875
서부,2022-01-16 10:45:00,2022-01-16 10:48:58.536106143
북부,2022-01-16 13:06:00,2022-01-16 13:12:01.505097091
중부,2022-01-16 04:35:00,2022-01-16 04:36:38.968902297
서부,2022-01-16 17:25:00,2022-01-16 17:28:30.547145591
서부,2022-01-16 08:49:00,2022-01-16 08:53:54.413656446
동부,2022-01-16 05:43:00,2022-01-16 05:45:17.573185278
동부,2022-01-16 13:18:00,2022-01-16 13:23:27.764054589
남부,2022-01-16 15:31:00,2022-01-16 15:37:31.175732954
중부,2022-01-16 09:14:00,2022-01-16 09:20:17.507934107
남부,2022-01-16 07:56:00,2022-01-16 08:00:37.052792805
동부,2022-01-16 13:35:00,2022-01-16 13:39:43.040643373
동부,2022-01-16 01:58:00,2022-01-16 02:02:01.182657213
중부,2022-01-16 01:10:00,2022-01-16 01:13:52.087935901
남부,2022-01-16 08:37:00,2022-01-16 08:40:29.628235315
중부,2022-01-16 00:56:00,2022-01-16 00:57:00.000000000
동부,2022-01-16 22:50:00,2022-01-16 22:57:44.087153012
동부,2022-01-16 20:40:00,2022-01-16 20:48:46.879983205
남부,2022-01-16 18:49:00,2022-01-16 18:56:33.196881616
북부,2022-01-16 17:12:00,2022-01-16 17:14:29.006083065
남부,2022-01-16 09:18:00,2022-01-16 09:22:20.510633069
동부,2022-01-16 05:11:00,2022-01-16 05:13:26.140343560
동부,2022-01-16 22:06:00,2022-01-16 22:15:59.171776844
북부,2022-01-16 15:19:00,2022-01-16 15:22:26.554504961
북부,2022-01-16 10:31:00,2022-01-16 10:34:25.039966481
동부,2022-01-16 03:34:00,2022-01-16 03:35:31.099597677
북부,2022-01-17 10:17:00,2022-01-17 10:19:45.493319481
남부,2022-01-17 23:05:00,2022-01-17 23:12:26.923008601
남부,2022-01-17 19:19:00,2022-01-17 19:28:05.658457851
북부,2022-01-17 10:45:00,2022-01-17 10:48:26.827920136
중부,2022-01-17 16:51:00,2022-01-17 16:55:50.076970725
중부,2022-01-17 20:28:00,2022-01-17 20:36:32.293533552
북부,2022-01-17 15:02:00,2022-01-17 15:07:42.766270580
중부,2022-01-17 06:28:00,2022-01-17 06:31:03.748626153
동부,2022-01-17 01:08:00,2022-01-17 01:09:00.000000000
동부,2022-01-17 17:18:00,2022-01-17 17:21:35.869606803
남부,2022-01-17 20:39:00,2022-01-17 20:48:02.461261257
동부,2022-01-17 20:56:00,2022-01-17 21:03:42.766914640
동부,2022-01-17 16:52:00,2022-01-17 16:57:53.837281768
동부,2022-01-17 06:13:00,2022-01-17 06:18:13.731031008
동부,2022-01-17 21:29:00,2022-01-17 21:37:45.028750856
서부,2022-01-17 01:35:00,2022-01-17 01:38:01.795366310
동부,2022-01-17 21:59:00,2022-01-17 22:07:55.416869823
남부,2022-01-17 09:35:00,2022-01-17 09:38:11.355297450
동부,2022-01-17 09:25:00,2022-01-17 09:29:48.689579466
서부,2022-01-17 10:47:00,2022-01-17 10:50:30.368994296
서부,2022-01-17 04:01:00,2022-01-17 04:04:07.308202878
북부,2022-01-17 13:18:00,2022-01-17 13:22:31.862116523
북부,2022-01-17 16:27:00,2022-01-17 16:31:27.660344520
동부,2022-01-17 12:34:00,2022-01-17 12:40:36.117190109
북부,2022-01-17 03:00:00,2022-01-17 03:01:51.880910602
동부,2022-01-17 12:24:00,2022-01-17 12:29:15.118287738
중부,2022-01-17 16:59:00,2022-01-17 17:03:28.522370655
중부,2022-01-17 11:26:00,2022-01-17 11:29:34.289660347
남부,2022-01-17 02:07:00,2022-01-17 02:09:19.179798692
서부,2022-01-17 13:33:00,2022-01-17 13:36:51.802800917
남부,2022-01-17 18:16:00,2022-01-17 18:23:20.376111454
서부,2022-01-17 21:38:00,2022-01-17 21:43:53.823965874
중부,2022-01-17 20:12:00,2022-01-17 20:19:00.749565251
남부,2022-01-17 04:31:00,2022-01-17 04:32:41.689557549
북부,2022-01-17 07:29:00,2022-01-17 07:32:51.136527597
서부,2022-01-17 13:21:00,2022-01-17 13:26:48.525776470
북부,2022-01-17 01:12:00,2022-01-17 01:13:00.000000000
북부,2022-01-17 07:40:00,2022-01-17 07:44:16.525087568
서부,2022-01-17 16:34:00,2022-01-17 16:38:21.690144375
동부,2022-01-17 06:12:00,2022-01-17 06:18:00.071988962
중부,2022-01-17 19:06:00,2022-01-17 19:15:03.858957142
동부,2022-01-17 06:16:00,2022-01-17 06:20:47.059780701
중부,2022-01-17 04:53:00,2022-01-17 04:55:08.676820232
중부,2022-01-17 18:35:00,2022-01-17 18:42:41.120008143
북부,2022-01-17 04:47:00,2022-01-17 04:49:31.026128940
동부,2022-01-17 00:35:00,2022-01-17 00:37:59.051322389
중부,2022-01-17 21:38:00,2022-01-17 21:48:21.335512481
중부,2022-01-17 10:32:00,2022-01-17 10:36:41.653215336
북부,2022-01-17 07:36:00,2022-01-17 07:40:27.393327001
서부,2022-01-17 06:48:00,2022-01-17 06:51:37.619072767
중부,2022-01-17 00:09:00,2022-01-17 00:10:00.000000000
중부,2022-01-17 16:13:00,2022-01-17 16:19:24.843765769
남부,2022-01-17 06:54:00,2022-01-17 06:59:07.039639466
중부,2022-01-17 03:23:00,2022-01-17 03:24:00.000000000
동부,2022-01-17 23:37:00,2022-01-17 23:44:35.331809185
중부,2022-01-17 20:25:00,2022-01-17 20:33:21.216748766
중부,2022-01-17 06:11:00,2022-01-17 06:15:40.111847144
중부,2022-01-17 03:23:00,2022-01-17 03:25:50.258154619
북부,2022-01-17 14:40:00,2022-01-17 14:43:53.068815684
남부,2022-01-17 14:20:00,2022-01-17 14:25:15.686307911
동부,2022-01-18 01:34:00,2022-01-18 01:35:40.702698131
동부,2022-01-18 20:31:00,2022-01-18 20:40:28.460359601
동부,2022-01-18 15:39:00,2022-01-18 15:43:05.347739595
중부,2022-01-18 07:51:00,2022-01-18 07:55:31.938660698
동부,2022-01-18 09:01:00,2022-01-18 09:04:49.143794593
서부,2022-01-18 19:32:00,2022-01-18 19:40:32.984140514
남부,2022-01-18 09:18:00,2022-01-18 09:22:34.295623269
동부,2022-01-18 03:12:00,2022-01-18 03:14:06.158797527
서부,2022-01-18 07:43:00,2022-01-18 07:47:27.496964314
중부,2022-01-18 21:29:00,2022-01-18 21:37:08.553363880
북부,2022-01-18 00:11:00,2022-01-18 00:12:44.168025988
북부,2022-01-18 00:55:00,2022-01-18 00:56:28.812365304
동부,2022-01-18 10:04:00,2022-01-18 10:07:48.956843255
중부,2022-01-18 06:30:00,2022-01-18 06:34:35.850236435
동부,2022-01-18 21:31:00,2022-01-18 21:39:36.126431574
중부,2022-01-18 22:40:00,2022-01-18 22:47:34.506081798
중부,2022-01-18 17:25:00,2022-01-18 17:30:41.125152611
남부,2022-01-18 02:25:00,2022-01-18 02:26:33.571806985
서부,2022-01-18 09:34:00,2022-01-18 09:36:26.091002218
남부,2022-01-18 12:20:00,2022-01-18 12:25:18.542871563
중부,2022-01-18 18:42:00,2022-01-18 18:50:30.274243626
북부,2022-01-18 05:41:00,2022-01-18 05:42:13.491561880
서부,2022-01-18 23:04:00,2022-01-18 23:11:06.608680358
북부,2022-01-18 18:15:00,2022-01-18 18:21:37.945933267
동부,2022-01-18 14:58:00,2022-01-18 15:03:09.029618242
서부,2022-01-18 16:05:00,2022-01-18 16:09:52.926105867
북부,2022-01-18 00:26:00,2022-01-18 00:28:00.234158858
북부,2022-01-18 11:32:00,2022-01-18 11:34:05.871135865
중부,2022-01-18 19:00:00,2022-01-18 19:08:52.174510691
서부,2022-01-18 22:55:00,2022-01-18 23:03:10.857151077
중부,2022-01-18 08:59:00,2022-01-18 09:04:27.708530816
서부,2022-01-18 23:14:00,2022-01-18 23:23:12.446530848
중부,2022-01-18 19:47:00,2022-01-18 19:55:36.011070550
북부,2022-01-18 08:19:00,2022-01-18 08:22:11.831789156
서부,2022-01-18 17:32:00,2022-01-18 17:36:30.526039534
남부,2022-01-18 08:05:00,2022-01-18 08:09:32.520013904
서부,2022-01-18 21:07:00,2022-01-18 21:15:46.032566461
서부,2022-01-18 09:30:00,2022-01-18 09:35:02.020278053
북부,2022-01-18 08:30:00,2022-01-18 08:34:24.846831683
북부,2022-01-18 20:17:00,2022-01-18 20:26:57.476464563
남부,2022-01-18 16:40:00,2022-01-18 16:45:02.563194991
남부,2022-01-18 07:16:00,2022-01-18 07:20:01.006883989
남부,2022-01-18 06:03:00,2022-01-18 06:06:53.051155055
서부,2022-01-18 16:04:00,2022-01-18 16:09:27.039491991
북부,2022-01-18 23:23:00,2022-01-18 23:32:16.136466565
북부,2022-01-18 19:19:00,2022-01-18 19:27:36.116899903
남부,2022-01-18 19:35:00,2022-01-18 19:42:40.563519534
중부,2022-01-18 02:56:00,2022-01-18 02:59:11.202649165
동부,2022-01-18 03:22:00,2022-01-18 03:23:04.985823817
동부,2022-01-18 10:57:00,2022-01-18 11:00:40.567625259
서부,2022-01-18 11:40:00,2022-01-18 11:43:54.254214743
북부,2022-01-18 10:15:00,2022-01-18 10:19:27.412594498
북부,2022-01-18 19:38:00,2022-01-18 19:45:35.229514395
중부,2022-01-18 14:14:00,2022-01-18 14:18:37.707374961
남부,2022-01-18 18:07:00,2022-01-18 18:14:56.814188606
북부,2022-01-18 16:59:00,2022-01-18 17:05:17.176195075
북부,2022-01-18 00:18:00,2022-01-18 00:19:22.537612084
중부,2022-01-18 07:09:00,2022-01-18 07:14:05.351593225
남부,2022-01-18 00:01:00,2022-01-18 00:04:29.550956446
동부,2022-01-18 08:07:00,2022-01-18 08:10:49.622894849
중부,2022-01-19 18:19:00,2022-01-19 18:26:20.558986099
서부,2022-01-19 01:00:00,2022-01-19 01:02:45.307998311
북부,2022-01-19 06:56:00,2022-01-19 06:57:53.423948775
남부,2022-01-19 05:50:00,2022-01-19 05:52:12.410757724
중부,2022-01-19 21:42:00,2022-01-19 21:50:58.953754555
동부,2022-01-19 17:05:00,2022-01-19 17:09:54.671748832
동부,2022-01-19 01:52:00,2022-01-19 01:53:11.849072998
중부,2022-01-19 07:06:00,2022-01-19 07:10:29.754047334
동부,2022-01-19 10:02:00,2022-01-19 10:05:26.042672358
북부,2022-01-19 14:46:00,2022-01-19 14:50:33.075344144
북부,2022-01-19 04:06:00,2022-01-19 04:07:40.405148153
서부,2022-01-19 15:37:00,2022-01-19 15:41:46.645116962
동부,2022-01-19 07:43:00,2022-01-19 07:47:21.809061446
동부,2022-01-19 11:55:00,2022-01-19 11:59:31.381173471
동부,2022-01-19 14:25:00,2022-01-19 14:31:17.210942994
남부,2022-01-19 09:13:00,2022-01-19 09:16:23.470551663
중부,2022-01-19 00:18:00,2022-01-19 00:20:51.928793773
남부,2022-01-19 03:53:00,2022-01-19 03:54:33.583884692
북부,2022-01-19 08:03:00,2022-01-19 08:06:50.433399045
동부,2022-01-19 17:39:00,2022-01-19 17:44:01.635194877
동부,2022-01-19 16:25:00,2022-01-19 16:29:24.997454998
동부,2022-01-19 19:54:00,2022-01-19 20:01:12.479965906
북부,2022-01-19 18:34:00,2022-01-19 18:42:59.335205257
남부,2022-01-19 02:42:00,2022-01-19 02:43:47.851150940
동부,2022-01-19 12:56:00,2022-01-19 13:00:36.596303620
동부,2022-01-19 08:00:00,2022-01-19 08:05:31.408821359
북부,2022-01-19 11:28:00,2022-01-19 11:31:32.595242047
중부,2022-01-19 10:23:00,2022-01-19 10:27:50.164993564
북부,2022-01-19 05:01:00,2022-01-19 05:02:00.000000000
북부,2022-01-19 19:02:00,2022-01-19 19:09:23.619422870
서부,2022-01-19 14:43:00,2022-01-19 14:46:39.055799853
서부,2022-01-19 22:32:00,2022-01-19 22:39:24.616404098
서부,2022-01-19 15:23:00,2022-01-19 15:28:57.595646578
서부,2022-01-19 03:07:00,2022-01-19 03:09:18.468621370
북부,2022-01-19 12:27:00,2022-01-19 12:31:47.891051111
중부,2022-01-19 09:28:00,2022-01-19 09:30:37.655900591
북부,2022-01-19 22:41:00,2022-01-19 22:49:39.768216566
중부,2022-01-19 12:17:00,2022-01-19 12:21:35.725799322
서부,2022-01-19 23:05:00,2022-01-19 23:13:56.339919588
남부,2022-01-19 13:58:00,2022-01-19 14:01:34.538026319
중부,2022-01-19 06:48:00,2022-01-19 06:50:58.986168973
남부,2022-01-19 21:06:00,2022-01-19 21:12:56.699909411
동부,2022-01-19 20:13:00,2022-01-19 20:21:57.656742329
남부,2022-01-19 05:18:00,2022-01-19 05:19:25.678052193
남부,2022-01-19 15:45:00,2022-01-19 15:50:59.007119431
북부,2022-01-19 07:34:00,2022-01-19 07:39:42.325273909
서부,2022-01-19 05:08:00,2022-01-19 05:10:44.437668767
동부,2022-01-19 16:06:00,2022-01-19 16:08:34.456829271
서부,2022-01-19 04:05:00,2022-01-19 04:07:27.771869616
북부,2022-01-19 02:34:00,2022-01-19 02:35:00.000000000
남부,2022-01-19 10:26:00,2022-01-19 10:30:38.917911689
동부,2022-01-19 13:54:00,2022-01-19 13:58:02.888618758
남부,2022-01-19 13:23:00,2022-01-19 13:27:38.161561224
동부,2022-01-19 14:35:00,2022-01-19 14:39:44.714319083
북부,2022-01-19 14:13:00,2022-01-19 14:17:13.293351463
중부,2022-01-19 13:07:00,2022-01-19 13:12:49.705741120
남부,2022-01-19 12:37:00,2022-01-19 12:42:55.721234405
서부,2022-01-19 15:39:00,2022-01-19 15:44:11.480910574
중부,2022-01-19 09:14:00,2022-01-19 09:16:45.395357334
동부,2022-01-19 11:35:00,2022-01-19 11:38:04.399888490
동부,2022-01-20 08:38:00,2022-01-20 08:42:07.718456747
북부,2022-01-20 07:59:00,2022-01-20 08:02:15.691777951
동부,2022-01-20 15:29:00,2022-01-20 15:33:00.192421553
남부,2022-01-20 04:08:00,2022-01-20 04:10:39.285108125
서부,2022-01-20 06:13:00,2022-01-20 06:18:12.261689465
중부,2022-01-20 10:03:00,2022-01-20 10:07:26.298133856
중부,2022-01-20 23:39:00,2022-01-20 23:46:25.447777125
북부,2022-01-20 22:33:00,2022-01-20 22:42:17.482249124
동부,2022-01-20 16:18:00,2022-01-20 16:20:17.671386835
남부,2022-01-20 14:28:00,2022-01-20 14:32:43.770879332
남부,2022-01-20 05:41:00,2022-01-20 05:42:52.607850616
서부,2022-01-20 15:21:00,2022-01-20 15:25:32.046876503
남부,2022-01-20 05:35:00,2022-01-20 05:38:10.648763379
중부,2022-01-20 09:44:00,2022-01-20 09:45:25.198418650
동부,2022-01-20 14:16:00,2022-01-20 14:18:37.132420473
서부,2022-01-20 19:38:00,2022-01-20 19:45:58.452621598
동부,2022-01-20 02:38:00,2022-01-20 02:39:42.303193860
남부,2022-01-20 22:08:00,2022-01-20 22:16:28.175611861
동부,2022-01-20 00:22:00,2022-01-20 00:24:28.190805063
서부,2022-01-20 10:05:00,2022-01-20 10:07:58.528617917
서부,2022-01-20 15:50:00,2022-01-20 15:55:00.285607460
북부,2022-01-20 22:46:00,2022-01-20 22:53:49.450869022
서부,2022-01-20 03:49:00,2022-01-20 03:51:23.259881143
중부,2022-01-20 21:51:00,2022-01-20 21:58:03.203230349
북부,2022-01-20 14:30:00,2022-01-20 14:35:50.823236014
동부,2022-01-20 20:06:00,2022-01-20 20:13:27.731206523
동부,2022-01-20 08:17:00,2022-01-20 08:20:46.471593703
남부,2022-01-20 00:03:00,2022-01-20 00:05:47.790386557
중부,2022-01-20 23:09:00,2022-01-20 23:15:50.506516737
중부,2022-01-20 10:38:00,2022-01-20 10:43:13.947926855
남부,2022-01-20 04:03:00,2022-01-20 04:04:41.118550551
서부,2022-01-20 08:57:00,2022-01-20 09:01:56.056861253
동부,2022-01-20 09:56:00,2022-01-20 09:59:26.566389330
북부,2022-01-20 01:42:00,2022-01-20 01:43:28.167711494
중부,2022-01-20 23:00:00,2022-01-20 23:07:17.295062051
서부,2022-01-20 09:54:00,2022-01-20 09:57:49.414417044
서부,2022-01-20 09:36:00,2022-01-20 09:39:29.534114101
남부,2022-01-20 02:26:00,2022-01-20 02:28:18.603889500
동부,2022-01-20 09:36:00,2022-01-20 09:39:17.257914446
동부,2022-01-20 08:48:00,2022-01-20 08:53:56.896718389
남부,2022-01-20 12:52:00,2022-01-20 12:55:40.995258587
서부,2022-01-20 11:17:00,2022-01-20 11:21:28.889034217
남부,2022-01-20 01:54:00,2022-01-20 01:56:17.466850987
북부,2022-01-20 05:28:00,2022-01-20 05:29:00.000000000
중부,2022-01-20 08:03:00,2022-01-20 08:07:55.773613689
서부,2022-01-20 04:53:00,2022-01-20 04:54:00.000000000
동부,2022-01-20 09:38:00,2022-01-20 09:43:00.586996265
서부,2022-01-20 19:52:00,2022-01-20 19:59:20.237098198
남부,2022-01-20 17:09:00,2022-01-20 17:14:08.192559834
북부,2022-01-20 11:30:00,2022-01-20 11:35:13.895016028
중부,2022-01-20 23:32:00,2022-01-20 23:38:47.527694028
남부,2022-01-20 20:39:00,2022-01-20 20:46:31.059801465
중부,2022-01-20 13:26:00,2022-01-20 13:29:41.325745326
남부,2022-01-20 00:55:00,2022-01-20 00:57:12.297856628
남부,2022-01-20 03:11:00,2022-01-20 03:12:00.000000000
남부,2022-01-20 21:02:00,2022-01-20 21:10:07.215190667
북부,2022-01-20 07:18:00,2022-01-20 07:21:21.224138836
서부,2022-01-20 19:00:00,2022-01-20 19:07:13.224589425
동부,2022-01-20 10:00:00,2022-01-20 10:03:50.554854586
동부,2022-01-20 19:52:00,2022-01-20 19:59:58.029895416
남부,2022-01-21 17:32:00,2022-01-21 17:37:17.855145256
중부,2022-01-21 14:11:00,2022-01-21 14:17:12.791137291
동부,2022-01-21 23:45:00,2022-01-21 23:51:40.954164467
서부,2022-01-21 15:01:00,2022-01-21 15:05:22.661970611
동부,2022-01-21 17:29:00,2022-01-21 17:34:14.164336741
남부,2022-01-21 21:20:00,2022-01-21 21:28:02.096276151
북부,2022-01-21 15:53:00,2022-01-21 15:58:03.665514923
북부,2022-01-21 01:18:00,2022-01-21 01:20:22.505027349
서부,2022-01-21 23:27:00,2022-01-21 23:35:06.061662372
서부,2022-01-21 22:56:00,2022-01-21 23:03:32.117344829
남부,2022-01-21 11:17:00,2022-01-21 11:21:01.452397467
중부,2022-01-21 01:28:00,2022-01-21 01:30:26.883018406
남부,2022-01-21 02:38:00,2022-01-21 02:39:18.230883374
북부,2022-01-21 03:33:00,2022-01-21 03:35:17.694040718
동부,2022-01-21 17:16:00,2022-01-21 17:21:41.014898411
중부,2022-01-21 18:52:00,2022-01-21 18:59:26.231608502
서부,2022-01-21 18:56:00,2022-01-21 19:04:02.299479403
동부,2022-01-21 23:41:00,2022-01-21 23:49:53.250907932
동부,2022-01-21 02:46:00,2022-01-21 02:48:08.320773990
중부,2022-01-21 13:28:00,2022-01-21 13:33:01.215942490
북부,2022-01-21 06:03:00,2022-01-21 06:05:30.654887346
중부,2022-01-21 16:52:00,2022-01-21 16:56:38.350801619
북부,2022-01-21 14:18:00,2022-01-21 14:21:45.028534017
중부,2022-01-21 03:32:00,2022-01-21 03:33:00.000000000
동부,2022-01-21 10:56:00,2022-01-21 11:01:14.243972142
동부,2022-01-21 00:09:00,2022-01-21 00:12:42.382126730
중부,2022-01-21 16:47:00,2022-01-21 16:53:00.611203073
동부,2022-01-21 02:28:00,2022-01-21 02:29:04.684626468
중부,2022-01-21 21:14:00,2022-01-21 21:21:52.376747496
동부,2022-01-21 09:04:00,2022-01-21 09:08:24.984727828
남부,2022-01-21 09:05:00,2022-01-21 09:08:50.324547839
남부,2022-01-21 04:55:00,2022-01-21 04:58:15.085660485
서부,2022-01-21 16:02:00,2022-01-21 16:06:17.293867858
동부,2022-01-21 01:23:00,2022-01-21 01:24:41.411195294
동부,2022-01-21 18:30:00,2022-01-21 18:39:01.997130562
동부,2022-01-21 10:45:00,2022-01-21 10:48:39.526471843
서부,2022-01-21 01:42:00,2022-01-21 01:44:01.859342016
북부,2022-01-21 08:51:00,2022-01-21 08:55:56.920421645
북부,2022-01-21 22:10:00,2022-01-21 22:17:59.168109363
서부,2022-01-21 19:11:00,2022-01-21 19:19:32.031951570
중부,2022-01-21 06:38:00,2022-01-21 06:41:43.663513551
서부,2022-01-21 01:07:00,2022-01-21 01:09:11.480644928
동부,2022-01-21 00:57:00,2022-01-21 00:59:11.625886256
북부,2022-01-21 15:00:00,2022-01-21 15:06:04.537128992
서부,2022-01-21 20:04:00,2022-01-21 20:12:05.148927106
동부,2022-01-21 17:29:00,2022-01-21 17:33:31.833331126
남부,2022-01-21 13:33:00,2022-01-21 13:36:59.898309395
서부,2022-01-21 09:14:00,2022-01-21 09:19:28.562232671
동부,2022-01-21 09:49:00,2022-01-21 09:51:51.913058151
서부,2022-01-21 14:13:00,2022-01-21 14:18:21.259974968
북부,2022-01-21 19:42:00,2022-01-21 19:49:57.349804868
동부,2022-01-21 03:23:00,2022-01-21 03:24:24.874501823
북부,2022-01-21 14:35:00,2022-01-21 14:40:56.959189168
동부,2022-01-21 05:15:00,2022-01-21 05:16:00.000000000
북부,2022-01-21 23:42:00,2022-01-21 23:50:04.206017991
북부,2022-01-21 05:41:00,2022-01-21 05:44:04.359981309
동부,2022-01-21 22:40:00,2022-01-21 22:49:49.252398480
중부,2022-01-21 19:46:00,2022-01-21 19:53:13.721111571
남부,2022-01-21 14:26:00,2022-01-21 14:30:33.168718553
서부,2022-01-21 17:54:00,2022-01-21 17:58:54.206580823
남부,2022-01-22 07:54:00,2022-01-22 07:58:01.020967100
동부,2022-01-22 12:02:00,2022-01-22 12:07:46.345295809
북부,2022-01-22 13:22:00,2022-01-22 13:25:14.940459294
동부,2022-01-22 05:46:00,2022-01-22 05:47:01.061139867
서부,2022-01-22 23:32:00,2022-01-22 23:39:12.854113169
중부,2022-01-22 10:24:00,2022-01-22 10:28:46.231343717
서부,2022-01-22 06:37:00,2022-01-22 06:39:42.381011158
동부,2022-01-22 21:13:00,2022-01-22 21:19:53.311979586
중부,2022-01-22 02:45:00,2022-01-22 02:48:59.569652251
서부,2022-01-22 03:33:00,2022-01-22 03:34:20.840872596
동부,2022-01-22 01:38:00,2022-01-22 01:41:15.645466817
북부,2022-01-22 14:25:00,2022-01-22 14:29:41.576286629
중부,2022-01-22 22:49:00,2022-01-22 22:58:21.452574071
남부,2022-01-22 06:11:00,2022-01-22 06:16:40.448046111
동부,2022-01-22 15:22:00,2022-01-22 15:27:19.242560271
서부,2022-01-22 05:38:00,2022-01-22 05:39:06.309957879
북부,2022-01-22 23:58:00,2022-01-23 00:05:35.709626998
동부,2022-01-22 01:18:00,2022-01-22 01:19:40.227966411
중부,2022-01-22 02:40:00,2022-01-22 02:42:51.582791461
중부,2022-01-22 09:32:00,2022-01-22 09:36:15.891128655
북부,2022-01-22 00:54:00,2022-01-22 00:56:22.444991047
서부,2022-01-22 03:11:00,2022-01-22 03:12:49.857161060
남부,2022-01-22 23:52:00,2022-01-23 00:01:35.332838415
동부,2022-01-22 08:05:00,2022-01-22 08:09:42.260365864
중부,2022-01-22 11:20:00,2022-01-22 11:23:11.722190123
동부,2022-01-22 03:00:00,2022-01-22 03:03:55.223495551
남부,2022-01-22 04:20:00,2022-01-22 04:23:24.296036853
서부,2022-01-22 19:35:00,2022-01-22 19:42:27.192268225
남부,2022-01-22 12:41:00,2022-01-22 12:46:47.711171665
남부,2022-01-22 16:52:00,2022-01-22 16:56:02.577051198
중부,2022-01-22 08:07:00,2022-01-22 08:11:41.284827595
동부,2022-01-22 09:10:00,2022-01-22 09:14:48.655285824
남부,2022-01-22 14:11:00,2022-01-22 14:14:18.954377872
북부,2022-01-22 11:06:00,2022-01-22 11:10:00.964039871
남부,2022-01-22 12:40:00,2022-01-22 12:44:21.080407762
서부,2022-01-22 13:15:00,2022-01-22 13:19:02.697821430
서부,2022-01-22 11:30:00,2022-01-22 11:35:01.108479233
서부,2022-01-22 10:55:00,2022-01-22 10:58:57.371567835
동부,2022-01-22 13:48:00,2022-01-22 13:53:26.520853798
북부,2022-01-22 02:46:00,2022-01-22 02:49:13.543174198
북부,2022-01-22 13:59:00,2022-01-22 14:07:35.723684025
서부,2022-01-22 23:30:00,2022-01-22 23:37:42.887391015
서부,2022-01-22 14:03:00,2022-01-22 14:06:40.693657913
남부,2022-01-22 22:40:00,2022-01-22 22:49:11.285376996
북부,2022-01-22 14:07:00,2022-01-22 14:11:58.306388141
북부,2022-01-22 19:17:00,2022-01-22 19:26:13.276799855
동부,2022-01-22 15:16:00,2022-01-22 15:22:36.013081880
중부,2022-01-22 12:50:00,2022-01-22 12:54:35.704980108
서부,2022-01-22 19:29:00,2022-01-22 19:35:59.472331939
남부,2022-01-22 01:57:00,2022-01-22 01:59:34.223715362
북부,2022-01-22 00:31:00,2022-01-22 00:32:36.469928922
남부,2022-01-22 00:45:00,2022-01-22 00:48:59.696463456
남부,2022-01-22 14:58:00,2022-01-22 15:03:33.089453247
동부,2022-01-22 02:19:00,2022-01-22 02:21:08.507060358
서부,2022-01-22 06:07:00,2022-01-22 06:11:19.579938461
동부,2022-01-22 05:12:00,2022-01-22 05:15:28.430198597
서부,2022-01-22 13:40:00,2022-01-22 13:45:43.453174910
서부,2022-01-22 09:58:00,2022-01-22 10:02:32.552347108
남부,2022-01-22 18:01:00,2022-01-22 18:09:25.313901823
동부,2022-01-22 21:32:00,2022-01-22 21:40:41.139903196
동부,2022-01-23 03:51:00,2022-01-23 03:52:21.456489875
중부,2022-01-23 04:54:00,2022-01-23 04:56:18.652845210
북부,2022-01-23 01:06:00,2022-01-23 01:08:14.954628106
남부,2022-01-23 16:00:00,2022-01-23 16:04:06.332384270
중부,2022-01-23 07:26:00,2022-01-23 07:31:52.919024707
북부,2022-01-23 06:44:00,2022-01-23 06:48:28.243886439
남부,2022-01-23 09:09:00,2022-01-23 09:13:03.887397101
서부,2022-01-23 01:04:00,2022-01-23 01:05:39.014318677
중부,2022-01-23 05:12:00,2022-01-23 05:15:33.174377547
중부,2022-01-23 14:40:00,2022-01-23 14:45:19.156828650
서부,2022-01-23 03:48:00,2022-01-23 03:49:52.142041140
서부,2022-01-23 04:36:00,2022-01-23 04:38:17.148666452
북부,2022-01-23 14:50:00,2022-01-23 14:57:12.678648243
서부,2022-01-23 17:03:00,2022-01-23 17:06:41.024044817
중부,2022-01-23 13:19:00,2022-01-23 13:23:39.879091912
남부,2022-01-23 19:02:00,2022-01-23 19:09:13.270575949
서부,2022-01-23 22:30:00,2022-01-23 22:37:00.367049743
북부,2022-01-23 02:50:00,2022-01-23 02:51:00.000000000
남부,2022-01-23 15:55:00,2022-01-23 16:00:27.039062762
중부,2022-01-23 04:50:00,2022-01-23 04:51:05.933235090
중부,2022-01-23 03:19:00,2022-01-23 03:20:00.000000000
동부,2022-01-23 12:31:00,2022-01-23 12:36:29.094800230
서부,2022-01-23 17:01:00,2022-01-23 17:04:48.629298891
북부,2022-01-23 11:27:00,2022-01-23 11:30:43.846049802
동부,2022-01-23 01:48:00,2022-01-23 01:50:00.314119855
북부,2022-01-23 17:33:00,2022-01-23 17:38:13.462955199
동부,2022-01-23 09:37:00,2022-01-23 09:41:19.660629343
동부,2022-01-23 18:57:00,2022-01-23 19:03:59.351313228
북부,2022-01-23 04:05:00,2022-01-23 04:06:42.213799891
서부,2022-01-23 01:08:00,2022-01-23 01:09:03.085849203
남부,2022-01-23 01:27:00,2022-01-23 01:29:16.006336656
동부,2022-01-23 00:59:00,2022-01-23 01:02:03.544823341
북부,2022-01-23 05:17:00,2022-01-23 05:18:35.369588822
서부,2022-01-23 03:34:00,2022-01-23 03:36:16.730089786
동부,2022-01-23 07:20:00,2022-01-23 07:23:48.586737348
중부,2022-01-23 10:19:00,2022-01-23 10:23:51.862320515
북부,2022-01-23 12:49:00,2022-01-23 12:52:19.263518631
남부,2022-01-23 22:05:00,2022-01-23 22:11:13.693761353
남부,2022-01-23 11:30:00,2022-01-23 11:33:43.755018383
서부,2022-01-23 06:24:00,2022-01-23 06:27:16.143522569
동부,2022-01-23 18:39:00,2022-01-23 18:48:06.147337596
북부,2022-01-23 10:25:00,2022-01-23 10:29:07.515252659
북부,2022-01-23 21:10:00,2022-01-23 21:18:03.626999974
동부,2022-01-23 16:53:00,2022-01-23 16:58:02.818370957
중부,2022-01-23 08:32:00,2022-01-23 08:35:11.741276640
서부,2022-01-23 03:17:00,2022-01-23 03:18:00.000000000
동부,2022-01-23 12:20:00,2022-01-23 12:23:31.520119598
동부,2022-01-23 22:47:00,2022-01-23 22:56:28.958696744
동부,2022-01-23 17:33:00,2022-01-23 17:36:26.918678075
남부,2022-01-23 10:40:00,2022-01-23 10:43:29.923164098
중부,2022-01-23 10:27:00,2022-01-23 10:31:59.230880992
중부,2022-01-23 23:18:00,2022-01-23 23:26:22.969932866
중부,2022-01-23 12:37:00,2022-01-23 12:42:59.830601489
동부,2022-01-23 04:36:00,2022-01-23 04:37:54.929287007
동부,2022-01-23 21:28:00,2022-01-23 21:34:43.222531747
북부,2022-01-23 10:45:00,2022-01-23 10:48:16.584388798
남부,2022-01-23 01:57:00,2022-01-23 02:00:42.263964161
남부,2022-01-23 07:06:00,2022-01-23 07:11:22.866877153
남부,2022-01-23 18:17:00,2022-01-23 18:26:02.635963318
중부,2022-01-23 14:33:00,2022-01-23 14:37:49.861400148
중부,2022-01-24 14:35:00,2022-01-24 14:40:50.848778568
남부,2022-01-24 21:40:00,2022-01-24 21:48:14.851195201
중부,2022-01-24 16:04:00,2022-01-24 16:08:30.699182827
중부,2022-01-24 23:44:00,2022-01-24 23:51:48.072984675
북부,2022-01-24 08:15:00,2022-01-24 08:18:05.141450945
동부,2022-01-24 15:32:00,2022-01-24 15:37:08.930792437
남부,2022-01-24 16:48:00,2022-01-24 16:51:53.237362794
북부,2022-01-24 06:49:00,2022-01-24 06:53:02.253424664
동부,2022-01-24 07:01:00,2022-01-24 07:05:17.874482751
서부,2022-01-24 22:02:00,2022-01-24 22:08:16.794776016
북부,2022-01-24 09:43:00,2022-01-24 09:47:04.231627157
동부,2022-01-24 19:07:00,2022-01-24 19:13:17.202795524
남부,2022-01-24 08:19:00,2022-01-24 08:22:26.268024263
중부,2022-01-24 16:32:00,2022-01-24 16:36:31.696758197
북부,2022-01-24 20:51:00,2022-01-24 20:58:36.372436787
남부,2022-01-24 18:41:00,2022-01-24 18:49:16.646550317
동부,2022-01-24 19:38:00,2022-01-24 19:46:21.683836760
북부,2022-01-24 09:20:00,2022-01-24 09:23:49.485450195
남부,2022-01-24 10:55:00,2022-01-24 10:58:33.567636155
북부,2022-01-24 15:04:00,2022-01-24 15:09:02.783022908
동부,2022-01-24 00:50:00,2022-01-24 00:52:02.423614037
북부,2022-01-24 19:01:00,2022-01-24 19:11:30.515630026
중부,2022-01-24 02:09:00,2022-01-24 02:10:56.289139796
동부,2022-01-24 09:31:00,2022-01-24 09:32:41.427241858
서부,2022-01-24 00:37:00,2022-01-24 00:38:00.000000000
남부,2022-01-24 20:53:00,2022-01-24 21:00:12.880478690
남부,2022-01-24 18:06:00,2022-01-24 18:15:53.133870232
남부,2022-01-24 23:03:00,2022-01-24 23:09:44.123628106
서부,2022-01-24 10:05:00,2022-01-24 10:08:27.390546013
중부,2022-01-24 12:17:00,2022-01-24 12:21:54.122927089
북부,2022-01-24 02:28:00,2022-01-24 02:29:51.393576881
동부,2022-01-24 12:32:00,2022-01-24 12:35:50.828956099
동부,2022-01-24 04:47:00,2022-01-24 04:48:25.588788922
중부,2022-01-24 14:10:00,2022-01-24 14:15:05.965777011
서부,2022-01-24 01:32:00,2022-01-24 01:33:44.182211969
북부,2022-01-24 07:43:00,2022-01-24 07:47:08.901342913
서부,2022-01-24 16:51:00,2022-01-24 16:55:29.098002217
중부,2022-01-24 04:16:00,2022-01-24 04:19:07.767235646
남부,2022-01-24 02:56:00,2022-01-24 02:58:36.250055458
중부,2022-01-24 18:02:00,2022-01-24 18:08:59.736760516
북부,2022-01-24 08:44:00,2022-01-24 08:48:24.915975798
서부,2022-01-24 14:19:00,2022-01-24 14:24:55.669811066
동부,2022-01-24 21:41:00,2022-01-24 21:49:15.609359672
남부,2022-01-24 12:10:00,2022-01-24 12:15:54.814687310
북부,2022-01-24 22:52:00,2022-01-24 22:59:44.221630302
서부,2022-01-24 02:47:00,2022-01-24 02:48:45.162160765
남부,2022-01-24 04:33:00,2022-01-24 04:34:46.231616133
중부,2022-01-24 13:15:00,2022-01-24 13:21:12.261231439
북부,2022-01-24 11:34:00,2022-01-24 11:38:28.891597942
동부,2022-01-24 21:01:00,2022-01-24 21:09:33.799113147
중부,2022-01-24 08:17:00,2022-01-24 08:20:58.305363384
중부,2022-01-24 18:42:00,2022-01-24 18:48:40.850530773
북부,2022-01-24 22:54:00,2022-01-24 23:03:29.620078766
동부,2022-01-24 19:02:00,2022-01-24 19:09:22.998911784
중부,2022-01-24 18:18:00,2022-01-24 18:25:11.499415883
남부,2022-01-24 03:48:00,2022-01-24 03:49:59.862278978
남부,2022-01-24 15:41:00,2022-01-24 15:47:15.539657065
동부,2022-01-24 13:30:00,2022-01-24 13:36:24.184548804
중부,2022-01-24 20:43:00,2022-01-24 20:51:21.963429672
남부,2022-01-24 18:01:00,2022-01-24 18:09:35.580935880
북부,2022-01-25 16:15:00,2022-01-25 16:18:36.729028006
서부,2022-01-25 14:43:00,2022-01-25 14:45:22.229120007
서부,2022-01-25 22:46:00,2022-01-25 22:53:42.936698007
서부,2022-01-25 07:21:00,2022-01-25 07:24:59.443729444
동부,2022-01-25 03:11:00,2022-01-25 03:12:15.935809295
중부,2022-01-25 08:48:00,2022-01-25 08:51:37.280814338
중부,2022-01-25 14:57:00,2022-01-25 15:00:21.547951295
동부,2022-01-25 02:02:00,2022-01-25 02:05:30.425146775
북부,2022-01-25 04:47:00,2022-01-25 04:48:15.480823981
동부,2022-01-25 21:42:00,2022-01-25 21:49:08.151226388
북부,2022-01-25 11:31:00,2022-01-25 11:34:20.102735290
남부,2022-01-25 21:57:00,2022-01-25 22:04:27.937868553
서부,2022-01-25 05:39:00,2022-01-25 05:40:23.932440990
서부,2022-01-25 14:53:00,2022-01-25 14:57:17.432218974
남부,2022-01-25 14:13:00,2022-01-25 14:16:48.037639155
동부,2022-01-25 21:27:00,2022-01-25 21:36:28.255918830
동부,2022-01-25 16:02:00,2022-01-25 16:07:57.211958046
서부,2022-01-25 22:05:00,2022-01-25 22:13:52.132111803
북부,2022-01-25 14:57:00,2022-01-25 15:02:32.507868210
동부,2022-01-25 00:00:00,2022-01-25 00:01:41.503365293
중부,2022-01-25 23:12:00,2022-01-25 23:19:56.005497559
북부,2022-01-25 03:07:00,2022-01-25 03:09:27.036189076
동부,2022-01-25 21:22:00,2022-01-25 21:29:52.358706862
남부,2022-01-25 12:40:00,2022-01-25 12:44:26.814136360
서부,2022-01-25 03:08:00,2022-01-25 03:09:51.806025470
중부,2022-01-25 05:56:00,2022-01-25 05:58:40.679132124
서부,2022-01-25 07:01:00,2022-01-25 07:04:41.954941956
서부,2022-01-25 06:39:00,2022-01-25 06:45:28.385161565
서부,2022-01-25 08:51:00,2022-01-25 08:54:08.170486420
북부,2022-01-25 21:50:00,2022-01-25 21:58:19.138461513
남부,2022-01-25 14:46:00,2022-01-25 14:51:38.375539852
북부,2022-01-25 17:58:00,2022-01-25 18:04:05.473657218
동부,2022-01-25 11:18:00,2022-01-25 11:22:47.759365515
동부,2022-01-25 19:46:00,2022-01-25 19:54:32.912369733
중부,2022-01-25 08:06:00,2022-01-25 08:11:13.373093678
서부,2022-01-25 08:23:00,2022-01-25 08:27:45.733416899
중부,2022-01-25 04:55:00,2022-01-25 04:56:03.162396049
남부,2022-01-25 10:22:00,2022-01-25 10:26:46.998159246
중부,2022-01-25 16:29:00,2022-01-25 16:35:16.466664435
중부,2022-01-25 06:52:00,2022-01-25 06:54:19.425856968
남부,2022-01-25 16:14:00,2022-01-25 16:19:15.827647116
남부,2022-01-25 17:30:00,2022-01-25 17:34:53.576263526
남부,2022-01-25 12:59:00,2022-01-25 13:02:58.836597707
서부,2022-01-25 23:16:00,2022-01-25 23:25:06.046485341
남부,2022-01-25 13:43:00,2022-01-25 13:46:30.458919700
서부,2022-01-25 18:32:00,2022-01-25 18:38:14.026969968
남부,2022-01-25 19:49:00,2022-01-25 19:58:10.293817844
동부,2022-01-25 20:07:00,2022-01-25 20:15:56.176628721
중부,2022-01-25 10:55:00,2022-01-25 10:58:31.289244157
서부,2022-01-25 12:58:00,2022-01-25 13:01:37.996391098
서부,2022-01-25 22:28:00,2022-01-25 22:34:00.247612619
북부,2022-01-25 17:16:00,2022-01-25 17:19:55.318315570
북부,2022-01-25 17:19:00,2022-01-25 17:23:24.827797692
동부,2022-01-25 04:04:00,2022-01-25 04:06:16.579587009
북부,2022-01-25 12:57:00,2022-01-25 13:01:52.051897580
중부,2022-01-25 15:13:00,2022-01-25 15:16:48.653146205
서부,2022-01-25 10:41:00,2022-01-25 10:42:27.335181870
중부,2022-01-25 21:59:00,2022-01-25 22:05:19.735902919
동부,2022-01-25 10:08:00,2022-01-25 10:11:56.956970455
남부,2022-01-25 23:53:00,2022-01-26 00:01:34.872993916
동부,2022-01-26 12:56:00,2022-01-26 13:00:35.454059364
중부,2022-01-26 09:17:00,2022-01-26 09:19:56.319179464
남부,2022-01-26 15:25:00,2022-01-26 15:30:42.078424573
북부,2022-01-26 04:55:00,2022-01-26 04:56:51.121643303
북부,2022-01-26 19:38:00,2022-01-26 19:46:21.782294604
남부,2022-01-26 00:38:00,2022-01-26 00:39:00.000000000
남부,2022-01-26 13:23:00,2022-01-26 13:28:29.905984307
북부,2022-01-26 06:13:00,2022-01-26 06:14:39.746960318
서부,2022-01-26 04:16:00,2022-01-26 04:20:40.089095728
북부,2022-01-26 02:13:00,2022-01-26 02:15:11.813726790
서부,2022-01-26 12:17:00,2022-01-26 12:20:34.474266658
남부,2022-01-26 11:58:00,2022-01-26 12:02:43.001430493
남부,2022-01-26 17:21:00,2022-01-26 17:25:27.805155374
북부,2022-01-26 05:27:00,2022-01-26 05:28:08.033287813
동부,2022-01-26 07:39:00,2022-01-26 07:42:41.657018662
남부,2022-01-26 21:54:00,2022-01-26 22:03:02.734264223
북부,2022-01-26 15:58:00,2022-01-26 16:02:48.989916500
서부,2022-01-26 15:46:00,2022-01-26 15:49:53.312351404
남부,2022-01-26 10:44:00,2022-01-26 10:47:31.832890127
북부,2022-01-26 21:20:00,2022-01-26 21:27:15.316941941
서부,2022-01-26 15:26:00,2022-01-26 15:32:02.310853593
동부,2022-01-26 08:43:00,2022-01-26 08:48:41.287340860
서부,2022-01-26 11:04:00,2022-01-26 11:07:42.940900385
서부,2022-01-26 22:30:00,2022-01-26 22:37:00.090260497
남부,2022-01-26 13:45:00,2022-01-26 13:49:53.868174337
동부,2022-01-26 14:32:00,2022-01-26 14:36:39.413536521
남부,2022-01-26 06:46:00,2022-01-26 06:48:39.417413067
서부,2022-01-26 12:02:00,2022-01-26 12:07:19.113254521
남부,2022-01-26 00:26:00,2022-01-26 00:29:16.924440429
남부,2022-01-26 06:29:00,2022-01-26 06:34:36.461354346
서부,2022-01-26 01:05:00,2022-01-26 01:06:28.664148534
남부,2022-01-26 05:20:00,2022-01-26 05:22:41.639376575
서부,2022-01-26 16:04:00,2022-01-26 16:07:51.247012275
남부,2022-01-26 16:56:00,2022-01-26 17:00:21.086225909
서부,2022-01-26 13:27:00,2022-01-26 13:32:18.101728565
남부,2022-01-26 15:40:00,2022-01-26 15:47:36.725950141
중부,2022-01-26 18:13:00,2022-01-26 18:20:07.790132088
서부,2022-01-26 12:15:00,2022-01-26 12:20:39.944219047
남부,2022-01-26 11:36:00,2022-01-26 11:39:53.636695254
서부,2022-01-26 09:27:00,2022-01-26 09:31:14.018248926
서부,2022-01-26 19:28:00,2022-01-26 19:35:31.170320210
동부,2022-01-26 22:37:00,2022-01-26 22:43:48.897746786
남부,2022-01-26 11:35:00,2022-01-26 11:40:52.682103565
남부,2022-01-26 02:22:00,2022-01-26 02:23:31.535947141
중부,2022-01-26 02:43:00,2022-01-26 02:44:00.000000000
북부,2022-01-26 01:02:00,2022-01-26 01:05:37.868050607
동부,2022-01-26 03:02:00,2022-01-26 03:04:24.206618642
동부,2022-01-26 15:26:00,2022-01-26 15:31:25.103856494
서부,2022-01-26 20:50:00,2022-01-26 20:55:49.056071833
남부,2022-01-26 15:58:00,2022-01-26 16:03:00.328161128
중부,2022-01-26 17:24:00,2022-01-26 17:28:54.424193307
남부,2022-01-26 04:00:00,2022-01-26 04:01:00.000000000
북부,2022-01-26 00:09:00,2022-01-26 00:10:00.000000000
서부,2022-01-26 11:48:00,2022-01-26 11:51:01.062389445
중부,2022-01-26 08:14:00,2022-01-26 08:18:01.932804733
남부,2022-01-26 21:41:00,2022-01-26 21:49:37.802608375
북부,2022-01-26 03:10:00,2022-01-26 03:12:24.913383384
동부,2022-01-26 13:24:00,2022-01-26 13:28:46.021524282
중부,2022-01-26 21:18:00,2022-01-26 21:27:55.794579635
남부,2022-01-26 19:37:00,2022-01-26 19:44:44.530400458
남부,2022-01-27 02:45:00,2022-01-27 02:47:25.548348785
동부,2022-01-27 16:09:00,2022-01-27 16:15:10.875762446
남부,2022-01-27 01:15:00,2022-01-27 01:16:00.000000000
서부,2022-01-27 00:44:00,2022-01-27 00:45:00.000000000
북부,2022-01-27 01:20:00,2022-01-27 01:21:00.000000000
서부,2022-01-27 07:12:00,2022-01-27 07:14:57.416020722
중부,2022-01-27 13:13:00,2022-01-27 13:19:38.924591000
중부,2022-01-27 00:12:00,2022-01-27 00:15:12.390469959
북부,2022-01-27 16:59:00,2022-01-27 17:03:24.386357209
남부,2022-01-27 05:45:00,2022-01-27 05:46:26.448484969
중부,2022-01-27 03:17:00,2022-01-27 03:19:48.264740603
동부,2022-01-27 23:42:00,2022-01-27 23:50:10.380418752
북부,2022-01-27 01:51:00,2022-01-27 01:54:00.330470486
중부,2022-01-27 01:49:00,2022-01-27 01:50:37.125288637
중부,2022-01-27 02:44:00,2022-01-27 02:45:56.218945490
북부,2022-01-27 21:51:00,2022-01-27 21:58:27.438852456
북부,2022-01-27 13:42:00,2022-01-27 13:45:27.042458012
중부,2022-01-27 14:12:00,2022-01-27 14:16:00.328940227
북부,2022-01-27 02:04:00,2022-01-27 02:07:07.876128715
북부,2022-01-27 19:56:00,2022-01-27 20:04:23.173623064
중부,2022-01-27 03:07:00,2022-01-27 03:10:04.314614423
동부,2022-01-27 08:05:00,2022-01-27 08:07:56.222038092
중부,2022-01-27 09:02:00,2022-01-27 09:04:56.329671352
북부,2022-01-27 18:38:00,2022-01-27 18:46:39.165208313
남부,2022-01-27 00:50:00,2022-01-27 00:52:13.721800825
북부,2022-01-27 02:02:00,2022-01-27 02:05:02.265725414
서부,2022-01-27 10:13:00,2022-01-27 10:17:42.261415632
서부,2022-01-27 19:19:00,2022-01-27 19:26:54.848645380
남부,2022-01-27 19:48:00,2022-01-27 19:56:01.778000551
북부,2022-01-27 20:38:00,2022-01-27 20:47:02.737155701
북부,2022-01-27 07:43:00,2022-01-27 07:47:52.355375832
동부,2022-01-27 12:17:00,2022-01-27 12:21:56.422343885
서부,2022-01-27 10:44:00,2022-01-27 10:45:56.917568294
동부,2022-01-27 11:44:00,2022-01-27 11:47:48.792012105
서부,2022-01-27 04:14:00,2022-01-27 04:16:29.233450876
서부,2022-01-27 18:14:00,2022-01-27 18:20:22.468746026
북부,2022-01-27 00:43:00,2022-01-27 00:46:00.248840420
북부,2022-01-27 12:11:00,2022-01-27 12:19:07.826072578
북부,2022-01-27 12:36:00,2022-01-27 12:41:54.533311153
동부,2022-01-27 20:39:00,2022-01-27 20:48:54.774715952
중부,2022-01-27 13:36:00,2022-01-27 13:40:11.845856354
남부,2022-01-27 19:25:00,2022-01-27 19:34:30.279094265
동부,2022-01-27 01:27:00,2022-01-27 01:29:45.800735047
북부,2022-01-27 23:11:00,2022-01-27 23:18:00.894294630
남부,2022-01-27 04:40:00,2022-01-27 04:42:56.022125842
중부,2022-01-27 12:08:00,2022-01-27 12:12:45.642816430
북부,2022-01-27 13:09:00,2022-01-27 13:14:12.529402711
서부,2022-01-27 05:14:00,2022-01-27 05:16:25.993711014
서부,2022-01-27 19:18:00,2022-01-27 19:24:36.632542206
동부,2022-01-27 04:06:00,2022-01-27 04:08:46.996986396
동부,2022-01-27 14:08:00,2022-01-27 14:12:25.024254398
북부,2022-01-27 06:28:00,2022-01-27 06:30:33.207057104
동부,2022-01-27 20:18:00,2022-01-27 20:27:50.996998816
북부,2022-01-27 10:00:00,2022-01-27 10:01:36.396507553
동부,2022-01-27 07:08:00,2022-01-27 07:11:16.795989743
서부,2022-01-27 14:13:00,2022-01-27 14:17:41.300791576
남부,2022-01-27 04:29:00,2022-01-27 04:31:24.120265171
남부,2022-01-27 09:44:00,2022-01-27 09:48:32.278920332
서부,2022-01-27 08:53:00,2022-01-27 08:57:16.704470176
동부,2022-01-27 01:10:00,2022-01-27 01:11:53.125386619
서부,2022-01-28 20:15:00,2022-01-28 20:21:49.733822826
남부,2022-01-28 02:01:00,2022-01-28 02:02:00.000000000
북부,2022-01-28 17:43:00,2022-01-28 17:47:36.944374172
서부,2022-01-28 14:51:00,2022-01-28 14:56:13.684162095
동부,2022-01-28 00:57:00,2022-01-28 00:58:00.000000000
중부,2022-01-28 09:00:00,2022-01-28 09:04:43.441101623
북부,2022-01-28 13:25:00,2022-01-28 13:28:48.398015106
남부,2022-01-28 12:41:00,2022-01-28 12:45:28.614349641
남부,2022-01-28 16:59:00,2022-01-28 17:02:44.459520015
중부,2022-01-28 21:48:00,2022-01-28 21:56:38.772453308
동부,2022-01-28 19:51:00,2022-01-28 19:59:48.061748279
남부,2022-01-28 06:46:00,2022-01-28 06:50:56.435841174
남부,2022-01-28 13:28:00,2022-01-28 13:34:22.675325364
동부,2022-01-28 07:17:00,2022-01-28 07:20:58.464773197
남부,2022-01-28 17:31:00,2022-01-28 17:35:01.287265247
동부,2022-01-28 19:53:00,2022-01-28 20:02:44.798305642
동부,2022-01-28 06:26:00,2022-01-28 06:28:55.911760144
남부,2022-01-28 08:56:00,2022-01-28 09:00:26.827013388
남부,2022-01-28 23:05:00,2022-01-28 23:11:45.898529712
남부,2022-01-28 00:53:00,2022-01-28 00:55:35.995835135
북부,2022-01-28 05:27:00,2022-01-28 05:28:16.843700925
중부,2022-01-28 11:20:00,2022-01-28 11:25:43.693588969
서부,2022-01-28 21:52:00,2022-01-28 22:00:45.175200209
동부,2022-01-28 15:06:00,2022-01-28 15:11:30.461549447
북부,2022-01-28 22:42:00,2022-01-28 22:50:42.179063023
중부,2022-01-28 16:38:00,2022-01-28 16:43:10.599279353
북부,2022-01-28 02:28:00,2022-01-28 02:31:01.497412593
서부,2022-01-28 05:00:00,2022-01-28 05:02:12.828549249
동부,2022-01-28 21:32:00,2022-01-28 21:40:55.748929467
동부,2022-01-28 21:51:00,2022-01-28 21:59:45.819611549
동부,2022-01-28 09:42:00,2022-01-28 09:46:55.097949198
동부,2022-01-28 17:13:00,2022-01-28 17:18:13.120860917
동부,2022-01-28 07:01:00,2022-01-28 07:05:46.326958947
북부,2022-01-28 15:08:00,2022-01-28 15:12:41.402605531
동부,2022-01-28 23:00:00,2022-01-28 23:08:35.391110243
북부,2022-01-28 02:39:00,2022-01-28 02:40:59.264377833
동부,2022-01-28 17:56:00,2022-01-28 18:00:29.466155020
동부,2022-01-28 22:53:00,2022-01-28 23:01:10.391241156
남부,2022-01-28 00:15:00,2022-01-28 00:18:19.407848517
서부,2022-01-28 21:40:00,2022-01-28 21:47:01.533825074
남부,2022-01-28 17:14:00,2022-01-28 17:19:05.378713281
중부,2022-01-28 00:50:00,2022-01-28 00:52:25.273952080
북부,2022-01-28 16:29:00,2022-01-28 16:32:25.965927424
남부,2022-01-28 00:16:00,2022-01-28 00:17:00.000000000
동부,2022-01-28 17:04:00,2022-01-28 17:09:07.016501554
북부,2022-01-28 03:28:00,2022-01-28 03:30:23.938171605
서부,2022-01-28 17:06:00,2022-01-28 17:11:02.656856694
동부,2022-01-28 06:04:00,2022-01-28 06:08:03.548786516
북부,2022-01-28 19:02:00,2022-01-28 19:10:05.255603070
남부,2022-01-28 08:15:00,2022-01-28 08:18:45.854732937
동부,2022-01-28 23:46:00,2022-01-28 23:55:19.940110518
서부,2022-01-28 17:17:00,2022-01-28 17:23:24.288017233
북부,2022-01-28 19:20:00,2022-01-28 19:27:47.165948787
북부,2022-01-28 21:35:00,2022-01-28 21:41:24.322306515
동부,2022-01-28 03:32:00,2022-01-28 03:33:22.998735982
동부,2022-01-28 22:47:00,2022-01-28 22:55:46.626497207
남부,2022-01-28 07:49:00,2022-01-28 07:52:23.743157071
동부,2022-01-28 09:43:00,2022-01-28 09:46:03.363177591
동부,2022-01-28 18:53:00,2022-01-28 18:59:15.267498013
남부,2022-01-28 07:08:00,2022-01-28 07:12:43.458533953
중부,2022-01-29 03:38:00,2022-01-29 03:39:00.000000000
남부,2022-01-29 03:15:00,2022-01-29 03:16:29.998811328
중부,2022-01-29 04:16:00,2022-01-29 04:18:32.490692788
동부,2022-01-29 04:17:00,2022-01-29 04:20:06.268339923
중부,2022-01-29 10:39:00,2022-01-29 10:43:17.719666549
중부,2022-01-29 06:10:00,2022-01-29 06:13:58.863814759
중부,2022-01-29 05:53:00,2022-01-29 05:54:38.386841494
서부,2022-01-29 15:50:00,2022-01-29 15:54:31.245831749
남부,2022-01-29 12:26:00,2022-01-29 12:31:02.100478846
북부,2022-01-29 12:29:00,2022-01-29 12:33:21.898522099
동부,2022-01-29 08:26:00,2022-01-29 08:28:27.718550769
서부,2022-01-29 00:03:00,2022-01-29 00:04:32.326130028
남부,2022-01-29 09:46:00,2022-01-29 09:50:38.392181662
서부,2022-01-29 13:56:00,2022-01-29 14:02:07.101656870
중부,2022-01-29 23:22:00,2022-01-29 23:30:07.372346427
중부,2022-01-29 01:20:00,2022-01-29 01:21:00.000000000
중부,2022-01-29 19:52:00,2022-01-29 19:58:59.926007940
중부,2022-01-29 10:09:00,2022-01-29 10:12:07.150950748
남부,2022-01-29 20:08:00,2022-01-29 20:15:30.690877711
중부,2022-01-29 18:01:00,2022-01-29 18:07:35.089836023
서부,2022-01-29 08:25:00,2022-01-29 08:30:36.346135544
남부,2022-01-29 07:30:00,2022-01-29 07:33:21.949193975
중부,2022-01-29 02:06:00,2022-01-29 02:07:17.644972824
남부,2022-01-29 10:52:00,2022-01-29 10:56:54.763777821
중부,2022-01-29 06:41:00,2022-01-29 06:45:12.372255326
중부,2022-01-29 03:46:00,2022-01-29 03:48:59.485070724
남부,2022-01-29 16:01:00,2022-01-29 16:06:09.571327795
남부,2022-01-29 04:03:00,2022-01-29 04:05:46.152734787
동부,2022-01-29 12:03:00,2022-01-29 12:08:54.934191298
중부,2022-01-29 02:07:00,2022-01-29 02:08:00.000000000
북부,2022-01-29 23:21:00,2022-01-29 23:27:49.691161506
동부,2022-01-29 16:54:00,2022-01-29 16:57:29.217037641
중부,2022-01-29 05:09:00,2022-01-29 05:10:58.353206073
서부,2022-01-29 00:48:00,2022-01-29 00:50:01.962454707
북부,2022-01-29 14:54:00,2022-01-29 14:58:00.139785126
남부,2022-01-29 22:05:00,2022-01-29 22:13:01.113359127
북부,2022-01-29 14:33:00,2022-01-29 14:37:45.102316636
남부,2022-01-29 10:09:00,2022-01-29 10:13:15.740099949
남부,2022-01-29 01:34:00,2022-01-29 01:37:23.948484103
서부,2022-01-29 23:24:00,2022-01-29 23:32:20.318794547
서부,2022-01-29 08:23:00,2022-01-29 08:26:53.381258705
북부,2022-01-29 12:35:00,2022-01-29 12:39:26.661438663
중부,2022-01-29 20:38:00,2022-01-29 20:43:51.610357583
동부,2022-01-29 06:57:00,2022-01-29 07:00:56.284167763
동부,2022-01-29 12:06:00,2022-01-29 12:10:08.413425627
중부,2022-01-29 06:46:00,2022-01-29 06:50:40.386760634
남부,2022-01-29 12:56:00,2022-01-29 13:01:23.161306248
북부,2022-01-29 04:05:00,2022-01-29 04:07:54.679800534
중부,2022-01-29 09:25:00,2022-01-29 09:28:57.265550314
중부,2022-01-29 15:46:00,2022-01-29 15:52:00.506056988
중부,2022-01-29 16:01:00,2022-01-29 16:06:53.259494682
중부,2022-01-29 09:44:00,2022-01-29 09:50:11.711400833
중부,2022-01-29 07:17:00,2022-01-29 07:21:56.515343631
북부,2022-01-29 08:52:00,2022-01-29 08:54:52.137653820
남부,2022-01-29 05:23:00,2022-01-29 05:24:00.000000000
남부,2022-01-29 19:02:00,2022-01-29 19:09:33.095656290
서부,2022-01-29 19:36:00,2022-01-29 19:44:31.614184855
북부,2022-01-29 05:56:00,2022-01-29 05:58:25.046074606
남부,2022-01-29 05:02:00,2022-01-29 05:03:43.203139029
남부,2022-01-29 18:32:00,2022-01-29 18:39:03.525147187
서부,2022-01-30 23:21:00,2022-01-30 23:29:27.622650440
남부,2022-01-30 21:09:00,2022-01-30 21:17:39.609631346
동부,2022-01-30 05:56:00,2022-01-30 05:57:44.487433187
중부,2022-01-30 15:27:00,2022-01-30 15:31:26.435134029
남부,2022-01-30 21:52:00,2022-01-30 22:00:21.510688915
북부,2022-01-30 19:15:00,2022-01-30 19:23:36.977854472
남부,2022-01-30 10:59:00,2022-01-30 11:03:08.659689987
동부,2022-01-30 07:03:00,2022-01-30 07:06:16.379954567
서부,2022-01-30 20:22:00,2022-01-30 20:30:03.985168313
중부,2022-01-30 16:40:00,2022-01-30 16:44:49.266316969
동부,2022-01-30 07:29:00,2022-01-30 07:31:53.371320517
남부,2022-01-30 08:17:00,2022-01-30 08:20:34.405738879
북부,2022-01-30 02:45:00,2022-01-30 02:46:00.000000000
북부,2022-01-30 07:30:00,2022-01-30 07:35:02.730570541
북부,2022-01-30 19:42:00,2022-01-30 19:49:41.461326756
서부,2022-01-30 11:34:00,2022-01-30 11:37:39.923221269
중부,2022-01-30 10:57:00,2022-01-30 11:00:50.942912377
동부,2022-01-30 17:40:00,2022-01-30 17:47:03.850375849
서부,2022-01-30 06:55:00,2022-01-30 06:58:20.867624804
중부,2022-01-30 13:32:00,2022-01-30 13:37:06.087198346
남부,2022-01-30 03:19:00,2022-01-30 03:20:00.000000000
북부,2022-01-30 08:21:00,2022-01-30 08:23:57.115170042
남부,2022-01-30 15:46:00,2022-01-30 15:51:00.577820117
서부,2022-01-30 13:17:00,2022-01-30 13:20:36.565513763
북부,2022-01-30 23:10:00,2022-01-30 23:17:31.645215879
남부,2022-01-30 21:19:00,2022-01-30 21:26:16.486346609
남부,2022-01-30 13:04:00,2022-01-30 13:08:52.835495420
중부,2022-01-30 18:11:00,2022-01-30 18:19:22.661027882
북부,2022-01-30 14:48:00,2022-01-30 14:53:09.035146316
북부,2022-01-30 15:13:00,2022-01-30 15:18:29.984413227
북부,2022-01-30 19:46:00,2022-01-30 19:53:49.923352368
서부,2022-01-30 17:46:00,2022-01-30 17:51:24.075633226
남부,2022-01-30 20:57:00,2022-01-30 21:04:12.953275111
서부,2022-01-30 18:36:00,2022-01-30 18:45:14.822047911
서부,2022-01-30 01:55:00,2022-01-30 01:56:01.952606173
북부,2022-01-30 09:00:00,2022-01-30 09:01:33.393196869
서부,2022-01-30 19:08:00,2022-01-30 19:17:21.592725413
북부,2022-01-30 01:55:00,2022-01-30 01:57:54.882824689
동부,2022-01-30 02:55:00,2022-01-30 02:57:53.025726775
남부,2022-01-30 06:14:00,2022-01-30 06:18:18.703535128
중부,2022-01-30 13:55:00,2022-01-30 13:58:10.999177219
동부,2022-01-30 08:42:00,2022-01-30 08:47:10.650556772
남부,2022-01-30 07:02:00,2022-01-30 07:08:09.404265184
서부,2022-01-30 14:45:00,2022-01-30 14:49:59.592465786
서부,2022-01-30 23:52:00,2022-01-30 23:59:25.805139657
서부,2022-01-30 20:34:00,2022-01-30 20:43:57.336173875
서부,2022-01-30 05:37:00,2022-01-30 05:40:26.200917054
북부,2022-01-30 03:46:00,2022-01-30 03:47:31.342008948
남부,2022-01-30 10:03:00,2022-01-30 10:06:44.402146761
중부,2022-01-30 12:41:00,2022-01-30 12:45:02.920462792
동부,2022-01-30 20:02:00,2022-01-30 20:09:07.923246074
동부,2022-01-30 13:06:00,2022-01-30 13:10:40.857998540
서부,2022-01-30 18:02:00,2022-01-30 18:11:22.137473684
남부,2022-01-30 13:42:00,2022-01-30 13:45:57.311693040
남부,2022-01-30 02:31:00,2022-01-30 02:34:13.274491689
남부,2022-01-30 21:21:00,2022-01-30 21:30:28.582466044
북부,2022-01-30 19:06:00,2022-01-30 19:12:54.669339303
북부,2022-01-30 22:48:00,2022-01-30 22:55:21.119769766
동부,2022-01-30 14:46:00,2022-01-30 14:51:50.915383497
동부,2022-01-30 06:37:00,2022-01-30 06:39:28.048982986
동부,2022-01-31 02:22:00,2022-01-31 02:25:54.280951101
남부,2022-01-31 13:43:00,2022-01-31 13:47:09.869264911
동부,2022-01-31 21:34:00,2022-01-31 21:41:14.732744728
북부,2022-01-31 09:42:00,2022-01-31 09:46:14.231163960
남부,2022-01-31 03:38:00,2022-01-31 03:40:24.523891020
동부,2022-01-31 14:54:00,2022-01-31 14:58:45.335609964
북부,2022-01-31 19:26:00,2022-01-31 19:34:30.325346284
서부,2022-01-31 06:04:00,2022-01-31 06:09:27.048716484
서부,2022-01-31 08:23:00,2022-01-31 08:26:03.887647680
서부,2022-01-31 06:32:00,2022-01-31 06:36:17.337016937
동부,2022-01-31 12:41:00,2022-01-31 12:45:16.724387136
서부,2022-01-31 07:10:00,2022-01-31 07:14:04.872343864
서부,2022-01-31 04:23:00,2022-01-31 04:24:00.000000000
북부,2022-01-31 12:44:00,2022-01-31 12:49:35.109503946
남부,2022-01-31 05:32:00,2022-01-31 05:35:26.304965765
북부,2022-01-31 23:42:00,2022-01-31 23:50:28.311737932
중부,2022-01-31 21:42:00,2022-01-31 21:50:30.208780942
동부,2022-01-31 04:19:00,2022-01-31 04:20:52.739046395
중부,2022-01-31 17:15:00,2022-01-31 17:19:56.778660281
북부,2022-01-31 22:57:00,2022-01-31 23:02:40.007926459
남부,2022-01-31 15:09:00,2022-01-31 15:14:11.784378629
남부,2022-01-31 01:49:00,2022-01-31 01:52:07.261328091
남부,2022-01-31 12:01:00,2022-01-31 12:08:19.124870841
중부,2022-01-31 22:25:00,2022-01-31 22:34:09.233179729
남부,2022-01-31 09:15:00,2022-01-31 09:22:00.695230436
서부,2022-01-31 09:16:00,2022-01-31 09:19:46.126920379
중부,2022-01-31 12:50:00,2022-01-31 12:53:34.141077542
남부,2022-01-31 05:32:00,2022-01-31 05:34:32.928668485
중부,2022-01-31 18:58:00,2022-01-31 19:04:45.688901206
서부,2022-01-31 03:31:00,2022-01-31 03:33:41.662251451
북부,2022-01-31 07:46:00,2022-01-31 07:48:11.647049712
동부,2022-01-31 02:09:00,2022-01-31 02:11:06.910047334
중부,2022-01-31 04:23:00,2022-01-31 04:24:00.000000000
서부,2022-01-31 10:41:00,2022-01-31 10:45:33.653174314
중부,2022-01-31 19:16:00,2022-01-31 19:25:23.903973968
서부,2022-01-31 04:46:00,2022-01-31 04:48:25.418383725
중부,2022-01-31 00:46:00,2022-01-31 00:47:50.629349616
남부,2022-01-31 08:44:00,2022-01-31 08:48:57.934682697
동부,2022-01-31 08:02:00,2022-01-31 08:05:56.204920923
서부,2022-01-31 22:52:00,2022-01-31 23:01:17.119236043
동부,2022-01-31 05:08:00,2022-01-31 05:09:05.144905260
서부,2022-01-31 01:06:00,2022-01-31 01:09:05.162979948
동부,2022-01-31 02:36:00,2022-01-31 02:39:21.523218884
북부,2022-01-31 07:06:00,2022-01-31 07:10:18.174513985
남부,2022-01-31 10:24:00,2022-01-31 10:28:49.804749460
동부,2022-01-31 08:48:00,2022-01-31 08:52:13.908687695
북부,2022-01-31 11:16:00,2022-01-31 11:20:10.068189981
남부,2022-01-31 17:22:00,2022-01-31 17:25:09.557386599
서부,2022-01-31 04:53:00,2022-01-31 04:54:42.646278049
중부,2022-01-31 22:06:00,2022-01-31 22:12:45.269650078
서부,2022-01-31 07:32:00,2022-01-31 07:36:43.052883769
중부,2022-01-31 16:16:00,2022-01-31 16:20:38.452917378
남부,2022-01-31 13:44:00,2022-01-31 13:49:01.676201071
서부,2022-01-31 05:56:00,2022-01-31 05:57:39.637203404
동부,2022-01-31 22:21:00,2022-01-31 22:26:55.841235659
동부,2022-01-31 11:13:00,2022-01-31 11:16:25.734825562
서부,2022-01-31 13:11:00,2022-01-31 13:15:13.385647099
서부,2022-01-31 03:55:00,2022-01-31 03:56:00.000000000
동부,2022-01-31 06:55:00,2022-01-31 06:57:31.385144012
중부,2022-01-31 00:42:00,2022-01-31 00:44:39.288803477
