sale_date,item_id,quantity
2024-01-01,ITEM_004,15
2024-01-01,ITEM_008,7
2024-01-01,ITEM_010,19
2024-01-01,ITEM_007,11
2024-01-01,ITEM_008,4
2024-01-01,ITEM_008,3
2024-01-01,ITEM_006,2
2024-01-01,ITEM_008,12
2024-01-01,ITEM_006,2
2024-01-01,ITEM_005,1
2024-01-01,ITEM_010,12
2024-01-02,ITEM_001,10
2024-01-02,ITEM_003,12
2024-01-02,ITEM_007,3
2024-01-02,ITEM_005,19
2024-01-02,ITEM_007,9
2024-01-02,ITEM_007,18
2024-01-02,ITEM_004,14
2024-01-02,ITEM_002,9
2024-01-02,ITEM_010,2
2024-01-02,ITEM_004,15
2024-01-02,ITEM_007,12
2024-01-02,ITEM_008,15
2024-01-02,ITEM_003,14
2024-01-03,ITEM_004,18
2024-01-03,ITEM_008,4
2024-01-03,ITEM_002,6
2024-01-03,ITEM_006,10
2024-01-03,ITEM_004,18
2024-01-04,ITEM_002,10
2024-01-04,ITEM_004,14
2024-01-04,ITEM_008,14
2024-01-04,ITEM_007,8
2024-01-04,ITEM_005,16
2024-01-04,ITEM_002,15
2024-01-04,ITEM_005,13
2024-01-04,ITEM_009,15
2024-01-04,ITEM_001,7
2024-01-04,ITEM_009,1
2024-01-04,ITEM_008,11
2024-01-04,ITEM_003,17
2024-01-04,ITEM_008,3
2024-01-04,ITEM_003,1
2024-01-05,ITEM_005,10
2024-01-05,ITEM_007,9
2024-01-05,ITEM_007,9
2024-01-05,ITEM_008,12
2024-01-05,ITEM_002,1
2024-01-05,ITEM_007,5
2024-01-05,ITEM_003,12
2024-01-05,ITEM_008,3
2024-01-05,ITEM_001,3
2024-01-05,ITEM_005,15
2024-01-05,ITEM_003,1
2024-01-05,ITEM_005,14
2024-01-05,ITEM_007,9
2024-01-05,ITEM_010,10
2024-01-05,ITEM_003,7
2024-01-06,ITEM_004,4
2024-01-06,ITEM_005,7
2024-01-06,ITEM_004,13
2024-01-06,ITEM_007,19
2024-01-06,ITEM_006,2
2024-01-07,ITEM_009,6
2024-01-07,ITEM_004,11
2024-01-07,ITEM_010,7
2024-01-07,ITEM_001,1
2024-01-07,ITEM_009,13
2024-01-07,ITEM_009,3
2024-01-07,ITEM_007,6
2024-01-07,ITEM_008,9
2024-01-07,ITEM_005,1
2024-01-07,ITEM_003,10
2024-01-07,ITEM_008,15
2024-01-07,ITEM_006,9
2024-01-07,ITEM_004,17
2024-01-07,ITEM_001,12
2024-01-08,ITEM_002,3
2024-01-08,ITEM_001,5
2024-01-08,ITEM_001,17
2024-01-08,ITEM_001,2
2024-01-08,ITEM_002,5
2024-01-08,ITEM_001,1
2024-01-08,ITEM_003,2
2024-01-08,ITEM_005,12
2024-01-08,ITEM_010,6
2024-01-08,ITEM_007,4
2024-01-08,ITEM_007,11
2024-01-09,ITEM_001,6
2024-01-09,ITEM_008,5
2024-01-09,ITEM_004,2
2024-01-09,ITEM_006,11
2024-01-09,ITEM_001,9
2024-01-09,ITEM_006,16
2024-01-09,ITEM_003,4
2024-01-09,ITEM_003,3
2024-01-09,ITEM_003,7
2024-01-09,ITEM_004,9
2024-01-09,ITEM_001,8
2024-01-09,ITEM_007,18
2024-01-10,ITEM_001,11
2024-01-10,ITEM_009,18
2024-01-10,ITEM_007,10
2024-01-10,ITEM_003,7
2024-01-10,ITEM_010,16
2024-01-10,ITEM_009,17
2024-01-10,ITEM_002,1
2024-01-10,ITEM_005,5
2024-01-10,ITEM_007,9
2024-01-10,ITEM_009,3
2024-01-10,ITEM_003,16
2024-01-10,ITEM_003,1
2024-01-11,ITEM_004,11
2024-01-11,ITEM_001,8
2024-01-11,ITEM_004,6
2024-01-11,ITEM_008,3
2024-01-11,ITEM_009,3
2024-01-11,ITEM_009,18
2024-01-11,ITEM_002,2
2024-01-11,ITEM_006,3
2024-01-11,ITEM_009,4
2024-01-11,ITEM_001,4
2024-01-11,ITEM_001,14
2024-01-11,ITEM_005,16
2024-01-12,ITEM_008,8
2024-01-12,ITEM_007,3
2024-01-12,ITEM_001,1
2024-01-12,ITEM_003,14
2024-01-12,ITEM_006,6
2024-01-12,ITEM_003,8
2024-01-12,ITEM_002,1
2024-01-12,ITEM_001,5
2024-01-13,ITEM_004,3
2024-01-13,ITEM_001,17
2024-01-13,ITEM_005,6
2024-01-13,ITEM_003,9
2024-01-13,ITEM_005,17
2024-01-13,ITEM_005,3
2024-01-13,ITEM_001,1
2024-01-14,ITEM_002,10
2024-01-14,ITEM_006,3
2024-01-14,ITEM_008,14
2024-01-14,ITEM_008,18
2024-01-14,ITEM_006,2
2024-01-14,ITEM_010,2
2024-01-14,ITEM_010,17
2024-01-15,ITEM_001,9
2024-01-15,ITEM_006,16
2024-01-15,ITEM_007,10
2024-01-15,ITEM_007,3
2024-01-15,ITEM_002,13
2024-01-15,ITEM_010,7
2024-01-15,ITEM_009,4
2024-01-15,ITEM_004,1
2024-01-15,ITEM_008,14
2024-01-15,ITEM_003,15
2024-01-15,ITEM_002,2
2024-01-15,ITEM_007,19
2024-01-16,ITEM_010,17
2024-01-16,ITEM_004,10
2024-01-16,ITEM_006,15
2024-01-16,ITEM_006,11
2024-01-16,ITEM_005,1
2024-01-16,ITEM_008,12
2024-01-16,ITEM_005,7
2024-01-16,ITEM_004,6
2024-01-16,ITEM_004,15
2024-01-16,ITEM_003,8
2024-01-16,ITEM_004,16
2024-01-16,ITEM_002,10
2024-01-16,ITEM_003,17
2024-01-17,ITEM_003,5
2024-01-17,ITEM_010,9
2024-01-17,ITEM_005,1
2024-01-17,ITEM_010,1
2024-01-17,ITEM_002,16
2024-01-17,ITEM_009,8
2024-01-17,ITEM_005,1
2024-01-17,ITEM_007,5
2024-01-17,ITEM_006,3
2024-01-17,ITEM_010,16
2024-01-17,ITEM_003,5
2024-01-17,ITEM_006,14
2024-01-18,ITEM_001,14
2024-01-18,ITEM_004,5
2024-01-18,ITEM_010,16
2024-01-18,ITEM_005,7
2024-01-18,ITEM_004,1
2024-01-18,ITEM_005,10
2024-01-18,ITEM_006,5
2024-01-18,ITEM_004,2
2024-01-18,ITEM_004,10
2024-01-19,ITEM_003,1
2024-01-19,ITEM_008,5
2024-01-19,ITEM_004,16
2024-01-19,ITEM_008,16
2024-01-19,ITEM_007,2
2024-01-19,ITEM_001,12
2024-01-19,ITEM_002,3
2024-01-19,ITEM_001,1
2024-01-19,ITEM_003,11
2024-01-19,ITEM_005,12
2024-01-19,ITEM_003,1
2024-01-19,ITEM_001,8
2024-01-19,ITEM_010,11
2024-01-19,ITEM_002,19
2024-01-20,ITEM_003,17
2024-01-20,ITEM_010,8
2024-01-20,ITEM_010,10
2024-01-20,ITEM_010,2
2024-01-20,ITEM_003,9
2024-01-20,ITEM_007,4
2024-01-21,ITEM_005,18
2024-01-21,ITEM_008,4
2024-01-21,ITEM_009,4
2024-01-21,ITEM_010,5
2024-01-21,ITEM_009,3
2024-01-21,ITEM_001,3
2024-01-21,ITEM_004,18
2024-01-21,ITEM_001,7
2024-01-21,ITEM_008,5
2024-01-21,ITEM_001,13
2024-01-21,ITEM_007,3
2024-01-21,ITEM_009,17
2024-01-21,ITEM_001,16
2024-01-21,ITEM_009,13
2024-01-22,ITEM_003,17
2024-01-22,ITEM_004,12
2024-01-22,ITEM_009,19
2024-01-22,ITEM_009,7
2024-01-22,ITEM_004,19
2024-01-22,ITEM_010,15
2024-01-22,ITEM_005,5
2024-01-22,ITEM_003,12
2024-01-22,ITEM_009,4
2024-01-22,ITEM_005,16
2024-01-22,ITEM_009,7
2024-01-22,ITEM_005,10
2024-01-22,ITEM_010,7
2024-01-22,ITEM_010,5
2024-01-22,ITEM_003,11
2024-01-23,ITEM_002,15
2024-01-23,ITEM_009,10
2024-01-23,ITEM_010,12
2024-01-23,ITEM_001,6
2024-01-23,ITEM_007,14
2024-01-23,ITEM_008,10
2024-01-23,ITEM_009,18
2024-01-23,ITEM_010,2
2024-01-23,ITEM_005,5
2024-01-23,ITEM_006,19
2024-01-23,ITEM_008,16
2024-01-23,ITEM_001,17
2024-01-23,ITEM_007,13
2024-01-23,ITEM_004,4
2024-01-23,ITEM_006,19
2024-01-24,ITEM_007,10
2024-01-24,ITEM_010,19
2024-01-24,ITEM_007,3
2024-01-24,ITEM_002,8
2024-01-24,ITEM_009,7
2024-01-24,ITEM_001,3
2024-01-24,ITEM_009,17
2024-01-24,ITEM_009,1
2024-01-24,ITEM_006,6
2024-01-24,ITEM_010,12
2024-01-25,ITEM_006,11
2024-01-25,ITEM_005,4
2024-01-25,ITEM_003,19
2024-01-25,ITEM_004,18
2024-01-25,ITEM_009,17
2024-01-25,ITEM_001,3
2024-01-25,ITEM_007,11
2024-01-25,ITEM_010,16
2024-01-25,ITEM_008,6
2024-01-26,ITEM_005,8
2024-01-26,ITEM_010,4
2024-01-26,ITEM_010,8
2024-01-26,ITEM_010,18
2024-01-26,ITEM_005,9
2024-01-26,ITEM_004,17
2024-01-26,ITEM_009,1
2024-01-26,ITEM_005,13
2024-01-26,ITEM_003,6
2024-01-26,ITEM_002,19
2024-01-26,ITEM_005,15
2024-01-26,ITEM_009,2
2024-01-27,ITEM_008,18
2024-01-27,ITEM_005,1
2024-01-27,ITEM_006,1
2024-01-27,ITEM_002,15
2024-01-27,ITEM_001,11
2024-01-27,ITEM_005,17
2024-01-27,ITEM_001,2
2024-01-27,ITEM_009,3
2024-01-27,ITEM_001,16
2024-01-27,ITEM_007,6
2024-01-27,ITEM_001,5
2024-01-27,ITEM_005,6
2024-01-27,ITEM_003,5
2024-01-27,ITEM_005,5
2024-01-28,ITEM_010,19
2024-01-28,ITEM_001,14
2024-01-28,ITEM_009,14
2024-01-28,ITEM_001,19
2024-01-28,ITEM_004,1
2024-01-28,ITEM_001,8
2024-01-28,ITEM_002,8
2024-01-28,ITEM_007,2
2024-01-28,ITEM_006,3
2024-01-28,ITEM_002,12
2024-01-28,ITEM_001,12
2024-01-28,ITEM_005,17
2024-01-28,ITEM_007,15
2024-01-28,ITEM_005,14
2024-01-29,ITEM_003,7
2024-01-29,ITEM_006,2
2024-01-29,ITEM_006,18
2024-01-29,ITEM_002,18
2024-01-29,ITEM_003,2
2024-01-29,ITEM_004,6
2024-01-30,ITEM_008,15
2024-01-30,ITEM_007,10
2024-01-30,ITEM_003,17
2024-01-30,ITEM_005,4
2024-01-30,ITEM_010,17
2024-01-31,ITEM_001,5
2024-01-31,ITEM_002,6
2024-01-31,ITEM_005,2
2024-01-31,ITEM_003,15
2024-01-31,ITEM_009,16
2024-01-31,ITEM_006,16
2024-01-31,ITEM_008,4
2024-01-31,ITEM_008,4
2024-01-31,ITEM_008,3
2024-01-31,ITEM_003,18
2024-01-31,ITEM_010,19
2024-01-31,ITEM_003,5
2024-01-31,ITEM_002,10
2024-01-31,ITEM_006,6
2024-02-01,ITEM_005,9
2024-02-01,ITEM_010,14
2024-02-01,ITEM_002,17
2024-02-01,ITEM_010,13
2024-02-01,ITEM_009,15
2024-02-02,ITEM_006,15
2024-02-02,ITEM_008,11
2024-02-02,ITEM_001,4
2024-02-02,ITEM_001,8
2024-02-02,ITEM_001,3
2024-02-02,ITEM_004,15
2024-02-02,ITEM_008,14
2024-02-02,ITEM_010,14
2024-02-02,ITEM_008,2
2024-02-02,ITEM_010,14
2024-02-02,ITEM_008,19
2024-02-02,ITEM_007,3
2024-02-02,ITEM_007,14
2024-02-03,ITEM_002,6
2024-02-03,ITEM_003,19
2024-02-03,ITEM_009,5
2024-02-03,ITEM_010,7
2024-02-03,ITEM_009,17
2024-02-03,ITEM_007,12
2024-02-03,ITEM_009,17
2024-02-03,ITEM_004,4
2024-02-03,ITEM_010,3
2024-02-03,ITEM_009,13
2024-02-03,ITEM_002,15
2024-02-03,ITEM_004,15
2024-02-03,ITEM_006,2
2024-02-03,ITEM_008,8
2024-02-03,ITEM_001,12
2024-02-04,ITEM_010,9
2024-02-04,ITEM_005,6
2024-02-04,ITEM_004,2
2024-02-04,ITEM_008,13
2024-02-04,ITEM_006,5
2024-02-04,ITEM_009,1
2024-02-04,ITEM_005,6
2024-02-05,ITEM_007,16
2024-02-05,ITEM_004,11
2024-02-05,ITEM_008,9
2024-02-05,ITEM_007,3
2024-02-05,ITEM_003,8
2024-02-05,ITEM_005,4
2024-02-05,ITEM_008,6
2024-02-05,ITEM_002,11
2024-02-05,ITEM_004,15
2024-02-05,ITEM_006,17
2024-02-06,ITEM_006,19
2024-02-06,ITEM_009,2
2024-02-06,ITEM_008,19
2024-02-06,ITEM_005,6
2024-02-06,ITEM_010,4
2024-02-06,ITEM_003,1
2024-02-06,ITEM_004,17
2024-02-06,ITEM_001,14
2024-02-06,ITEM_006,5
2024-02-06,ITEM_004,13
2024-02-06,ITEM_003,1
2024-02-06,ITEM_006,18
2024-02-07,ITEM_010,5
2024-02-07,ITEM_007,10
2024-02-07,ITEM_002,13
2024-02-07,ITEM_008,2
2024-02-07,ITEM_004,1
2024-02-07,ITEM_005,9
2024-02-07,ITEM_001,9
2024-02-07,ITEM_008,6
2024-02-07,ITEM_007,3
2024-02-07,ITEM_001,5
2024-02-07,ITEM_002,14
2024-02-07,ITEM_005,11
2024-02-08,ITEM_002,12
2024-02-08,ITEM_003,3
2024-02-08,ITEM_001,8
2024-02-08,ITEM_006,8
2024-02-08,ITEM_009,5
2024-02-08,ITEM_003,5
2024-02-08,ITEM_005,19
2024-02-08,ITEM_010,4
2024-02-08,ITEM_009,13
2024-02-08,ITEM_010,18
2024-02-08,ITEM_008,8
2024-02-08,ITEM_007,8
2024-02-08,ITEM_003,6
2024-02-09,ITEM_007,15
2024-02-09,ITEM_001,17
2024-02-09,ITEM_001,15
2024-02-09,ITEM_007,2
2024-02-09,ITEM_005,8
2024-02-10,ITEM_003,7
2024-02-10,ITEM_003,6
2024-02-10,ITEM_006,3
2024-02-10,ITEM_007,19
2024-02-10,ITEM_008,10
2024-02-10,ITEM_004,15
2024-02-10,ITEM_001,7
2024-02-10,ITEM_004,6
2024-02-10,ITEM_009,1
2024-02-10,ITEM_005,1
2024-02-10,ITEM_004,2
2024-02-10,ITEM_010,5
2024-02-11,ITEM_010,1
2024-02-11,ITEM_006,6
2024-02-11,ITEM_004,13
2024-02-11,ITEM_008,15
2024-02-11,ITEM_008,5
2024-02-11,ITEM_004,12
2024-02-11,ITEM_002,19
2024-02-11,ITEM_003,4
2024-02-11,ITEM_004,11
2024-02-11,ITEM_005,11
2024-02-11,ITEM_010,8
2024-02-11,ITEM_006,6
2024-02-11,ITEM_008,15
2024-02-11,ITEM_010,14
2024-02-11,ITEM_010,13
2024-02-12,ITEM_002,1
2024-02-12,ITEM_008,11
2024-02-12,ITEM_004,16
2024-02-12,ITEM_004,5
2024-02-12,ITEM_008,5
2024-02-12,ITEM_008,10
2024-02-12,ITEM_001,9
2024-02-12,ITEM_006,19
2024-02-12,ITEM_008,9
2024-02-12,ITEM_006,11
2024-02-12,ITEM_007,1
2024-02-12,ITEM_005,14
2024-02-13,ITEM_006,1
2024-02-13,ITEM_006,19
2024-02-13,ITEM_008,15
2024-02-13,ITEM_005,15
2024-02-13,ITEM_009,9
2024-02-13,ITEM_010,9
2024-02-13,ITEM_003,11
2024-02-13,ITEM_006,2
2024-02-14,ITEM_002,2
2024-02-14,ITEM_001,11
2024-02-14,ITEM_003,7
2024-02-14,ITEM_004,6
2024-02-14,ITEM_005,1
2024-02-14,ITEM_001,11
2024-02-14,ITEM_006,18
2024-02-14,ITEM_005,17
2024-02-14,ITEM_007,17
2024-02-14,ITEM_004,9
2024-02-14,ITEM_001,8
2024-02-15,ITEM_007,1
2024-02-15,ITEM_007,19
2024-02-15,ITEM_008,19
2024-02-15,ITEM_001,13
2024-02-15,ITEM_008,19
2024-02-16,ITEM_001,14
2024-02-16,ITEM_003,15
2024-02-16,ITEM_002,2
2024-02-16,ITEM_006,17
2024-02-16,ITEM_002,6
2024-02-16,ITEM_003,4
2024-02-17,ITEM_008,7
2024-02-17,ITEM_003,10
2024-02-17,ITEM_010,19
2024-02-17,ITEM_002,1
2024-02-17,ITEM_007,18
2024-02-18,ITEM_008,1
2024-02-18,ITEM_009,3
2024-02-18,ITEM_008,8
2024-02-18,ITEM_006,15
2024-02-18,ITEM_005,3
2024-02-18,ITEM_003,1
2024-02-18,ITEM_008,2
2024-02-18,ITEM_003,14
2024-02-18,ITEM_008,14
2024-02-18,ITEM_004,5
2024-02-18,ITEM_006,14
2024-02-19,ITEM_002,7
2024-02-19,ITEM_010,7
2024-02-19,ITEM_001,19
2024-02-19,ITEM_003,4
2024-02-19,ITEM_002,2
2024-02-19,ITEM_001,15
2024-02-19,ITEM_005,11
2024-02-19,ITEM_010,2
2024-02-19,ITEM_003,12
2024-02-19,ITEM_004,5
2024-02-19,ITEM_005,6
2024-02-20,ITEM_002,12
2024-02-20,ITEM_003,12
2024-02-20,ITEM_008,17
2024-02-20,ITEM_010,14
2024-02-20,ITEM_007,17
2024-02-20,ITEM_002,19
2024-02-20,ITEM_001,14
2024-02-20,ITEM_009,8
2024-02-20,ITEM_002,13
2024-02-20,ITEM_009,7
2024-02-20,ITEM_009,11
2024-02-20,ITEM_004,13
2024-02-20,ITEM_002,5
2024-02-21,ITEM_006,18
2024-02-21,ITEM_005,10
2024-02-21,ITEM_004,9
2024-02-21,ITEM_006,2
2024-02-21,ITEM_001,5
2024-02-21,ITEM_009,6
2024-02-21,ITEM_010,12
2024-02-21,ITEM_007,10
2024-02-21,ITEM_006,6
2024-02-21,ITEM_008,2
2024-02-21,ITEM_009,7
2024-02-21,ITEM_010,13
2024-02-21,ITEM_001,14
2024-02-21,ITEM_002,11
2024-02-21,ITEM_001,19
2024-02-22,ITEM_004,19
2024-02-22,ITEM_010,11
2024-02-22,ITEM_008,11
2024-02-22,ITEM_004,17
2024-02-22,ITEM_007,8
2024-02-22,ITEM_003,2
2024-02-22,ITEM_007,15
2024-02-22,ITEM_008,5
2024-02-22,ITEM_008,1
2024-02-23,ITEM_004,15
2024-02-23,ITEM_004,19
2024-02-23,ITEM_003,11
2024-02-23,ITEM_001,13
2024-02-23,ITEM_002,9
2024-02-23,ITEM_010,2
2024-02-23,ITEM_005,9
2024-02-23,ITEM_009,8
2024-02-23,ITEM_001,1
2024-02-23,ITEM_009,11
2024-02-23,ITEM_008,10
2024-02-23,ITEM_009,7
2024-02-23,ITEM_003,3
2024-02-23,ITEM_002,5
2024-02-24,ITEM_006,2
2024-02-24,ITEM_003,5
2024-02-24,ITEM_001,17
2024-02-24,ITEM_010,17
2024-02-24,ITEM_008,19
2024-02-24,ITEM_008,17
2024-02-24,ITEM_007,5
2024-02-25,ITEM_006,8
2024-02-25,ITEM_009,18
2024-02-25,ITEM_009,12
2024-02-25,ITEM_010,9
2024-02-25,ITEM_010,15
2024-02-25,ITEM_010,16
2024-02-25,ITEM_007,17
2024-02-25,ITEM_007,7
2024-02-25,ITEM_005,7
2024-02-25,ITEM_009,19
2024-02-26,ITEM_002,18
2024-02-26,ITEM_004,7
2024-02-26,ITEM_003,18
2024-02-26,ITEM_010,7
2024-02-26,ITEM_001,14
2024-02-26,ITEM_008,3
2024-02-26,ITEM_002,3
2024-02-26,ITEM_005,11
2024-02-26,ITEM_008,12
2024-02-26,ITEM_007,15
2024-02-26,ITEM_008,17
2024-02-26,ITEM_004,13
2024-02-27,ITEM_001,16
2024-02-27,ITEM_010,12
2024-02-27,ITEM_002,3
2024-02-27,ITEM_010,2
2024-02-27,ITEM_007,13
2024-02-27,ITEM_002,3
2024-02-28,ITEM_007,14
2024-02-28,ITEM_004,17
2024-02-28,ITEM_005,12
2024-02-28,ITEM_009,16
2024-02-28,ITEM_008,12
2024-02-28,ITEM_009,10
2024-02-28,ITEM_009,7
2024-02-28,ITEM_004,5
2024-02-28,ITEM_001,17
2024-02-28,ITEM_003,13
2024-02-28,ITEM_008,18
2024-02-28,ITEM_004,18
2024-02-28,ITEM_005,16
2024-02-28,ITEM_001,14
2024-02-28,ITEM_009,15
2024-02-29,ITEM_009,4
2024-02-29,ITEM_010,5
2024-02-29,ITEM_005,11
2024-02-29,ITEM_006,7
2024-02-29,ITEM_008,14
2024-03-01,ITEM_002,7
2024-03-01,ITEM_004,4
2024-03-01,ITEM_008,19
2024-03-01,ITEM_010,11
2024-03-01,ITEM_002,9
2024-03-01,ITEM_001,3
2024-03-01,ITEM_008,6
2024-03-01,ITEM_005,5
2024-03-01,ITEM_006,15
2024-03-01,ITEM_007,17
2024-03-01,ITEM_009,3
2024-03-01,ITEM_004,17
2024-03-02,ITEM_010,3
2024-03-02,ITEM_002,18
2024-03-02,ITEM_001,3
2024-03-02,ITEM_003,6
2024-03-02,ITEM_008,15
2024-03-02,ITEM_009,9
2024-03-02,ITEM_004,14
2024-03-02,ITEM_005,2
2024-03-02,ITEM_009,3
2024-03-02,ITEM_009,3
2024-03-02,ITEM_009,2
2024-03-02,ITEM_010,9
2024-03-02,ITEM_008,5
2024-03-02,ITEM_002,15
2024-03-02,ITEM_006,8
2024-03-03,ITEM_005,16
2024-03-03,ITEM_010,18
2024-03-03,ITEM_006,5
2024-03-03,ITEM_005,13
2024-03-03,ITEM_001,18
2024-03-03,ITEM_008,13
2024-03-03,ITEM_003,3
2024-03-03,ITEM_008,8
2024-03-03,ITEM_002,8
2024-03-03,ITEM_001,6
2024-03-03,ITEM_008,19
2024-03-03,ITEM_008,1
2024-03-03,ITEM_009,13
2024-03-03,ITEM_009,10
2024-03-03,ITEM_004,6
2024-03-04,ITEM_005,11
2024-03-04,ITEM_010,19
2024-03-04,ITEM_007,10
2024-03-04,ITEM_010,11
2024-03-04,ITEM_005,7
2024-03-04,ITEM_002,4
2024-03-04,ITEM_002,14
2024-03-04,ITEM_007,2
2024-03-04,ITEM_001,9
2024-03-04,ITEM_001,8
2024-03-04,ITEM_002,13
2024-03-05,ITEM_006,19
2024-03-05,ITEM_007,10
2024-03-05,ITEM_009,2
2024-03-05,ITEM_005,4
2024-03-05,ITEM_004,4
2024-03-05,ITEM_002,4
2024-03-05,ITEM_001,12
2024-03-06,ITEM_001,10
2024-03-06,ITEM_006,1
2024-03-06,ITEM_006,18
2024-03-06,ITEM_002,14
2024-03-06,ITEM_004,3
2024-03-06,ITEM_004,12
2024-03-06,ITEM_007,11
2024-03-06,ITEM_001,6
2024-03-06,ITEM_003,11
2024-03-06,ITEM_010,2
2024-03-07,ITEM_004,17
2024-03-07,ITEM_003,13
2024-03-07,ITEM_009,7
2024-03-07,ITEM_007,11
2024-03-07,ITEM_004,2
2024-03-07,ITEM_004,11
2024-03-08,ITEM_003,17
2024-03-08,ITEM_008,15
2024-03-08,ITEM_005,6
2024-03-08,ITEM_003,5
2024-03-08,ITEM_003,1
2024-03-08,ITEM_010,6
2024-03-08,ITEM_002,3
2024-03-08,ITEM_001,12
2024-03-08,ITEM_002,15
2024-03-08,ITEM_008,14
2024-03-08,ITEM_009,17
2024-03-08,ITEM_005,8
2024-03-08,ITEM_002,7
2024-03-08,ITEM_003,12
2024-03-08,ITEM_005,3
2024-03-09,ITEM_009,14
2024-03-09,ITEM_007,17
2024-03-09,ITEM_004,4
2024-03-09,ITEM_009,6
2024-03-09,ITEM_009,2
2024-03-09,ITEM_008,8
2024-03-09,ITEM_001,8
2024-03-09,ITEM_005,18
2024-03-10,ITEM_006,11
2024-03-10,ITEM_009,1
2024-03-10,ITEM_006,9
2024-03-10,ITEM_008,11
2024-03-10,ITEM_006,19
2024-03-10,ITEM_008,9
2024-03-11,ITEM_009,14
2024-03-11,ITEM_006,1
2024-03-11,ITEM_010,8
2024-03-11,ITEM_002,1
2024-03-11,ITEM_002,1
2024-03-12,ITEM_009,13
2024-03-12,ITEM_001,13
2024-03-12,ITEM_004,7
2024-03-12,ITEM_002,6
2024-03-12,ITEM_007,14
2024-03-13,ITEM_002,15
2024-03-13,ITEM_002,10
2024-03-13,ITEM_007,12
2024-03-13,ITEM_001,8
2024-03-13,ITEM_003,6
2024-03-13,ITEM_009,6
2024-03-13,ITEM_009,7
2024-03-13,ITEM_009,18
2024-03-13,ITEM_008,8
2024-03-13,ITEM_002,15
2024-03-13,ITEM_007,11
2024-03-13,ITEM_004,16
2024-03-13,ITEM_004,6
2024-03-13,ITEM_010,3
2024-03-14,ITEM_010,14
2024-03-14,ITEM_002,12
2024-03-14,ITEM_007,12
2024-03-14,ITEM_009,13
2024-03-14,ITEM_003,19
2024-03-14,ITEM_007,14
2024-03-14,ITEM_004,13
2024-03-14,ITEM_008,19
2024-03-14,ITEM_002,6
2024-03-14,ITEM_002,19
2024-03-14,ITEM_006,5
2024-03-14,ITEM_008,9
2024-03-14,ITEM_003,10
2024-03-15,ITEM_003,15
2024-03-15,ITEM_001,7
2024-03-15,ITEM_001,5
2024-03-15,ITEM_004,12
2024-03-15,ITEM_004,18
2024-03-15,ITEM_001,19
2024-03-15,ITEM_009,4
2024-03-16,ITEM_005,2
2024-03-16,ITEM_004,2
2024-03-16,ITEM_002,4
2024-03-16,ITEM_006,7
2024-03-16,ITEM_010,19
2024-03-16,ITEM_003,12
2024-03-16,ITEM_003,13
2024-03-16,ITEM_002,8
2024-03-16,ITEM_005,15
2024-03-16,ITEM_001,3
2024-03-16,ITEM_010,8
2024-03-16,ITEM_004,16
2024-03-16,ITEM_007,10
2024-03-16,ITEM_002,5
2024-03-17,ITEM_006,13
2024-03-17,ITEM_009,15
2024-03-17,ITEM_008,7
2024-03-17,ITEM_009,2
2024-03-17,ITEM_007,6
2024-03-17,ITEM_001,2
2024-03-17,ITEM_003,5
2024-03-17,ITEM_005,1
2024-03-17,ITEM_008,12
2024-03-18,ITEM_004,13
2024-03-18,ITEM_007,15
2024-03-18,ITEM_010,3
2024-03-18,ITEM_006,14
2024-03-18,ITEM_010,10
2024-03-18,ITEM_009,1
2024-03-18,ITEM_005,8
2024-03-18,ITEM_001,11
2024-03-18,ITEM_005,15
2024-03-18,ITEM_005,12
2024-03-18,ITEM_005,17
2024-03-18,ITEM_001,12
2024-03-19,ITEM_006,12
2024-03-19,ITEM_004,18
2024-03-19,ITEM_002,9
2024-03-19,ITEM_005,1
2024-03-19,ITEM_007,3
2024-03-19,ITEM_006,5
2024-03-19,ITEM_005,5
2024-03-19,ITEM_001,17
2024-03-19,ITEM_003,14
2024-03-19,ITEM_010,18
2024-03-19,ITEM_008,11
2024-03-19,ITEM_002,18
2024-03-20,ITEM_007,15
2024-03-20,ITEM_002,12
2024-03-20,ITEM_006,13
2024-03-20,ITEM_004,16
2024-03-20,ITEM_002,10
2024-03-20,ITEM_007,8
2024-03-20,ITEM_002,1
2024-03-20,ITEM_007,8
2024-03-20,ITEM_006,5
2024-03-20,ITEM_006,15
2024-03-20,ITEM_002,1
2024-03-20,ITEM_007,11
2024-03-20,ITEM_010,18
2024-03-21,ITEM_001,8
2024-03-21,ITEM_008,17
2024-03-21,ITEM_008,14
2024-03-21,ITEM_004,1
2024-03-21,ITEM_001,19
2024-03-21,ITEM_005,16
2024-03-22,ITEM_009,2
2024-03-22,ITEM_002,6
2024-03-22,ITEM_009,1
2024-03-22,ITEM_009,16
2024-03-22,ITEM_009,13
2024-03-22,ITEM_009,11
2024-03-22,ITEM_004,2
2024-03-22,ITEM_006,14
2024-03-22,ITEM_004,6
2024-03-23,ITEM_006,2
2024-03-23,ITEM_002,13
2024-03-23,ITEM_009,19
2024-03-23,ITEM_001,7
2024-03-23,ITEM_009,15
2024-03-23,ITEM_001,12
2024-03-23,ITEM_010,7
2024-03-24,ITEM_003,1
2024-03-24,ITEM_001,17
2024-03-24,ITEM_003,12
2024-03-24,ITEM_006,11
2024-03-24,ITEM_003,8
2024-03-24,ITEM_010,2
2024-03-24,ITEM_009,3
2024-03-24,ITEM_005,8
2024-03-24,ITEM_002,6
2024-03-25,ITEM_010,12
2024-03-25,ITEM_005,2
2024-03-25,ITEM_005,15
2024-03-25,ITEM_004,15
2024-03-25,ITEM_007,6
2024-03-25,ITEM_002,12
2024-03-25,ITEM_005,11
2024-03-25,ITEM_007,16
2024-03-25,ITEM_005,15
2024-03-26,ITEM_004,11
2024-03-26,ITEM_003,15
2024-03-26,ITEM_004,13
2024-03-26,ITEM_006,19
2024-03-26,ITEM_002,14
2024-03-26,ITEM_004,16
2024-03-26,ITEM_005,14
2024-03-26,ITEM_003,8
2024-03-26,ITEM_010,4
2024-03-26,ITEM_002,2
2024-03-26,ITEM_001,13
2024-03-26,ITEM_004,11
2024-03-26,ITEM_007,12
2024-03-27,ITEM_007,13
2024-03-27,ITEM_007,17
2024-03-27,ITEM_010,10
2024-03-27,ITEM_008,4
2024-03-27,ITEM_004,4
2024-03-27,ITEM_006,7
2024-03-27,ITEM_006,1
2024-03-27,ITEM_008,13
2024-03-27,ITEM_010,15
2024-03-27,ITEM_007,9
2024-03-27,ITEM_010,9
2024-03-27,ITEM_010,10
2024-03-27,ITEM_008,16
2024-03-27,ITEM_001,5
2024-03-28,ITEM_002,19
2024-03-28,ITEM_004,7
2024-03-28,ITEM_010,18
2024-03-28,ITEM_003,4
2024-03-28,ITEM_010,1
2024-03-28,ITEM_007,18
2024-03-28,ITEM_005,15
2024-03-28,ITEM_001,3
2024-03-29,ITEM_001,17
2024-03-29,ITEM_006,16
2024-03-29,ITEM_005,15
2024-03-29,ITEM_003,7
2024-03-29,ITEM_010,9
2024-03-29,ITEM_009,2
2024-03-30,ITEM_007,18
2024-03-30,ITEM_003,10
2024-03-30,ITEM_006,7
2024-03-30,ITEM_009,17
2024-03-30,ITEM_007,14
2024-03-30,ITEM_003,4
2024-03-30,ITEM_010,6
2024-03-31,ITEM_007,13
2024-03-31,ITEM_004,8
2024-03-31,ITEM_005,1
2024-03-31,ITEM_004,3
2024-03-31,ITEM_009,8
2024-03-31,ITEM_001,6
2024-03-31,ITEM_009,7
2024-03-31,ITEM_004,13
2024-03-31,ITEM_001,2
2024-03-31,ITEM_005,12
2024-03-31,ITEM_005,8
2024-03-31,ITEM_006,8
2024-03-31,ITEM_002,3
2024-03-31,ITEM_006,12
2024-04-01,ITEM_003,6
2024-04-01,ITEM_002,12
2024-04-01,ITEM_002,6
2024-04-01,ITEM_001,3
2024-04-01,ITEM_002,8
2024-04-01,ITEM_006,12
2024-04-01,ITEM_010,4
2024-04-01,ITEM_005,13
2024-04-01,ITEM_009,16
2024-04-01,ITEM_010,16
2024-04-01,ITEM_001,16
2024-04-01,ITEM_008,3
2024-04-01,ITEM_007,19
2024-04-01,ITEM_008,5
2024-04-02,ITEM_008,12
2024-04-02,ITEM_001,6
2024-04-02,ITEM_006,18
2024-04-02,ITEM_008,7
2024-04-02,ITEM_001,16
2024-04-02,ITEM_006,2
2024-04-02,ITEM_004,1
2024-04-02,ITEM_007,18
2024-04-03,ITEM_009,2
2024-04-03,ITEM_009,9
2024-04-03,ITEM_001,11
2024-04-03,ITEM_003,4
2024-04-03,ITEM_002,6
2024-04-03,ITEM_003,11
2024-04-04,ITEM_005,10
2024-04-04,ITEM_001,10
2024-04-04,ITEM_006,18
2024-04-04,ITEM_003,10
2024-04-04,ITEM_006,3
2024-04-04,ITEM_007,14
2024-04-04,ITEM_009,15
2024-04-04,ITEM_005,3
2024-04-04,ITEM_002,2
2024-04-04,ITEM_003,18
2024-04-05,ITEM_002,10
2024-04-05,ITEM_009,2
2024-04-05,ITEM_009,1
2024-04-05,ITEM_004,14
2024-04-05,ITEM_001,14
2024-04-05,ITEM_006,14
2024-04-05,ITEM_004,3
2024-04-05,ITEM_003,9
2024-04-06,ITEM_009,13
2024-04-06,ITEM_005,2
2024-04-06,ITEM_008,2
2024-04-06,ITEM_004,15
2024-04-06,ITEM_004,13
2024-04-06,ITEM_004,18
2024-04-06,ITEM_006,11
2024-04-06,ITEM_002,19
2024-04-06,ITEM_003,5
2024-04-06,ITEM_003,2
2024-04-07,ITEM_009,2
2024-04-07,ITEM_002,15
2024-04-07,ITEM_009,19
2024-04-07,ITEM_009,3
2024-04-07,ITEM_005,9
2024-04-07,ITEM_003,7
2024-04-07,ITEM_001,4
2024-04-07,ITEM_004,7
2024-04-07,ITEM_008,17
2024-04-07,ITEM_005,7
2024-04-07,ITEM_004,4
2024-04-07,ITEM_006,7
2024-04-07,ITEM_002,5
2024-04-07,ITEM_004,3
2024-04-08,ITEM_006,14
2024-04-08,ITEM_007,5
2024-04-08,ITEM_006,5
2024-04-08,ITEM_007,2
2024-04-08,ITEM_005,6
2024-04-08,ITEM_005,10
2024-04-08,ITEM_007,7
2024-04-08,ITEM_005,1
2024-04-08,ITEM_005,18
2024-04-08,ITEM_005,18
2024-04-08,ITEM_005,13
2024-04-09,ITEM_001,3
2024-04-09,ITEM_001,11
2024-04-09,ITEM_005,4
2024-04-09,ITEM_002,16
2024-04-09,ITEM_002,8
2024-04-09,ITEM_003,9
2024-04-09,ITEM_004,6
2024-04-09,ITEM_010,10
2024-04-10,ITEM_009,17
2024-04-10,ITEM_008,9
2024-04-10,ITEM_009,1
2024-04-10,ITEM_002,16
2024-04-10,ITEM_001,10
2024-04-11,ITEM_010,8
2024-04-11,ITEM_005,11
2024-04-11,ITEM_007,2
2024-04-11,ITEM_008,8
2024-04-11,ITEM_001,15
2024-04-11,ITEM_001,13
2024-04-12,ITEM_005,12
2024-04-12,ITEM_001,5
2024-04-12,ITEM_008,13
2024-04-12,ITEM_008,11
2024-04-12,ITEM_001,13
2024-04-12,ITEM_003,3
2024-04-12,ITEM_008,17
2024-04-13,ITEM_004,8
2024-04-13,ITEM_010,14
2024-04-13,ITEM_004,11
2024-04-13,ITEM_004,15
2024-04-13,ITEM_003,7
2024-04-13,ITEM_003,19
2024-04-13,ITEM_010,5
2024-04-13,ITEM_005,8
2024-04-13,ITEM_010,6
2024-04-14,ITEM_008,8
2024-04-14,ITEM_009,9
2024-04-14,ITEM_002,15
2024-04-14,ITEM_002,3
2024-04-14,ITEM_001,4
2024-04-15,ITEM_009,9
2024-04-15,ITEM_009,18
2024-04-15,ITEM_010,4
2024-04-15,ITEM_008,2
2024-04-15,ITEM_006,13
2024-04-15,ITEM_005,16
2024-04-15,ITEM_002,11
2024-04-15,ITEM_010,15
2024-04-16,ITEM_008,18
2024-04-16,ITEM_007,9
2024-04-16,ITEM_009,8
2024-04-16,ITEM_010,18
2024-04-16,ITEM_006,12
2024-04-17,ITEM_001,3
2024-04-17,ITEM_010,7
2024-04-17,ITEM_001,12
2024-04-17,ITEM_009,15
2024-04-17,ITEM_002,13
2024-04-17,ITEM_005,8
2024-04-17,ITEM_008,14
2024-04-18,ITEM_007,12
2024-04-18,ITEM_006,11
2024-04-18,ITEM_009,13
2024-04-18,ITEM_002,2
2024-04-18,ITEM_005,15
2024-04-18,ITEM_004,18
2024-04-18,ITEM_003,12
2024-04-18,ITEM_006,11
2024-04-18,ITEM_005,1
2024-04-18,ITEM_008,3
2024-04-18,ITEM_006,19
2024-04-19,ITEM_007,12
2024-04-19,ITEM_009,5
2024-04-19,ITEM_008,10
2024-04-19,ITEM_010,16
2024-04-19,ITEM_008,1
2024-04-19,ITEM_005,3
2024-04-19,ITEM_001,4
2024-04-19,ITEM_008,3
2024-04-19,ITEM_010,2
2024-04-19,ITEM_009,10
2024-04-19,ITEM_005,14
2024-04-20,ITEM_002,9
2024-04-20,ITEM_009,4
2024-04-20,ITEM_006,10
2024-04-20,ITEM_010,12
2024-04-20,ITEM_001,14
2024-04-20,ITEM_009,2
2024-04-20,ITEM_005,11
2024-04-20,ITEM_003,6
2024-04-20,ITEM_008,19
2024-04-20,ITEM_005,4
2024-04-20,ITEM_004,10
2024-04-21,ITEM_006,3
2024-04-21,ITEM_010,5
2024-04-21,ITEM_006,8
2024-04-21,ITEM_007,10
2024-04-21,ITEM_006,14
2024-04-21,ITEM_004,13
2024-04-21,ITEM_004,17
2024-04-21,ITEM_007,7
2024-04-21,ITEM_004,14
2024-04-21,ITEM_003,5
2024-04-21,ITEM_010,4
2024-04-21,ITEM_008,2
2024-04-22,ITEM_003,19
2024-04-22,ITEM_001,14
2024-04-22,ITEM_003,13
2024-04-22,ITEM_010,6
2024-04-22,ITEM_005,4
2024-04-22,ITEM_003,16
2024-04-23,ITEM_007,17
2024-04-23,ITEM_007,1
2024-04-23,ITEM_002,17
2024-04-23,ITEM_009,13
2024-04-23,ITEM_001,17
2024-04-23,ITEM_006,4
2024-04-23,ITEM_004,16
2024-04-23,ITEM_006,15
2024-04-24,ITEM_007,9
2024-04-24,ITEM_010,16
2024-04-24,ITEM_005,10
2024-04-24,ITEM_002,3
2024-04-24,ITEM_001,13
2024-04-24,ITEM_006,17
2024-04-24,ITEM_003,19
2024-04-24,ITEM_010,3
2024-04-24,ITEM_010,19
2024-04-24,ITEM_005,5
2024-04-24,ITEM_004,17
2024-04-24,ITEM_005,10
2024-04-24,ITEM_005,4
2024-04-24,ITEM_006,4
2024-04-24,ITEM_007,7
2024-04-25,ITEM_003,1
2024-04-25,ITEM_008,4
2024-04-25,ITEM_006,9
2024-04-25,ITEM_006,14
2024-04-25,ITEM_009,4
2024-04-25,ITEM_005,12
2024-04-26,ITEM_006,7
2024-04-26,ITEM_003,14
2024-04-26,ITEM_008,10
2024-04-26,ITEM_006,10
2024-04-26,ITEM_009,13
2024-04-26,ITEM_006,12
2024-04-26,ITEM_009,13
2024-04-26,ITEM_004,11
2024-04-26,ITEM_004,18
2024-04-26,ITEM_010,11
2024-04-26,ITEM_009,4
2024-04-26,ITEM_002,1
2024-04-26,ITEM_007,6
2024-04-26,ITEM_002,11
2024-04-27,ITEM_008,15
2024-04-27,ITEM_007,10
2024-04-27,ITEM_010,12
2024-04-27,ITEM_008,14
2024-04-27,ITEM_009,5
2024-04-27,ITEM_010,18
2024-04-27,ITEM_005,3
2024-04-27,ITEM_007,5
2024-04-28,ITEM_001,19
2024-04-28,ITEM_003,12
2024-04-28,ITEM_009,9
2024-04-28,ITEM_001,18
2024-04-28,ITEM_005,4
2024-04-28,ITEM_010,7
2024-04-28,ITEM_006,1
2024-04-28,ITEM_001,2
2024-04-28,ITEM_010,11
2024-04-28,ITEM_009,7
2024-04-28,ITEM_006,17
2024-04-28,ITEM_001,2
2024-04-29,ITEM_006,2
2024-04-29,ITEM_001,10
2024-04-29,ITEM_005,5
2024-04-29,ITEM_002,16
2024-04-29,ITEM_009,2
2024-04-29,ITEM_010,2
2024-04-29,ITEM_003,7
2024-04-29,ITEM_006,12
2024-04-29,ITEM_008,15
2024-04-29,ITEM_008,6
2024-04-30,ITEM_010,3
2024-04-30,ITEM_003,17
2024-04-30,ITEM_007,4
2024-04-30,ITEM_004,15
2024-04-30,ITEM_008,8
2024-04-30,ITEM_005,15
2024-04-30,ITEM_006,14
2024-04-30,ITEM_009,8
2024-04-30,ITEM_010,17
2024-04-30,ITEM_002,3
2024-04-30,ITEM_008,12
2024-04-30,ITEM_001,10
2024-04-30,ITEM_004,3
2024-04-30,ITEM_006,7
2024-04-30,ITEM_004,18
2024-05-01,ITEM_003,5
2024-05-01,ITEM_003,11
2024-05-01,ITEM_008,12
2024-05-01,ITEM_010,8
2024-05-01,ITEM_008,9
2024-05-01,ITEM_004,5
2024-05-01,ITEM_005,8
2024-05-01,ITEM_007,9
2024-05-01,ITEM_008,18
2024-05-01,ITEM_010,6
2024-05-01,ITEM_002,7
2024-05-01,ITEM_003,13
2024-05-01,ITEM_003,18
2024-05-01,ITEM_008,6
2024-05-01,ITEM_001,1
2024-05-02,ITEM_008,5
2024-05-02,ITEM_005,4
2024-05-02,ITEM_006,14
2024-05-02,ITEM_006,19
2024-05-02,ITEM_009,12
2024-05-02,ITEM_007,16
2024-05-02,ITEM_001,13
2024-05-02,ITEM_007,13
2024-05-02,ITEM_002,4
2024-05-02,ITEM_006,5
2024-05-02,ITEM_009,3
2024-05-03,ITEM_004,2
2024-05-03,ITEM_010,5
2024-05-03,ITEM_003,9
2024-05-03,ITEM_004,6
2024-05-03,ITEM_002,6
2024-05-04,ITEM_009,11
2024-05-04,ITEM_002,15
2024-05-04,ITEM_009,2
2024-05-04,ITEM_006,3
2024-05-04,ITEM_010,16
2024-05-04,ITEM_005,1
2024-05-04,ITEM_005,3
2024-05-05,ITEM_002,9
2024-05-05,ITEM_003,15
2024-05-05,ITEM_002,11
2024-05-05,ITEM_009,16
2024-05-05,ITEM_006,17
2024-05-05,ITEM_005,12
2024-05-05,ITEM_003,1
2024-05-05,ITEM_004,16
2024-05-06,ITEM_002,3
2024-05-06,ITEM_008,15
2024-05-06,ITEM_007,6
2024-05-06,ITEM_009,1
2024-05-06,ITEM_008,3
2024-05-06,ITEM_004,15
2024-05-07,ITEM_005,3
2024-05-07,ITEM_009,14
2024-05-07,ITEM_004,14
2024-05-07,ITEM_004,12
2024-05-07,ITEM_001,7
2024-05-07,ITEM_009,3
2024-05-07,ITEM_002,19
2024-05-07,ITEM_001,6
2024-05-07,ITEM_007,2
2024-05-07,ITEM_008,14
2024-05-08,ITEM_004,8
2024-05-08,ITEM_003,19
2024-05-08,ITEM_004,17
2024-05-08,ITEM_009,8
2024-05-08,ITEM_008,14
2024-05-08,ITEM_010,6
2024-05-08,ITEM_007,16
2024-05-08,ITEM_009,19
2024-05-08,ITEM_003,3
2024-05-08,ITEM_010,19
2024-05-09,ITEM_004,13
2024-05-09,ITEM_007,14
2024-05-09,ITEM_009,19
2024-05-09,ITEM_004,14
2024-05-09,ITEM_008,6
2024-05-09,ITEM_005,4
2024-05-09,ITEM_008,17
2024-05-09,ITEM_009,1
2024-05-09,ITEM_008,14
2024-05-09,ITEM_005,3
2024-05-09,ITEM_009,14
2024-05-09,ITEM_009,4
2024-05-09,ITEM_004,8
2024-05-10,ITEM_009,14
2024-05-10,ITEM_006,9
2024-05-10,ITEM_008,16
2024-05-10,ITEM_001,16
2024-05-10,ITEM_003,11
2024-05-10,ITEM_002,5
2024-05-11,ITEM_005,3
2024-05-11,ITEM_001,9
2024-05-11,ITEM_009,4
2024-05-11,ITEM_003,17
2024-05-11,ITEM_002,1
2024-05-11,ITEM_008,13
2024-05-11,ITEM_007,15
2024-05-11,ITEM_008,12
2024-05-12,ITEM_009,19
2024-05-12,ITEM_010,8
2024-05-12,ITEM_005,19
2024-05-12,ITEM_006,19
2024-05-12,ITEM_004,7
2024-05-12,ITEM_004,12
2024-05-12,ITEM_003,12
2024-05-12,ITEM_002,2
2024-05-12,ITEM_007,9
2024-05-12,ITEM_001,8
2024-05-13,ITEM_006,6
2024-05-13,ITEM_006,18
2024-05-13,ITEM_001,12
2024-05-13,ITEM_006,8
2024-05-13,ITEM_003,10
2024-05-13,ITEM_001,13
2024-05-13,ITEM_001,3
2024-05-13,ITEM_008,14
2024-05-13,ITEM_003,16
2024-05-13,ITEM_004,17
2024-05-13,ITEM_006,17
2024-05-14,ITEM_008,11
2024-05-14,ITEM_004,1
2024-05-14,ITEM_010,7
2024-05-14,ITEM_005,17
2024-05-14,ITEM_010,11
2024-05-15,ITEM_009,9
2024-05-15,ITEM_008,5
2024-05-15,ITEM_001,9
2024-05-15,ITEM_001,19
2024-05-15,ITEM_007,9
2024-05-15,ITEM_007,13
2024-05-15,ITEM_003,11
2024-05-15,ITEM_001,8
2024-05-15,ITEM_003,12
2024-05-15,ITEM_008,8
2024-05-16,ITEM_001,13
2024-05-16,ITEM_010,7
2024-05-16,ITEM_010,5
2024-05-16,ITEM_008,14
2024-05-16,ITEM_007,13
2024-05-16,ITEM_007,17
2024-05-16,ITEM_004,18
2024-05-16,ITEM_002,2
2024-05-16,ITEM_004,1
2024-05-17,ITEM_002,5
2024-05-17,ITEM_003,15
2024-05-17,ITEM_008,17
2024-05-17,ITEM_001,12
2024-05-17,ITEM_010,19
2024-05-17,ITEM_009,7
2024-05-17,ITEM_002,9
2024-05-17,ITEM_010,2
2024-05-18,ITEM_010,14
2024-05-18,ITEM_002,19
2024-05-18,ITEM_006,9
2024-05-18,ITEM_009,7
2024-05-18,ITEM_003,6
2024-05-18,ITEM_005,2
2024-05-18,ITEM_006,3
2024-05-19,ITEM_002,17
2024-05-19,ITEM_009,12
2024-05-19,ITEM_003,11
2024-05-19,ITEM_001,13
2024-05-19,ITEM_010,5
2024-05-19,ITEM_005,17
2024-05-19,ITEM_009,6
2024-05-19,ITEM_005,11
2024-05-19,ITEM_002,4
2024-05-19,ITEM_003,13
2024-05-19,ITEM_007,9
2024-05-19,ITEM_005,6
2024-05-20,ITEM_002,3
2024-05-20,ITEM_003,12
2024-05-20,ITEM_009,8
2024-05-20,ITEM_010,4
2024-05-20,ITEM_001,7
2024-05-20,ITEM_002,5
2024-05-20,ITEM_007,4
2024-05-20,ITEM_005,1
2024-05-20,ITEM_001,15
2024-05-20,ITEM_004,19
2024-05-20,ITEM_010,18
2024-05-20,ITEM_003,11
2024-05-20,ITEM_001,17
2024-05-20,ITEM_006,5
2024-05-21,ITEM_002,16
2024-05-21,ITEM_004,12
2024-05-21,ITEM_006,1
2024-05-21,ITEM_004,17
2024-05-21,ITEM_002,5
2024-05-21,ITEM_008,3
2024-05-21,ITEM_004,14
2024-05-21,ITEM_006,11
2024-05-21,ITEM_010,19
2024-05-21,ITEM_002,6
2024-05-21,ITEM_005,10
2024-05-21,ITEM_005,5
2024-05-22,ITEM_005,3
2024-05-22,ITEM_007,6
2024-05-22,ITEM_004,18
2024-05-22,ITEM_009,17
2024-05-22,ITEM_004,17
2024-05-22,ITEM_006,4
2024-05-22,ITEM_005,5
2024-05-22,ITEM_009,17
2024-05-22,ITEM_002,13
2024-05-22,ITEM_006,19
2024-05-22,ITEM_003,10
2024-05-22,ITEM_002,13
2024-05-22,ITEM_003,17
2024-05-22,ITEM_005,14
2024-05-23,ITEM_007,4
2024-05-23,ITEM_003,1
2024-05-23,ITEM_008,3
2024-05-23,ITEM_002,11
2024-05-23,ITEM_004,19
2024-05-23,ITEM_001,3
2024-05-23,ITEM_002,8
2024-05-23,ITEM_006,19
2024-05-23,ITEM_005,7
2024-05-24,ITEM_008,5
2024-05-24,ITEM_001,5
2024-05-24,ITEM_004,19
2024-05-24,ITEM_005,2
2024-05-24,ITEM_006,13
2024-05-24,ITEM_006,11
2024-05-24,ITEM_007,5
2024-05-24,ITEM_001,9
2024-05-24,ITEM_010,12
2024-05-25,ITEM_001,19
2024-05-25,ITEM_003,16
2024-05-25,ITEM_004,6
2024-05-25,ITEM_007,4
2024-05-25,ITEM_006,11
2024-05-25,ITEM_001,15
2024-05-25,ITEM_009,19
2024-05-25,ITEM_002,17
2024-05-25,ITEM_003,14
2024-05-25,ITEM_002,19
2024-05-26,ITEM_007,13
2024-05-26,ITEM_003,16
2024-05-26,ITEM_009,8
2024-05-26,ITEM_004,13
2024-05-26,ITEM_001,17
2024-05-26,ITEM_001,1
2024-05-26,ITEM_008,19
2024-05-26,ITEM_006,3
2024-05-27,ITEM_005,13
2024-05-27,ITEM_007,16
2024-05-27,ITEM_002,11
2024-05-27,ITEM_003,10
2024-05-27,ITEM_010,16
2024-05-27,ITEM_002,9
2024-05-27,ITEM_008,3
2024-05-27,ITEM_008,15
2024-05-27,ITEM_003,19
2024-05-27,ITEM_002,8
2024-05-27,ITEM_010,17
2024-05-27,ITEM_008,7
2024-05-27,ITEM_007,3
2024-05-27,ITEM_001,4
2024-05-27,ITEM_009,5
2024-05-28,ITEM_005,13
2024-05-28,ITEM_008,8
2024-05-28,ITEM_005,9
2024-05-28,ITEM_001,4
2024-05-28,ITEM_003,2
2024-05-29,ITEM_007,9
2024-05-29,ITEM_002,14
2024-05-29,ITEM_004,6
2024-05-29,ITEM_003,8
2024-05-29,ITEM_003,14
2024-05-29,ITEM_002,13
2024-05-29,ITEM_003,6
2024-05-29,ITEM_002,8
2024-05-29,ITEM_001,2
2024-05-29,ITEM_010,16
2024-05-29,ITEM_006,2
2024-05-29,ITEM_002,13
2024-05-30,ITEM_002,7
2024-05-30,ITEM_003,8
2024-05-30,ITEM_007,14
2024-05-30,ITEM_008,7
2024-05-30,ITEM_005,7
2024-05-30,ITEM_001,17
2024-05-30,ITEM_009,13
2024-05-30,ITEM_005,19
2024-05-30,ITEM_005,19
2024-05-30,ITEM_009,17
2024-05-30,ITEM_007,10
2024-05-30,ITEM_010,4
2024-05-31,ITEM_006,18
2024-05-31,ITEM_002,14
2024-05-31,ITEM_004,15
2024-05-31,ITEM_006,4
2024-05-31,ITEM_007,8
2024-05-31,ITEM_002,12
2024-05-31,ITEM_007,14
2024-05-31,ITEM_002,18
2024-05-31,ITEM_008,2
2024-05-31,ITEM_009,12
2024-05-31,ITEM_001,15
2024-05-31,ITEM_009,17
2024-06-01,ITEM_010,18
2024-06-01,ITEM_006,6
2024-06-01,ITEM_001,18
2024-06-01,ITEM_008,9
2024-06-01,ITEM_006,5
2024-06-01,ITEM_009,11
2024-06-01,ITEM_009,1
2024-06-01,ITEM_003,9
2024-06-01,ITEM_002,12
2024-06-01,ITEM_004,4
2024-06-01,ITEM_002,15
2024-06-01,ITEM_003,13
2024-06-01,ITEM_003,17
2024-06-01,ITEM_006,16
2024-06-02,ITEM_003,5
2024-06-02,ITEM_001,1
2024-06-02,ITEM_009,10
2024-06-02,ITEM_007,11
2024-06-02,ITEM_005,1
2024-06-02,ITEM_008,12
2024-06-02,ITEM_001,4
2024-06-02,ITEM_009,9
2024-06-02,ITEM_005,19
2024-06-02,ITEM_003,12
2024-06-02,ITEM_005,10
2024-06-02,ITEM_001,5
2024-06-03,ITEM_007,9
2024-06-03,ITEM_003,15
2024-06-03,ITEM_002,14
2024-06-03,ITEM_003,12
2024-06-03,ITEM_009,7
2024-06-03,ITEM_009,13
2024-06-03,ITEM_002,5
2024-06-03,ITEM_004,2
2024-06-03,ITEM_009,9
2024-06-03,ITEM_006,11
2024-06-04,ITEM_008,1
2024-06-04,ITEM_004,13
2024-06-04,ITEM_007,13
2024-06-04,ITEM_002,9
2024-06-04,ITEM_008,8
2024-06-04,ITEM_007,4
2024-06-04,ITEM_002,3
2024-06-04,ITEM_006,12
2024-06-04,ITEM_005,8
2024-06-04,ITEM_006,1
2024-06-05,ITEM_005,11
2024-06-05,ITEM_003,13
2024-06-05,ITEM_009,17
2024-06-05,ITEM_006,10
2024-06-05,ITEM_005,12
2024-06-05,ITEM_005,10
2024-06-05,ITEM_005,6
2024-06-05,ITEM_008,2
2024-06-06,ITEM_001,4
2024-06-06,ITEM_010,3
2024-06-06,ITEM_009,3
2024-06-06,ITEM_006,17
2024-06-06,ITEM_006,11
2024-06-06,ITEM_009,4
2024-06-06,ITEM_010,6
2024-06-06,ITEM_001,16
2024-06-06,ITEM_001,8
2024-06-06,ITEM_010,12
2024-06-07,ITEM_006,10
2024-06-07,ITEM_009,2
2024-06-07,ITEM_005,6
2024-06-07,ITEM_007,1
2024-06-07,ITEM_007,7
2024-06-07,ITEM_004,12
2024-06-07,ITEM_005,4
2024-06-07,ITEM_007,4
2024-06-07,ITEM_003,9
2024-06-07,ITEM_008,1
2024-06-07,ITEM_007,8
2024-06-07,ITEM_006,4
2024-06-07,ITEM_008,3
2024-06-07,ITEM_009,2
2024-06-07,ITEM_002,13
2024-06-08,ITEM_010,4
2024-06-08,ITEM_010,8
2024-06-08,ITEM_009,5
2024-06-08,ITEM_008,18
2024-06-08,ITEM_006,9
2024-06-08,ITEM_001,12
2024-06-08,ITEM_007,10
2024-06-08,ITEM_009,10
2024-06-08,ITEM_003,11
2024-06-08,ITEM_005,8
2024-06-08,ITEM_008,4
2024-06-09,ITEM_001,17
2024-06-09,ITEM_004,6
2024-06-09,ITEM_008,15
2024-06-09,ITEM_009,14
2024-06-09,ITEM_002,17
2024-06-09,ITEM_002,5
2024-06-09,ITEM_004,9
2024-06-09,ITEM_008,1
2024-06-09,ITEM_002,6
2024-06-09,ITEM_002,15
2024-06-09,ITEM_010,14
2024-06-09,ITEM_005,6
2024-06-09,ITEM_006,18
2024-06-09,ITEM_010,14
2024-06-09,ITEM_003,6
2024-06-10,ITEM_001,17
2024-06-10,ITEM_002,11
2024-06-10,ITEM_006,9
2024-06-10,ITEM_004,3
2024-06-10,ITEM_008,12
2024-06-10,ITEM_005,18
2024-06-10,ITEM_003,6
2024-06-10,ITEM_006,18
2024-06-10,ITEM_010,6
2024-06-10,ITEM_004,12
2024-06-10,ITEM_003,2
2024-06-10,ITEM_001,11
2024-06-11,ITEM_005,16
2024-06-11,ITEM_002,2
2024-06-11,ITEM_007,8
2024-06-11,ITEM_010,8
2024-06-11,ITEM_004,15
2024-06-11,ITEM_001,11
2024-06-11,ITEM_007,17
2024-06-11,ITEM_004,18
2024-06-11,ITEM_006,12
2024-06-11,ITEM_009,5
2024-06-11,ITEM_010,4
2024-06-11,ITEM_005,10
2024-06-11,ITEM_005,10
2024-06-11,ITEM_008,2
2024-06-11,ITEM_007,8
2024-06-12,ITEM_006,5
2024-06-12,ITEM_009,3
2024-06-12,ITEM_010,4
2024-06-12,ITEM_009,2
2024-06-12,ITEM_003,1
2024-06-12,ITEM_009,7
2024-06-12,ITEM_001,3
2024-06-12,ITEM_004,3
2024-06-12,ITEM_003,17
2024-06-12,ITEM_007,14
2024-06-12,ITEM_001,18
2024-06-12,ITEM_004,18
2024-06-12,ITEM_004,1
2024-06-12,ITEM_002,1
2024-06-12,ITEM_010,13
2024-06-13,ITEM_004,10
2024-06-13,ITEM_009,9
2024-06-13,ITEM_005,1
2024-06-13,ITEM_001,2
2024-06-13,ITEM_008,13
2024-06-13,ITEM_009,4
2024-06-13,ITEM_005,11
2024-06-13,ITEM_008,19
2024-06-14,ITEM_003,12
2024-06-14,ITEM_010,19
2024-06-14,ITEM_003,13
2024-06-14,ITEM_007,15
2024-06-14,ITEM_007,7
2024-06-14,ITEM_010,8
2024-06-14,ITEM_005,14
2024-06-14,ITEM_004,10
2024-06-14,ITEM_004,15
2024-06-15,ITEM_004,13
2024-06-15,ITEM_008,9
2024-06-15,ITEM_003,16
2024-06-15,ITEM_007,14
2024-06-15,ITEM_009,4
2024-06-15,ITEM_010,15
2024-06-16,ITEM_005,1
2024-06-16,ITEM_003,15
2024-06-16,ITEM_008,8
2024-06-16,ITEM_004,2
2024-06-16,ITEM_008,10
2024-06-16,ITEM_004,3
2024-06-16,ITEM_002,17
2024-06-17,ITEM_005,13
2024-06-17,ITEM_005,9
2024-06-17,ITEM_009,6
2024-06-17,ITEM_005,10
2024-06-17,ITEM_008,7
2024-06-17,ITEM_007,6
2024-06-17,ITEM_005,3
2024-06-17,ITEM_003,15
2024-06-17,ITEM_004,12
2024-06-17,ITEM_006,19
2024-06-17,ITEM_004,15
2024-06-18,ITEM_005,13
2024-06-18,ITEM_007,18
2024-06-18,ITEM_005,16
2024-06-18,ITEM_003,14
2024-06-18,ITEM_009,16
2024-06-18,ITEM_006,4
2024-06-18,ITEM_007,16
2024-06-18,ITEM_008,8
2024-06-18,ITEM_001,16
2024-06-18,ITEM_007,10
2024-06-18,ITEM_010,2
2024-06-18,ITEM_009,17
2024-06-18,ITEM_010,17
2024-06-19,ITEM_004,15
2024-06-19,ITEM_009,5
2024-06-19,ITEM_006,17
2024-06-19,ITEM_001,19
2024-06-19,ITEM_004,17
2024-06-19,ITEM_009,2
2024-06-19,ITEM_008,15
2024-06-19,ITEM_007,6
2024-06-20,ITEM_007,7
2024-06-20,ITEM_009,17
2024-06-20,ITEM_002,9
2024-06-20,ITEM_009,13
2024-06-20,ITEM_006,6
2024-06-21,ITEM_004,3
2024-06-21,ITEM_001,17
2024-06-21,ITEM_007,1
2024-06-21,ITEM_001,3
2024-06-21,ITEM_010,15
2024-06-21,ITEM_004,4
2024-06-21,ITEM_002,17
2024-06-21,ITEM_003,11
2024-06-22,ITEM_003,8
2024-06-22,ITEM_010,1
2024-06-22,ITEM_002,4
2024-06-22,ITEM_008,19
2024-06-22,ITEM_006,1
2024-06-22,ITEM_001,8
2024-06-22,ITEM_003,1
2024-06-22,ITEM_005,16
2024-06-23,ITEM_008,13
2024-06-23,ITEM_003,19
2024-06-23,ITEM_010,4
2024-06-23,ITEM_007,2
2024-06-23,ITEM_008,19
2024-06-23,ITEM_009,5
2024-06-23,ITEM_008,7
2024-06-23,ITEM_008,3
2024-06-23,ITEM_002,16
2024-06-23,ITEM_007,19
2024-06-24,ITEM_002,16
2024-06-24,ITEM_008,1
2024-06-24,ITEM_001,12
2024-06-24,ITEM_005,11
2024-06-24,ITEM_005,12
2024-06-24,ITEM_001,6
2024-06-24,ITEM_001,5
2024-06-25,ITEM_005,1
2024-06-25,ITEM_002,16
2024-06-25,ITEM_009,19
2024-06-25,ITEM_006,5
2024-06-25,ITEM_002,15
2024-06-25,ITEM_007,4
2024-06-25,ITEM_001,13
2024-06-25,ITEM_004,7
2024-06-25,ITEM_007,14
2024-06-25,ITEM_007,19
2024-06-25,ITEM_006,18
2024-06-25,ITEM_010,9
2024-06-25,ITEM_009,8
2024-06-26,ITEM_010,17
2024-06-26,ITEM_002,6
2024-06-26,ITEM_010,5
2024-06-26,ITEM_009,5
2024-06-26,ITEM_002,9
2024-06-26,ITEM_001,17
2024-06-26,ITEM_007,3
2024-06-26,ITEM_010,2
2024-06-26,ITEM_009,3
2024-06-26,ITEM_002,10
2024-06-26,ITEM_006,11
2024-06-26,ITEM_007,7
2024-06-26,ITEM_006,9
2024-06-26,ITEM_006,12
2024-06-27,ITEM_004,3
2024-06-27,ITEM_002,2
2024-06-27,ITEM_006,3
2024-06-27,ITEM_006,15
2024-06-27,ITEM_010,9
2024-06-27,ITEM_001,16
2024-06-27,ITEM_006,9
2024-06-28,ITEM_004,2
2024-06-28,ITEM_004,1
2024-06-28,ITEM_003,10
2024-06-28,ITEM_005,15
2024-06-28,ITEM_006,19
2024-06-28,ITEM_005,4
2024-06-28,ITEM_002,13
2024-06-28,ITEM_001,17
2024-06-28,ITEM_004,7
2024-06-28,ITEM_001,9
2024-06-28,ITEM_004,19
2024-06-28,ITEM_001,10
2024-06-28,ITEM_004,9
2024-06-28,ITEM_010,6
2024-06-28,ITEM_006,17
2024-06-29,ITEM_002,18
2024-06-29,ITEM_003,15
2024-06-29,ITEM_004,9
2024-06-29,ITEM_010,19
2024-06-29,ITEM_008,17
2024-06-29,ITEM_009,9
2024-06-29,ITEM_010,18
2024-06-29,ITEM_004,13
2024-06-29,ITEM_008,7
2024-06-29,ITEM_001,15
2024-06-29,ITEM_004,15
2024-06-29,ITEM_001,14
2024-06-29,ITEM_005,11
2024-06-29,ITEM_002,8
2024-06-30,ITEM_002,3
2024-06-30,ITEM_010,1
2024-06-30,ITEM_002,16
2024-06-30,ITEM_007,10
2024-06-30,ITEM_002,6
2024-06-30,ITEM_003,4
2024-06-30,ITEM_008,14
2024-06-30,ITEM_003,10
2024-06-30,ITEM_006,1
2024-06-30,ITEM_007,14
2024-06-30,ITEM_008,19
2024-06-30,ITEM_010,17
2024-06-30,ITEM_009,6
2024-06-30,ITEM_009,7
2024-06-30,ITEM_001,1
2024-07-01,ITEM_005,9
2024-07-01,ITEM_002,2
2024-07-01,ITEM_010,11
2024-07-01,ITEM_006,8
2024-07-01,ITEM_004,18
2024-07-01,ITEM_005,15
2024-07-01,ITEM_002,2
2024-07-01,ITEM_006,11
2024-07-01,ITEM_010,13
2024-07-01,ITEM_004,7
2024-07-02,ITEM_006,4
2024-07-02,ITEM_001,3
2024-07-02,ITEM_006,18
2024-07-02,ITEM_009,1
2024-07-02,ITEM_006,6
2024-07-02,ITEM_005,16
2024-07-02,ITEM_005,17
2024-07-02,ITEM_010,18
2024-07-02,ITEM_007,3
2024-07-02,ITEM_004,19
2024-07-02,ITEM_003,4
2024-07-02,ITEM_005,1
2024-07-02,ITEM_004,12
2024-07-02,ITEM_008,10
2024-07-02,ITEM_007,13
2024-07-03,ITEM_007,5
2024-07-03,ITEM_004,14
2024-07-03,ITEM_010,17
2024-07-03,ITEM_010,7
2024-07-03,ITEM_001,17
2024-07-03,ITEM_005,9
2024-07-03,ITEM_006,19
2024-07-03,ITEM_003,7
2024-07-03,ITEM_006,9
2024-07-03,ITEM_006,5
2024-07-03,ITEM_010,17
2024-07-04,ITEM_003,9
2024-07-04,ITEM_005,13
2024-07-04,ITEM_004,15
2024-07-04,ITEM_007,13
2024-07-04,ITEM_001,8
2024-07-04,ITEM_005,2
2024-07-04,ITEM_005,6
2024-07-04,ITEM_002,1
2024-07-04,ITEM_001,11
2024-07-04,ITEM_010,19
2024-07-04,ITEM_010,10
2024-07-05,ITEM_004,2
2024-07-05,ITEM_009,10
2024-07-05,ITEM_007,15
2024-07-05,ITEM_006,19
2024-07-05,ITEM_006,15
2024-07-05,ITEM_008,8
2024-07-05,ITEM_009,15
2024-07-06,ITEM_001,19
2024-07-06,ITEM_003,10
2024-07-06,ITEM_008,15
2024-07-06,ITEM_010,1
2024-07-06,ITEM_002,2
2024-07-07,ITEM_006,1
2024-07-07,ITEM_002,16
2024-07-07,ITEM_001,7
2024-07-07,ITEM_008,17
2024-07-07,ITEM_007,13
2024-07-07,ITEM_005,17
2024-07-07,ITEM_003,7
2024-07-08,ITEM_001,7
2024-07-08,ITEM_005,1
2024-07-08,ITEM_001,17
2024-07-08,ITEM_009,3
2024-07-08,ITEM_005,11
2024-07-08,ITEM_010,16
2024-07-08,ITEM_009,9
2024-07-08,ITEM_008,1
2024-07-08,ITEM_009,16
2024-07-08,ITEM_009,19
2024-07-08,ITEM_003,9
2024-07-08,ITEM_007,14
2024-07-08,ITEM_003,19
2024-07-08,ITEM_002,9
2024-07-09,ITEM_005,14
2024-07-09,ITEM_009,8
2024-07-09,ITEM_002,19
2024-07-09,ITEM_002,8
2024-07-09,ITEM_006,6
2024-07-09,ITEM_009,8
2024-07-09,ITEM_004,15
2024-07-10,ITEM_009,17
2024-07-10,ITEM_002,2
2024-07-10,ITEM_006,15
2024-07-10,ITEM_004,10
2024-07-10,ITEM_003,19
2024-07-10,ITEM_003,14
2024-07-10,ITEM_008,4
2024-07-10,ITEM_004,11
2024-07-11,ITEM_002,17
2024-07-11,ITEM_009,2
2024-07-11,ITEM_008,15
2024-07-11,ITEM_009,4
2024-07-11,ITEM_008,9
2024-07-11,ITEM_010,5
2024-07-11,ITEM_007,17
2024-07-11,ITEM_003,5
2024-07-11,ITEM_003,12
2024-07-11,ITEM_007,9
2024-07-11,ITEM_006,17
2024-07-11,ITEM_007,3
2024-07-11,ITEM_005,4
2024-07-11,ITEM_010,5
2024-07-12,ITEM_006,10
2024-07-12,ITEM_010,13
2024-07-12,ITEM_006,16
2024-07-12,ITEM_008,8
2024-07-12,ITEM_009,8
2024-07-12,ITEM_002,12
2024-07-12,ITEM_010,12
2024-07-12,ITEM_001,2
2024-07-12,ITEM_002,12
2024-07-13,ITEM_010,18
2024-07-13,ITEM_001,6
2024-07-13,ITEM_009,15
2024-07-13,ITEM_003,6
2024-07-13,ITEM_003,1
2024-07-13,ITEM_005,14
2024-07-13,ITEM_004,7
2024-07-14,ITEM_010,7
2024-07-14,ITEM_005,15
2024-07-14,ITEM_004,6
2024-07-14,ITEM_008,5
2024-07-14,ITEM_004,12
2024-07-14,ITEM_001,8
2024-07-14,ITEM_001,5
2024-07-14,ITEM_006,6
2024-07-14,ITEM_005,3
2024-07-14,ITEM_005,14
2024-07-15,ITEM_006,14
2024-07-15,ITEM_008,8
2024-07-15,ITEM_007,8
2024-07-15,ITEM_006,18
2024-07-15,ITEM_002,8
2024-07-15,ITEM_001,6
2024-07-16,ITEM_004,12
2024-07-16,ITEM_010,3
2024-07-16,ITEM_003,15
2024-07-16,ITEM_001,3
2024-07-16,ITEM_004,11
2024-07-16,ITEM_005,19
2024-07-16,ITEM_006,11
2024-07-16,ITEM_005,3
2024-07-16,ITEM_006,6
2024-07-16,ITEM_008,18
2024-07-16,ITEM_001,4
2024-07-16,ITEM_007,15
2024-07-16,ITEM_010,3
2024-07-16,ITEM_003,16
2024-07-16,ITEM_005,10
2024-07-17,ITEM_009,4
2024-07-17,ITEM_003,11
2024-07-17,ITEM_002,10
2024-07-17,ITEM_009,16
2024-07-17,ITEM_003,11
2024-07-17,ITEM_002,5
2024-07-17,ITEM_005,19
2024-07-18,ITEM_002,4
2024-07-18,ITEM_006,17
2024-07-18,ITEM_010,6
2024-07-18,ITEM_009,14
2024-07-18,ITEM_002,18
2024-07-18,ITEM_008,11
2024-07-18,ITEM_005,12
2024-07-18,ITEM_005,9
2024-07-18,ITEM_009,9
2024-07-19,ITEM_010,19
2024-07-19,ITEM_001,7
2024-07-19,ITEM_004,1
2024-07-19,ITEM_008,12
2024-07-19,ITEM_006,18
2024-07-19,ITEM_001,14
2024-07-19,ITEM_002,18
2024-07-19,ITEM_001,11
2024-07-19,ITEM_008,6
2024-07-19,ITEM_003,13
2024-07-20,ITEM_005,17
2024-07-20,ITEM_006,2
2024-07-20,ITEM_004,11
2024-07-20,ITEM_008,12
2024-07-20,ITEM_008,11
2024-07-20,ITEM_006,8
2024-07-21,ITEM_010,17
2024-07-21,ITEM_004,16
2024-07-21,ITEM_007,16
2024-07-21,ITEM_008,16
2024-07-21,ITEM_005,9
2024-07-21,ITEM_003,19
2024-07-21,ITEM_004,5
2024-07-21,ITEM_010,17
2024-07-21,ITEM_007,8
2024-07-21,ITEM_005,14
2024-07-21,ITEM_004,7
2024-07-21,ITEM_005,12
2024-07-22,ITEM_001,10
2024-07-22,ITEM_003,14
2024-07-22,ITEM_002,18
2024-07-22,ITEM_007,12
2024-07-22,ITEM_010,2
2024-07-23,ITEM_004,18
2024-07-23,ITEM_006,10
2024-07-23,ITEM_004,15
2024-07-23,ITEM_005,3
2024-07-23,ITEM_005,8
2024-07-23,ITEM_008,8
2024-07-23,ITEM_008,8
2024-07-23,ITEM_008,10
2024-07-23,ITEM_007,17
2024-07-23,ITEM_004,13
2024-07-23,ITEM_004,5
2024-07-23,ITEM_010,4
2024-07-23,ITEM_002,6
2024-07-23,ITEM_008,2
2024-07-23,ITEM_007,11
2024-07-24,ITEM_006,10
2024-07-24,ITEM_008,14
2024-07-24,ITEM_008,3
2024-07-24,ITEM_007,17
2024-07-24,ITEM_001,10
2024-07-24,ITEM_009,10
2024-07-24,ITEM_005,2
2024-07-24,ITEM_009,13
2024-07-24,ITEM_009,16
2024-07-25,ITEM_003,12
2024-07-25,ITEM_008,17
2024-07-25,ITEM_010,15
2024-07-25,ITEM_007,7
2024-07-25,ITEM_001,9
2024-07-25,ITEM_008,18
2024-07-26,ITEM_006,19
2024-07-26,ITEM_007,3
2024-07-26,ITEM_002,16
2024-07-26,ITEM_007,7
2024-07-26,ITEM_004,8
2024-07-26,ITEM_001,17
2024-07-26,ITEM_005,6
2024-07-26,ITEM_003,13
2024-07-26,ITEM_009,14
2024-07-26,ITEM_006,4
2024-07-26,ITEM_007,8
2024-07-26,ITEM_009,13
2024-07-26,ITEM_006,6
2024-07-27,ITEM_005,3
2024-07-27,ITEM_003,13
2024-07-27,ITEM_006,2
2024-07-27,ITEM_006,6
2024-07-27,ITEM_008,8
2024-07-27,ITEM_009,6
2024-07-27,ITEM_003,10
2024-07-27,ITEM_003,12
2024-07-27,ITEM_001,5
2024-07-27,ITEM_004,9
2024-07-27,ITEM_005,7
2024-07-27,ITEM_006,4
2024-07-28,ITEM_002,17
2024-07-28,ITEM_004,13
2024-07-28,ITEM_001,4
2024-07-28,ITEM_001,1
2024-07-28,ITEM_001,8
2024-07-28,ITEM_002,13
2024-07-28,ITEM_007,14
2024-07-28,ITEM_008,8
2024-07-28,ITEM_010,15
2024-07-28,ITEM_007,5
2024-07-28,ITEM_001,16
2024-07-28,ITEM_007,2
2024-07-28,ITEM_006,18
2024-07-28,ITEM_001,7
2024-07-29,ITEM_002,13
2024-07-29,ITEM_005,16
2024-07-29,ITEM_007,17
2024-07-29,ITEM_008,19
2024-07-29,ITEM_004,15
2024-07-29,ITEM_009,10
2024-07-30,ITEM_007,1
2024-07-30,ITEM_009,9
2024-07-30,ITEM_006,15
2024-07-30,ITEM_001,12
2024-07-30,ITEM_003,11
2024-07-30,ITEM_002,16
2024-07-30,ITEM_009,15
2024-07-30,ITEM_001,13
2024-07-30,ITEM_009,8
2024-07-31,ITEM_001,11
2024-07-31,ITEM_008,10
2024-07-31,ITEM_003,11
2024-07-31,ITEM_007,11
2024-07-31,ITEM_001,1
2024-07-31,ITEM_010,8
2024-07-31,ITEM_007,6
2024-07-31,ITEM_006,18
2024-07-31,ITEM_006,5
2024-07-31,ITEM_003,8
2024-07-31,ITEM_009,17
2024-07-31,ITEM_003,19
2024-08-01,ITEM_008,17
2024-08-01,ITEM_005,19
2024-08-01,ITEM_002,8
2024-08-01,ITEM_003,7
2024-08-01,ITEM_001,6
2024-08-01,ITEM_003,6
2024-08-01,ITEM_002,6
2024-08-01,ITEM_007,5
2024-08-01,ITEM_003,4
2024-08-01,ITEM_006,17
2024-08-01,ITEM_004,13
2024-08-01,ITEM_004,17
2024-08-01,ITEM_009,4
2024-08-01,ITEM_007,14
2024-08-01,ITEM_003,3
2024-08-02,ITEM_008,1
2024-08-02,ITEM_010,18
2024-08-02,ITEM_008,1
2024-08-02,ITEM_008,16
2024-08-02,ITEM_002,4
2024-08-02,ITEM_006,12
2024-08-02,ITEM_009,15
2024-08-02,ITEM_008,12
2024-08-02,ITEM_008,14
2024-08-02,ITEM_009,2
2024-08-02,ITEM_003,10
2024-08-02,ITEM_009,8
2024-08-03,ITEM_003,3
2024-08-03,ITEM_008,5
2024-08-03,ITEM_003,16
2024-08-03,ITEM_001,15
2024-08-03,ITEM_003,12
2024-08-03,ITEM_009,12
2024-08-03,ITEM_010,15
2024-08-03,ITEM_002,18
2024-08-03,ITEM_004,12
2024-08-03,ITEM_007,4
2024-08-03,ITEM_007,16
2024-08-03,ITEM_007,16
2024-08-03,ITEM_001,2
2024-08-03,ITEM_003,17
2024-08-04,ITEM_006,1
2024-08-04,ITEM_004,6
2024-08-04,ITEM_010,14
2024-08-04,ITEM_004,15
2024-08-04,ITEM_009,5
2024-08-04,ITEM_006,17
2024-08-04,ITEM_007,4
2024-08-04,ITEM_002,3
2024-08-05,ITEM_008,3
2024-08-05,ITEM_008,18
2024-08-05,ITEM_010,17
2024-08-05,ITEM_008,11
2024-08-05,ITEM_005,13
2024-08-05,ITEM_005,5
2024-08-05,ITEM_008,13
2024-08-05,ITEM_006,5
2024-08-05,ITEM_009,16
2024-08-05,ITEM_002,1
2024-08-06,ITEM_003,11
2024-08-06,ITEM_007,13
2024-08-06,ITEM_008,9
2024-08-06,ITEM_007,15
2024-08-06,ITEM_002,12
2024-08-06,ITEM_001,8
2024-08-06,ITEM_005,15
2024-08-06,ITEM_001,1
2024-08-06,ITEM_009,10
2024-08-06,ITEM_006,10
2024-08-06,ITEM_005,15
2024-08-06,ITEM_001,6
2024-08-07,ITEM_008,15
2024-08-07,ITEM_001,17
2024-08-07,ITEM_006,13
2024-08-07,ITEM_001,6
2024-08-07,ITEM_001,16
2024-08-07,ITEM_006,3
2024-08-07,ITEM_008,15
2024-08-08,ITEM_001,3
2024-08-08,ITEM_006,5
2024-08-08,ITEM_006,17
2024-08-08,ITEM_007,2
2024-08-08,ITEM_010,15
2024-08-08,ITEM_005,6
2024-08-08,ITEM_006,18
2024-08-08,ITEM_002,4
2024-08-08,ITEM_001,14
2024-08-08,ITEM_007,12
2024-08-09,ITEM_003,11
2024-08-09,ITEM_003,17
2024-08-09,ITEM_003,19
2024-08-09,ITEM_004,4
2024-08-09,ITEM_003,16
2024-08-09,ITEM_008,17
2024-08-09,ITEM_007,11
2024-08-09,ITEM_002,1
2024-08-09,ITEM_003,4
2024-08-09,ITEM_006,14
2024-08-09,ITEM_005,16
2024-08-10,ITEM_008,16
2024-08-10,ITEM_004,13
2024-08-10,ITEM_010,13
2024-08-10,ITEM_002,3
2024-08-10,ITEM_006,8
2024-08-10,ITEM_008,15
2024-08-10,ITEM_009,7
2024-08-10,ITEM_002,8
2024-08-11,ITEM_008,12
2024-08-11,ITEM_003,7
2024-08-11,ITEM_010,16
2024-08-11,ITEM_003,10
2024-08-11,ITEM_006,18
2024-08-11,ITEM_002,5
2024-08-11,ITEM_005,7
2024-08-11,ITEM_002,11
2024-08-11,ITEM_007,5
2024-08-11,ITEM_006,14
2024-08-11,ITEM_004,6
2024-08-12,ITEM_002,15
2024-08-12,ITEM_008,9
2024-08-12,ITEM_005,10
2024-08-12,ITEM_004,6
2024-08-12,ITEM_008,3
2024-08-12,ITEM_010,11
2024-08-12,ITEM_001,4
2024-08-12,ITEM_004,17
2024-08-12,ITEM_009,19
2024-08-12,ITEM_005,6
2024-08-12,ITEM_003,1
2024-08-12,ITEM_004,16
2024-08-12,ITEM_007,11
2024-08-12,ITEM_010,3
2024-08-13,ITEM_007,14
2024-08-13,ITEM_001,18
2024-08-13,ITEM_001,9
2024-08-13,ITEM_009,10
2024-08-13,ITEM_003,15
2024-08-13,ITEM_005,15
2024-08-13,ITEM_004,2
2024-08-13,ITEM_008,16
2024-08-13,ITEM_009,10
2024-08-13,ITEM_010,14
2024-08-13,ITEM_010,9
2024-08-13,ITEM_009,14
2024-08-13,ITEM_003,16
2024-08-14,ITEM_010,3
2024-08-14,ITEM_005,13
2024-08-14,ITEM_007,17
2024-08-14,ITEM_002,12
2024-08-14,ITEM_009,10
2024-08-14,ITEM_002,11
2024-08-15,ITEM_003,18
2024-08-15,ITEM_003,16
2024-08-15,ITEM_006,12
2024-08-15,ITEM_010,12
2024-08-15,ITEM_004,7
2024-08-16,ITEM_002,15
2024-08-16,ITEM_008,7
2024-08-16,ITEM_007,14
2024-08-16,ITEM_008,12
2024-08-16,ITEM_001,17
2024-08-16,ITEM_008,4
2024-08-16,ITEM_005,8
2024-08-16,ITEM_005,16
2024-08-16,ITEM_004,15
2024-08-16,ITEM_005,16
2024-08-17,ITEM_007,13
2024-08-17,ITEM_004,5
2024-08-17,ITEM_003,15
2024-08-17,ITEM_004,15
2024-08-17,ITEM_004,19
2024-08-17,ITEM_010,5
2024-08-17,ITEM_007,6
2024-08-17,ITEM_004,2
2024-08-17,ITEM_006,16
2024-08-17,ITEM_002,5
2024-08-17,ITEM_006,4
2024-08-17,ITEM_003,2
2024-08-17,ITEM_006,4
2024-08-17,ITEM_006,15
2024-08-18,ITEM_009,7
2024-08-18,ITEM_003,19
2024-08-18,ITEM_006,6
2024-08-18,ITEM_004,15
2024-08-18,ITEM_009,9
2024-08-18,ITEM_004,18
2024-08-18,ITEM_002,5
2024-08-18,ITEM_004,11
2024-08-19,ITEM_006,4
2024-08-19,ITEM_002,13
2024-08-19,ITEM_010,9
2024-08-19,ITEM_010,7
2024-08-19,ITEM_004,19
2024-08-19,ITEM_010,3
2024-08-19,ITEM_009,19
2024-08-19,ITEM_005,2
2024-08-19,ITEM_004,10
2024-08-20,ITEM_002,17
2024-08-20,ITEM_007,11
2024-08-20,ITEM_008,1
2024-08-20,ITEM_007,4
2024-08-20,ITEM_007,15
2024-08-20,ITEM_002,12
2024-08-21,ITEM_001,11
2024-08-21,ITEM_001,15
2024-08-21,ITEM_005,10
2024-08-21,ITEM_007,2
2024-08-21,ITEM_010,4
2024-08-22,ITEM_010,11
2024-08-22,ITEM_008,18
2024-08-22,ITEM_003,12
2024-08-22,ITEM_003,10
2024-08-22,ITEM_001,2
2024-08-22,ITEM_001,16
2024-08-22,ITEM_002,6
2024-08-23,ITEM_010,10
2024-08-23,ITEM_008,1
2024-08-23,ITEM_008,9
2024-08-23,ITEM_006,10
2024-08-23,ITEM_005,16
2024-08-23,ITEM_006,18
2024-08-23,ITEM_009,16
2024-08-23,ITEM_002,2
2024-08-23,ITEM_008,9
2024-08-23,ITEM_010,9
2024-08-23,ITEM_010,2
2024-08-23,ITEM_004,7
2024-08-23,ITEM_002,1
2024-08-24,ITEM_004,2
2024-08-24,ITEM_009,14
2024-08-24,ITEM_002,15
2024-08-24,ITEM_005,7
2024-08-24,ITEM_008,10
2024-08-24,ITEM_005,18
2024-08-24,ITEM_008,14
2024-08-25,ITEM_010,12
2024-08-25,ITEM_006,6
2024-08-25,ITEM_004,13
2024-08-25,ITEM_004,14
2024-08-25,ITEM_004,1
2024-08-25,ITEM_004,18
2024-08-26,ITEM_003,13
2024-08-26,ITEM_005,4
2024-08-26,ITEM_005,8
2024-08-26,ITEM_003,14
2024-08-26,ITEM_007,14
2024-08-26,ITEM_006,12
2024-08-26,ITEM_001,13
2024-08-26,ITEM_007,14
2024-08-26,ITEM_007,14
2024-08-26,ITEM_001,9
2024-08-27,ITEM_002,5
2024-08-27,ITEM_004,8
2024-08-27,ITEM_001,3
2024-08-27,ITEM_001,19
2024-08-27,ITEM_006,8
2024-08-27,ITEM_004,3
2024-08-27,ITEM_005,9
2024-08-27,ITEM_006,2
2024-08-27,ITEM_005,8
2024-08-27,ITEM_007,1
2024-08-28,ITEM_007,11
2024-08-28,ITEM_007,15
2024-08-28,ITEM_006,11
2024-08-28,ITEM_006,16
2024-08-28,ITEM_003,14
2024-08-28,ITEM_003,1
2024-08-28,ITEM_010,15
2024-08-28,ITEM_001,17
2024-08-29,ITEM_004,6
2024-08-29,ITEM_008,16
2024-08-29,ITEM_003,1
2024-08-29,ITEM_003,3
2024-08-29,ITEM_005,12
2024-08-29,ITEM_004,13
2024-08-30,ITEM_009,7
2024-08-30,ITEM_004,19
2024-08-30,ITEM_006,19
2024-08-30,ITEM_006,13
2024-08-30,ITEM_009,15
2024-08-30,ITEM_005,13
2024-08-30,ITEM_006,11
2024-08-30,ITEM_003,8
2024-08-31,ITEM_008,10
2024-08-31,ITEM_010,16
2024-08-31,ITEM_003,11
2024-08-31,ITEM_009,19
2024-08-31,ITEM_007,19
2024-08-31,ITEM_007,14
2024-08-31,ITEM_010,10
2024-08-31,ITEM_006,2
2024-09-01,ITEM_003,6
2024-09-01,ITEM_004,6
2024-09-01,ITEM_001,10
2024-09-01,ITEM_001,3
2024-09-01,ITEM_008,8
2024-09-01,ITEM_004,15
2024-09-01,ITEM_008,7
2024-09-01,ITEM_007,4
2024-09-01,ITEM_009,12
2024-09-01,ITEM_010,6
2024-09-01,ITEM_003,5
2024-09-01,ITEM_005,16
2024-09-01,ITEM_009,13
2024-09-01,ITEM_009,4
2024-09-01,ITEM_001,7
2024-09-02,ITEM_006,9
2024-09-02,ITEM_007,13
2024-09-02,ITEM_007,18
2024-09-02,ITEM_009,19
2024-09-02,ITEM_001,4
2024-09-02,ITEM_003,17
2024-09-02,ITEM_003,16
2024-09-02,ITEM_004,13
2024-09-02,ITEM_008,19
2024-09-02,ITEM_006,10
2024-09-02,ITEM_005,6
2024-09-02,ITEM_007,10
2024-09-02,ITEM_007,17
2024-09-02,ITEM_002,17
2024-09-03,ITEM_010,10
2024-09-03,ITEM_009,7
2024-09-03,ITEM_002,6
2024-09-03,ITEM_004,1
2024-09-03,ITEM_001,12
2024-09-03,ITEM_005,2
2024-09-03,ITEM_004,17
2024-09-03,ITEM_004,11
2024-09-03,ITEM_006,4
2024-09-03,ITEM_001,7
2024-09-03,ITEM_002,9
2024-09-03,ITEM_003,8
2024-09-03,ITEM_008,19
2024-09-04,ITEM_002,11
2024-09-04,ITEM_009,18
2024-09-04,ITEM_003,15
2024-09-04,ITEM_004,5
2024-09-04,ITEM_001,7
2024-09-04,ITEM_010,16
2024-09-04,ITEM_007,9
2024-09-04,ITEM_004,11
2024-09-05,ITEM_004,18
2024-09-05,ITEM_010,7
2024-09-05,ITEM_001,13
2024-09-05,ITEM_006,6
2024-09-05,ITEM_008,19
2024-09-05,ITEM_005,18
2024-09-06,ITEM_009,10
2024-09-06,ITEM_001,10
2024-09-06,ITEM_005,12
2024-09-06,ITEM_006,7
2024-09-06,ITEM_009,12
2024-09-06,ITEM_007,1
2024-09-06,ITEM_005,15
2024-09-06,ITEM_002,7
2024-09-06,ITEM_005,12
2024-09-07,ITEM_002,3
2024-09-07,ITEM_007,11
2024-09-07,ITEM_002,12
2024-09-07,ITEM_006,5
2024-09-07,ITEM_010,1
2024-09-07,ITEM_010,11
2024-09-07,ITEM_004,18
2024-09-07,ITEM_004,17
2024-09-07,ITEM_002,2
2024-09-07,ITEM_006,10
2024-09-08,ITEM_007,16
2024-09-08,ITEM_007,19
2024-09-08,ITEM_007,17
2024-09-08,ITEM_009,13
2024-09-08,ITEM_006,5
2024-09-08,ITEM_007,5
2024-09-08,ITEM_010,10
2024-09-08,ITEM_007,15
2024-09-08,ITEM_007,15
2024-09-08,ITEM_003,19
2024-09-08,ITEM_010,15
2024-09-08,ITEM_003,6
2024-09-08,ITEM_006,13
2024-09-09,ITEM_003,8
2024-09-09,ITEM_008,15
2024-09-09,ITEM_004,19
2024-09-09,ITEM_005,3
2024-09-09,ITEM_008,16
2024-09-09,ITEM_003,16
2024-09-09,ITEM_009,14
2024-09-10,ITEM_009,7
2024-09-10,ITEM_007,6
2024-09-10,ITEM_002,9
2024-09-10,ITEM_006,17
2024-09-10,ITEM_005,12
2024-09-10,ITEM_001,10
2024-09-10,ITEM_008,17
2024-09-10,ITEM_009,18
2024-09-10,ITEM_009,17
2024-09-11,ITEM_009,4
2024-09-11,ITEM_009,11
2024-09-11,ITEM_006,15
2024-09-11,ITEM_005,11
2024-09-11,ITEM_009,18
2024-09-11,ITEM_002,19
2024-09-11,ITEM_008,15
2024-09-11,ITEM_009,8
2024-09-11,ITEM_004,1
2024-09-11,ITEM_004,14
2024-09-11,ITEM_009,2
2024-09-11,ITEM_003,8
2024-09-11,ITEM_006,16
2024-09-11,ITEM_008,16
2024-09-12,ITEM_005,18
2024-09-12,ITEM_002,2
2024-09-12,ITEM_010,13
2024-09-12,ITEM_002,15
2024-09-12,ITEM_002,15
2024-09-12,ITEM_009,11
2024-09-12,ITEM_003,3
2024-09-12,ITEM_007,14
2024-09-12,ITEM_006,13
2024-09-12,ITEM_008,9
2024-09-12,ITEM_001,19
2024-09-13,ITEM_007,19
2024-09-13,ITEM_002,12
2024-09-13,ITEM_007,1
2024-09-13,ITEM_003,17
2024-09-13,ITEM_005,3
2024-09-13,ITEM_002,3
2024-09-13,ITEM_008,16
2024-09-13,ITEM_006,13
2024-09-13,ITEM_007,16
2024-09-13,ITEM_003,13
2024-09-13,ITEM_008,12
2024-09-13,ITEM_007,8
2024-09-13,ITEM_005,9
2024-09-13,ITEM_001,6
2024-09-13,ITEM_007,19
2024-09-14,ITEM_007,13
2024-09-14,ITEM_002,15
2024-09-14,ITEM_001,7
2024-09-14,ITEM_007,13
2024-09-14,ITEM_002,19
2024-09-14,ITEM_008,19
2024-09-14,ITEM_010,7
2024-09-14,ITEM_002,16
2024-09-14,ITEM_004,6
2024-09-14,ITEM_009,13
2024-09-14,ITEM_009,8
2024-09-15,ITEM_007,5
2024-09-15,ITEM_006,17
2024-09-15,ITEM_009,2
2024-09-15,ITEM_009,18
2024-09-15,ITEM_009,6
2024-09-16,ITEM_009,6
2024-09-16,ITEM_006,13
2024-09-16,ITEM_002,8
2024-09-16,ITEM_003,3
2024-09-16,ITEM_001,19
2024-09-16,ITEM_002,17
2024-09-16,ITEM_004,13
2024-09-16,ITEM_003,1
2024-09-16,ITEM_004,13
2024-09-16,ITEM_001,11
2024-09-16,ITEM_002,16
2024-09-16,ITEM_002,19
2024-09-16,ITEM_007,19
2024-09-16,ITEM_009,16
2024-09-16,ITEM_006,19
2024-09-17,ITEM_001,10
2024-09-17,ITEM_003,1
2024-09-17,ITEM_002,16
2024-09-17,ITEM_008,18
2024-09-17,ITEM_002,13
2024-09-17,ITEM_006,6
2024-09-17,ITEM_009,16
2024-09-17,ITEM_007,10
2024-09-17,ITEM_010,18
2024-09-17,ITEM_008,9
2024-09-17,ITEM_004,8
2024-09-17,ITEM_009,13
2024-09-17,ITEM_009,4
2024-09-18,ITEM_003,5
2024-09-18,ITEM_007,5
2024-09-18,ITEM_004,15
2024-09-18,ITEM_002,15
2024-09-18,ITEM_002,13
2024-09-19,ITEM_010,13
2024-09-19,ITEM_010,9
2024-09-19,ITEM_008,3
2024-09-19,ITEM_009,11
2024-09-19,ITEM_003,5
2024-09-19,ITEM_010,13
2024-09-19,ITEM_004,13
2024-09-19,ITEM_005,10
2024-09-20,ITEM_009,7
2024-09-20,ITEM_002,7
2024-09-20,ITEM_008,7
2024-09-20,ITEM_005,14
2024-09-20,ITEM_010,19
2024-09-20,ITEM_005,18
2024-09-20,ITEM_004,12
2024-09-20,ITEM_007,17
2024-09-20,ITEM_002,13
2024-09-20,ITEM_010,7
2024-09-20,ITEM_010,6
2024-09-20,ITEM_003,3
2024-09-21,ITEM_006,5
2024-09-21,ITEM_003,19
2024-09-21,ITEM_008,9
2024-09-21,ITEM_004,15
2024-09-21,ITEM_009,12
2024-09-21,ITEM_007,3
2024-09-22,ITEM_001,19
2024-09-22,ITEM_006,4
2024-09-22,ITEM_007,19
2024-09-22,ITEM_001,16
2024-09-22,ITEM_006,8
2024-09-22,ITEM_003,8
2024-09-22,ITEM_002,16
2024-09-22,ITEM_004,19
2024-09-22,ITEM_010,17
2024-09-22,ITEM_007,10
2024-09-22,ITEM_002,4
2024-09-23,ITEM_006,18
2024-09-23,ITEM_007,6
2024-09-23,ITEM_009,17
2024-09-23,ITEM_008,11
2024-09-23,ITEM_010,19
2024-09-23,ITEM_002,3
2024-09-23,ITEM_006,14
2024-09-23,ITEM_003,16
2024-09-23,ITEM_005,7
2024-09-23,ITEM_008,19
2024-09-23,ITEM_004,16
2024-09-23,ITEM_006,7
2024-09-23,ITEM_009,13
2024-09-24,ITEM_008,4
2024-09-24,ITEM_003,3
2024-09-24,ITEM_006,13
2024-09-24,ITEM_008,7
2024-09-24,ITEM_001,16
2024-09-25,ITEM_007,12
2024-09-25,ITEM_007,9
2024-09-25,ITEM_010,1
2024-09-25,ITEM_002,4
2024-09-25,ITEM_005,9
2024-09-25,ITEM_001,3
2024-09-25,ITEM_005,16
2024-09-25,ITEM_003,15
2024-09-25,ITEM_003,14
2024-09-25,ITEM_001,18
2024-09-26,ITEM_006,14
2024-09-26,ITEM_002,15
2024-09-26,ITEM_006,15
2024-09-26,ITEM_002,4
2024-09-26,ITEM_007,8
2024-09-26,ITEM_003,15
2024-09-27,ITEM_002,8
2024-09-27,ITEM_004,17
2024-09-27,ITEM_001,2
2024-09-27,ITEM_009,2
2024-09-27,ITEM_002,7
2024-09-27,ITEM_007,6
2024-09-27,ITEM_008,2
2024-09-27,ITEM_001,5
2024-09-27,ITEM_009,3
2024-09-27,ITEM_005,16
2024-09-27,ITEM_002,17
2024-09-27,ITEM_001,16
2024-09-27,ITEM_010,2
2024-09-28,ITEM_005,7
2024-09-28,ITEM_002,6
2024-09-28,ITEM_001,7
2024-09-28,ITEM_009,5
2024-09-28,ITEM_005,16
2024-09-28,ITEM_003,9
2024-09-28,ITEM_005,8
2024-09-28,ITEM_009,5
2024-09-29,ITEM_009,2
2024-09-29,ITEM_009,11
2024-09-29,ITEM_004,2
2024-09-29,ITEM_007,6
2024-09-29,ITEM_001,18
2024-09-29,ITEM_007,1
2024-09-29,ITEM_001,1
2024-09-29,ITEM_008,4
2024-09-29,ITEM_004,18
2024-09-29,ITEM_001,10
2024-09-29,ITEM_009,4
2024-09-29,ITEM_006,16
2024-09-29,ITEM_002,18
2024-09-29,ITEM_010,17
2024-09-30,ITEM_002,13
2024-09-30,ITEM_001,5
2024-09-30,ITEM_007,10
2024-09-30,ITEM_001,15
2024-09-30,ITEM_002,19
2024-09-30,ITEM_010,2
2024-09-30,ITEM_010,4
2024-09-30,ITEM_003,7
2024-09-30,ITEM_008,18
2024-09-30,ITEM_010,7
2024-09-30,ITEM_008,6
2024-09-30,ITEM_006,1
2024-10-01,ITEM_001,18
2024-10-01,ITEM_005,14
2024-10-01,ITEM_009,15
2024-10-01,ITEM_010,19
2024-10-01,ITEM_008,19
2024-10-01,ITEM_006,6
2024-10-01,ITEM_008,1
2024-10-01,ITEM_006,17
2024-10-02,ITEM_008,15
2024-10-02,ITEM_007,19
2024-10-02,ITEM_006,3
2024-10-02,ITEM_006,11
2024-10-02,ITEM_004,19
2024-10-03,ITEM_010,2
2024-10-03,ITEM_001,16
2024-10-03,ITEM_002,17
2024-10-03,ITEM_006,14
2024-10-03,ITEM_007,15
2024-10-03,ITEM_008,3
2024-10-03,ITEM_008,19
2024-10-03,ITEM_009,12
2024-10-03,ITEM_002,3
2024-10-03,ITEM_002,1
2024-10-03,ITEM_004,6
2024-10-03,ITEM_005,1
2024-10-03,ITEM_003,1
2024-10-04,ITEM_005,16
2024-10-04,ITEM_006,8
2024-10-04,ITEM_010,16
2024-10-04,ITEM_001,4
2024-10-04,ITEM_010,11
2024-10-04,ITEM_001,7
2024-10-04,ITEM_005,7
2024-10-04,ITEM_002,14
2024-10-04,ITEM_004,14
2024-10-04,ITEM_007,19
2024-10-04,ITEM_002,10
2024-10-04,ITEM_002,17
2024-10-04,ITEM_005,12
2024-10-04,ITEM_006,9
2024-10-04,ITEM_004,1
2024-10-05,ITEM_005,6
2024-10-05,ITEM_003,18
2024-10-05,ITEM_006,13
2024-10-05,ITEM_001,13
2024-10-05,ITEM_007,15
2024-10-05,ITEM_010,1
2024-10-05,ITEM_004,13
2024-10-05,ITEM_007,5
2024-10-05,ITEM_002,1
2024-10-05,ITEM_007,6
2024-10-06,ITEM_010,3
2024-10-06,ITEM_003,2
2024-10-06,ITEM_001,9
2024-10-06,ITEM_009,7
2024-10-06,ITEM_003,18
2024-10-06,ITEM_007,9
2024-10-06,ITEM_001,14
2024-10-06,ITEM_004,6
2024-10-06,ITEM_007,10
2024-10-06,ITEM_007,2
2024-10-06,ITEM_004,17
2024-10-07,ITEM_010,19
2024-10-07,ITEM_010,19
2024-10-07,ITEM_008,16
2024-10-07,ITEM_009,15
2024-10-07,ITEM_001,14
2024-10-08,ITEM_002,2
2024-10-08,ITEM_004,18
2024-10-08,ITEM_007,13
2024-10-08,ITEM_009,1
2024-10-08,ITEM_010,5
2024-10-08,ITEM_005,6
2024-10-08,ITEM_009,13
2024-10-08,ITEM_008,8
2024-10-08,ITEM_008,1
2024-10-08,ITEM_001,5
2024-10-08,ITEM_009,2
2024-10-08,ITEM_009,9
2024-10-08,ITEM_004,17
2024-10-08,ITEM_001,18
2024-10-08,ITEM_008,11
2024-10-09,ITEM_005,18
2024-10-09,ITEM_007,10
2024-10-09,ITEM_001,18
2024-10-09,ITEM_010,16
2024-10-09,ITEM_004,5
2024-10-09,ITEM_002,17
2024-10-09,ITEM_009,14
2024-10-09,ITEM_001,4
2024-10-09,ITEM_002,15
2024-10-10,ITEM_009,13
2024-10-10,ITEM_005,19
2024-10-10,ITEM_010,14
2024-10-10,ITEM_001,18
2024-10-10,ITEM_005,3
2024-10-10,ITEM_002,1
2024-10-10,ITEM_010,19
2024-10-10,ITEM_001,12
2024-10-10,ITEM_001,12
2024-10-10,ITEM_001,3
2024-10-10,ITEM_001,3
2024-10-10,ITEM_008,4
2024-10-10,ITEM_005,7
2024-10-10,ITEM_004,16
2024-10-10,ITEM_008,1
2024-10-11,ITEM_009,10
2024-10-11,ITEM_006,16
2024-10-11,ITEM_010,8
2024-10-11,ITEM_007,6
2024-10-11,ITEM_004,16
2024-10-12,ITEM_009,14
2024-10-12,ITEM_010,14
2024-10-12,ITEM_007,1
2024-10-12,ITEM_010,13
2024-10-12,ITEM_004,3
2024-10-12,ITEM_004,4
2024-10-12,ITEM_010,11
2024-10-12,ITEM_002,14
2024-10-12,ITEM_001,12
2024-10-12,ITEM_010,12
2024-10-12,ITEM_001,13
2024-10-13,ITEM_002,12
2024-10-13,ITEM_010,16
2024-10-13,ITEM_004,8
2024-10-13,ITEM_002,10
2024-10-13,ITEM_009,15
2024-10-13,ITEM_007,17
2024-10-13,ITEM_002,14
2024-10-13,ITEM_003,12
2024-10-13,ITEM_008,2
2024-10-13,ITEM_004,14
2024-10-13,ITEM_003,2
2024-10-13,ITEM_006,13
2024-10-14,ITEM_006,18
2024-10-14,ITEM_004,19
2024-10-14,ITEM_008,7
2024-10-14,ITEM_003,6
2024-10-14,ITEM_004,11
2024-10-14,ITEM_005,16
2024-10-14,ITEM_007,5
2024-10-14,ITEM_003,5
2024-10-15,ITEM_005,5
2024-10-15,ITEM_009,15
2024-10-15,ITEM_003,6
2024-10-15,ITEM_001,8
2024-10-15,ITEM_005,11
2024-10-15,ITEM_006,8
2024-10-15,ITEM_010,3
2024-10-15,ITEM_007,14
2024-10-15,ITEM_007,14
2024-10-15,ITEM_010,12
2024-10-15,ITEM_006,12
2024-10-16,ITEM_002,9
2024-10-16,ITEM_010,17
2024-10-16,ITEM_001,3
2024-10-16,ITEM_003,1
2024-10-16,ITEM_007,4
2024-10-16,ITEM_010,13
2024-10-16,ITEM_002,10
2024-10-16,ITEM_005,4
2024-10-16,ITEM_002,5
2024-10-16,ITEM_003,2
2024-10-16,ITEM_001,10
2024-10-17,ITEM_006,8
2024-10-17,ITEM_003,11
2024-10-17,ITEM_009,12
2024-10-17,ITEM_009,2
2024-10-17,ITEM_008,11
2024-10-17,ITEM_005,4
2024-10-18,ITEM_005,16
2024-10-18,ITEM_008,4
2024-10-18,ITEM_010,12
2024-10-18,ITEM_006,18
2024-10-18,ITEM_005,12
2024-10-18,ITEM_002,7
2024-10-18,ITEM_004,7
2024-10-18,ITEM_009,1
2024-10-18,ITEM_010,6
2024-10-18,ITEM_006,12
2024-10-18,ITEM_006,12
2024-10-18,ITEM_010,6
2024-10-18,ITEM_001,19
2024-10-18,ITEM_002,6
2024-10-19,ITEM_003,10
2024-10-19,ITEM_008,8
2024-10-19,ITEM_005,6
2024-10-19,ITEM_005,7
2024-10-19,ITEM_008,1
2024-10-19,ITEM_002,12
2024-10-19,ITEM_010,10
2024-10-19,ITEM_009,10
2024-10-19,ITEM_010,11
2024-10-19,ITEM_007,2
2024-10-19,ITEM_009,8
2024-10-19,ITEM_007,7
2024-10-20,ITEM_001,2
2024-10-20,ITEM_002,15
2024-10-20,ITEM_001,5
2024-10-20,ITEM_002,3
2024-10-20,ITEM_003,18
2024-10-20,ITEM_006,18
2024-10-20,ITEM_008,8
2024-10-20,ITEM_005,10
2024-10-20,ITEM_007,17
2024-10-20,ITEM_002,4
2024-10-20,ITEM_001,15
2024-10-20,ITEM_008,4
2024-10-21,ITEM_003,18
2024-10-21,ITEM_005,19
2024-10-21,ITEM_010,16
2024-10-21,ITEM_001,12
2024-10-21,ITEM_008,2
2024-10-21,ITEM_005,8
2024-10-21,ITEM_002,16
2024-10-21,ITEM_005,13
2024-10-21,ITEM_003,3
2024-10-21,ITEM_010,8
2024-10-21,ITEM_010,12
2024-10-21,ITEM_002,11
2024-10-21,ITEM_002,13
2024-10-21,ITEM_005,12
2024-10-22,ITEM_005,7
2024-10-22,ITEM_010,12
2024-10-22,ITEM_007,8
2024-10-22,ITEM_009,15
2024-10-22,ITEM_005,13
2024-10-22,ITEM_005,11
2024-10-23,ITEM_004,13
2024-10-23,ITEM_009,14
2024-10-23,ITEM_002,15
2024-10-23,ITEM_010,7
2024-10-23,ITEM_008,3
2024-10-23,ITEM_004,6
2024-10-23,ITEM_001,4
2024-10-23,ITEM_010,5
2024-10-23,ITEM_007,16
2024-10-23,ITEM_001,7
2024-10-23,ITEM_008,13
2024-10-23,ITEM_007,16
2024-10-23,ITEM_004,8
2024-10-23,ITEM_005,10
2024-10-24,ITEM_010,5
2024-10-24,ITEM_001,9
2024-10-24,ITEM_005,3
2024-10-24,ITEM_005,2
2024-10-24,ITEM_002,13
2024-10-24,ITEM_007,10
2024-10-24,ITEM_010,14
2024-10-24,ITEM_010,6
2024-10-24,ITEM_004,1
2024-10-24,ITEM_007,9
2024-10-24,ITEM_008,5
2024-10-24,ITEM_003,10
2024-10-24,ITEM_009,15
2024-10-25,ITEM_005,19
2024-10-25,ITEM_006,19
2024-10-25,ITEM_010,12
2024-10-25,ITEM_006,4
2024-10-25,ITEM_002,16
2024-10-25,ITEM_008,4
2024-10-25,ITEM_009,12
2024-10-25,ITEM_002,4
2024-10-25,ITEM_005,3
2024-10-25,ITEM_009,18
2024-10-26,ITEM_003,2
2024-10-26,ITEM_009,14
2024-10-26,ITEM_004,9
2024-10-26,ITEM_002,15
2024-10-26,ITEM_010,16
2024-10-26,ITEM_004,5
2024-10-26,ITEM_002,10
2024-10-26,ITEM_001,7
2024-10-26,ITEM_010,17
2024-10-26,ITEM_008,3
2024-10-26,ITEM_010,7
2024-10-26,ITEM_010,17
2024-10-26,ITEM_006,4
2024-10-26,ITEM_001,9
2024-10-26,ITEM_004,7
2024-10-27,ITEM_002,17
2024-10-27,ITEM_008,8
2024-10-27,ITEM_007,15
2024-10-27,ITEM_008,16
2024-10-27,ITEM_003,11
2024-10-27,ITEM_002,17
2024-10-27,ITEM_010,16
2024-10-27,ITEM_009,15
2024-10-27,ITEM_004,16
2024-10-27,ITEM_004,3
2024-10-27,ITEM_006,17
2024-10-28,ITEM_002,18
2024-10-28,ITEM_007,17
2024-10-28,ITEM_007,4
2024-10-28,ITEM_010,15
2024-10-28,ITEM_007,16
2024-10-28,ITEM_005,15
2024-10-28,ITEM_001,18
2024-10-28,ITEM_005,13
2024-10-28,ITEM_003,13
2024-10-28,ITEM_002,14
2024-10-29,ITEM_004,19
2024-10-29,ITEM_007,12
2024-10-29,ITEM_005,4
2024-10-29,ITEM_002,2
2024-10-29,ITEM_005,10
2024-10-29,ITEM_010,9
2024-10-29,ITEM_007,5
2024-10-29,ITEM_010,10
2024-10-30,ITEM_006,19
2024-10-30,ITEM_005,8
2024-10-30,ITEM_001,17
2024-10-30,ITEM_007,14
2024-10-30,ITEM_005,17
2024-10-30,ITEM_009,17
2024-10-30,ITEM_005,8
2024-10-30,ITEM_006,11
2024-10-30,ITEM_003,4
2024-10-30,ITEM_002,1
2024-10-30,ITEM_008,1
2024-10-30,ITEM_001,4
2024-10-30,ITEM_010,12
2024-10-30,ITEM_010,6
2024-10-31,ITEM_001,7
2024-10-31,ITEM_010,16
2024-10-31,ITEM_008,14
2024-10-31,ITEM_007,6
2024-10-31,ITEM_006,5
2024-10-31,ITEM_008,18
2024-10-31,ITEM_006,19
2024-10-31,ITEM_001,1
2024-10-31,ITEM_003,10
2024-10-31,ITEM_005,3
2024-10-31,ITEM_009,8
2024-10-31,ITEM_003,13
2024-10-31,ITEM_006,13
2024-11-01,ITEM_004,12
2024-11-01,ITEM_002,16
2024-11-01,ITEM_007,6
2024-11-01,ITEM_003,13
2024-11-01,ITEM_001,9
2024-11-01,ITEM_001,2
2024-11-01,ITEM_003,19
2024-11-01,ITEM_008,7
2024-11-01,ITEM_006,10
2024-11-01,ITEM_010,9
2024-11-01,ITEM_001,15
2024-11-02,ITEM_004,19
2024-11-02,ITEM_001,5
2024-11-02,ITEM_007,18
2024-11-02,ITEM_005,7
2024-11-02,ITEM_001,7
2024-11-02,ITEM_004,8
2024-11-03,ITEM_006,5
2024-11-03,ITEM_004,9
2024-11-03,ITEM_004,19
2024-11-03,ITEM_008,14
2024-11-03,ITEM_005,18
2024-11-03,ITEM_010,19
2024-11-03,ITEM_002,17
2024-11-03,ITEM_008,11
2024-11-04,ITEM_007,17
2024-11-04,ITEM_001,15
2024-11-04,ITEM_009,15
2024-11-04,ITEM_008,3
2024-11-04,ITEM_006,19
2024-11-04,ITEM_004,1
2024-11-04,ITEM_005,17
2024-11-05,ITEM_010,15
2024-11-05,ITEM_007,18
2024-11-05,ITEM_002,7
2024-11-05,ITEM_001,18
2024-11-05,ITEM_008,2
2024-11-06,ITEM_004,18
2024-11-06,ITEM_006,9
2024-11-06,ITEM_009,14
2024-11-06,ITEM_008,19
2024-11-06,ITEM_003,18
2024-11-06,ITEM_005,14
2024-11-06,ITEM_004,7
2024-11-06,ITEM_004,12
2024-11-06,ITEM_002,11
2024-11-06,ITEM_006,16
2024-11-06,ITEM_004,6
2024-11-07,ITEM_004,15
2024-11-07,ITEM_008,1
2024-11-07,ITEM_007,12
2024-11-07,ITEM_010,5
2024-11-07,ITEM_002,10
2024-11-07,ITEM_006,12
2024-11-07,ITEM_007,18
2024-11-07,ITEM_002,10
2024-11-07,ITEM_010,17
2024-11-07,ITEM_004,7
2024-11-07,ITEM_009,19
2024-11-08,ITEM_007,7
2024-11-08,ITEM_007,2
2024-11-08,ITEM_006,18
2024-11-08,ITEM_006,13
2024-11-08,ITEM_010,19
2024-11-08,ITEM_002,12
2024-11-08,ITEM_006,18
2024-11-08,ITEM_005,18
2024-11-08,ITEM_003,3
2024-11-08,ITEM_006,10
2024-11-08,ITEM_003,3
2024-11-08,ITEM_001,7
2024-11-08,ITEM_008,2
2024-11-08,ITEM_004,10
2024-11-08,ITEM_007,17
2024-11-09,ITEM_006,19
2024-11-09,ITEM_005,10
2024-11-09,ITEM_009,13
2024-11-09,ITEM_003,6
2024-11-09,ITEM_004,3
2024-11-09,ITEM_003,4
2024-11-09,ITEM_009,5
2024-11-09,ITEM_008,16
2024-11-10,ITEM_003,12
2024-11-10,ITEM_009,8
2024-11-10,ITEM_004,14
2024-11-10,ITEM_006,17
2024-11-10,ITEM_004,8
2024-11-10,ITEM_001,3
2024-11-10,ITEM_001,9
2024-11-10,ITEM_002,13
2024-11-10,ITEM_004,2
2024-11-10,ITEM_004,11
2024-11-11,ITEM_010,15
2024-11-11,ITEM_007,3
2024-11-11,ITEM_003,12
2024-11-11,ITEM_008,5
2024-11-11,ITEM_004,7
2024-11-11,ITEM_007,13
2024-11-11,ITEM_009,13
2024-11-11,ITEM_008,10
2024-11-11,ITEM_001,8
2024-11-11,ITEM_006,16
2024-11-11,ITEM_003,3
2024-11-11,ITEM_008,5
2024-11-11,ITEM_010,11
2024-11-11,ITEM_007,10
2024-11-11,ITEM_010,2
2024-11-12,ITEM_008,11
2024-11-12,ITEM_007,13
2024-11-12,ITEM_002,6
2024-11-12,ITEM_009,2
2024-11-12,ITEM_002,16
2024-11-12,ITEM_009,12
2024-11-12,ITEM_007,7
2024-11-13,ITEM_006,14
2024-11-13,ITEM_006,6
2024-11-13,ITEM_002,15
2024-11-13,ITEM_001,8
2024-11-13,ITEM_005,17
2024-11-14,ITEM_001,18
2024-11-14,ITEM_005,7
2024-11-14,ITEM_002,6
2024-11-14,ITEM_006,5
2024-11-14,ITEM_003,10
2024-11-14,ITEM_010,16
2024-11-14,ITEM_002,1
2024-11-14,ITEM_006,6
2024-11-15,ITEM_002,2
2024-11-15,ITEM_009,16
2024-11-15,ITEM_005,7
2024-11-15,ITEM_004,13
2024-11-15,ITEM_010,7
2024-11-15,ITEM_010,15
2024-11-15,ITEM_005,6
2024-11-16,ITEM_007,2
2024-11-16,ITEM_005,15
2024-11-16,ITEM_010,16
2024-11-16,ITEM_003,9
2024-11-16,ITEM_006,19
2024-11-16,ITEM_007,4
2024-11-16,ITEM_003,11
2024-11-16,ITEM_001,6
2024-11-16,ITEM_010,11
2024-11-17,ITEM_001,7
2024-11-17,ITEM_006,14
2024-11-17,ITEM_002,4
2024-11-17,ITEM_002,1
2024-11-17,ITEM_003,3
2024-11-17,ITEM_007,1
2024-11-17,ITEM_009,11
2024-11-17,ITEM_006,3
2024-11-17,ITEM_003,2
2024-11-17,ITEM_002,12
2024-11-17,ITEM_010,5
2024-11-17,ITEM_009,2
2024-11-17,ITEM_002,6
2024-11-17,ITEM_010,18
2024-11-17,ITEM_004,17
2024-11-18,ITEM_001,3
2024-11-18,ITEM_010,5
2024-11-18,ITEM_010,13
2024-11-18,ITEM_010,6
2024-11-18,ITEM_010,8
2024-11-18,ITEM_005,15
2024-11-18,ITEM_001,16
2024-11-18,ITEM_005,3
2024-11-18,ITEM_004,15
2024-11-18,ITEM_008,16
2024-11-19,ITEM_005,2
2024-11-19,ITEM_006,6
2024-11-19,ITEM_010,6
2024-11-19,ITEM_009,11
2024-11-19,ITEM_008,8
2024-11-19,ITEM_001,7
2024-11-19,ITEM_006,8
2024-11-19,ITEM_003,8
2024-11-19,ITEM_010,14
2024-11-19,ITEM_002,16
2024-11-19,ITEM_009,15
2024-11-20,ITEM_010,16
2024-11-20,ITEM_004,13
2024-11-20,ITEM_006,5
2024-11-20,ITEM_006,7
2024-11-20,ITEM_007,9
2024-11-20,ITEM_008,16
2024-11-20,ITEM_006,16
2024-11-20,ITEM_006,14
2024-11-20,ITEM_005,1
2024-11-20,ITEM_009,9
2024-11-20,ITEM_009,13
2024-11-20,ITEM_010,19
2024-11-20,ITEM_001,11
2024-11-20,ITEM_008,5
2024-11-21,ITEM_007,10
2024-11-21,ITEM_004,9
2024-11-21,ITEM_010,14
2024-11-21,ITEM_002,9
2024-11-21,ITEM_005,1
2024-11-21,ITEM_007,10
2024-11-21,ITEM_010,3
2024-11-21,ITEM_006,6
2024-11-21,ITEM_005,2
2024-11-21,ITEM_010,18
2024-11-21,ITEM_007,2
2024-11-21,ITEM_006,5
2024-11-21,ITEM_004,7
2024-11-21,ITEM_008,16
2024-11-22,ITEM_001,1
2024-11-22,ITEM_001,1
2024-11-22,ITEM_005,13
2024-11-22,ITEM_009,15
2024-11-22,ITEM_003,14
2024-11-22,ITEM_007,11
2024-11-22,ITEM_008,12
2024-11-22,ITEM_010,13
2024-11-23,ITEM_008,10
2024-11-23,ITEM_003,4
2024-11-23,ITEM_008,16
2024-11-23,ITEM_001,19
2024-11-23,ITEM_006,15
2024-11-24,ITEM_002,11
2024-11-24,ITEM_001,15
2024-11-24,ITEM_010,19
2024-11-24,ITEM_004,11
2024-11-24,ITEM_005,3
2024-11-24,ITEM_010,11
2024-11-24,ITEM_002,2
2024-11-24,ITEM_007,9
2024-11-24,ITEM_010,18
2024-11-24,ITEM_007,7
2024-11-24,ITEM_007,3
2024-11-24,ITEM_007,17
2024-11-24,ITEM_010,1
2024-11-25,ITEM_002,9
2024-11-25,ITEM_007,4
2024-11-25,ITEM_004,18
2024-11-25,ITEM_005,4
2024-11-25,ITEM_001,3
2024-11-25,ITEM_006,4
2024-11-25,ITEM_009,16
2024-11-25,ITEM_010,19
2024-11-25,ITEM_001,5
2024-11-26,ITEM_006,11
2024-11-26,ITEM_004,5
2024-11-26,ITEM_005,4
2024-11-26,ITEM_004,4
2024-11-26,ITEM_004,18
2024-11-26,ITEM_002,16
2024-11-26,ITEM_009,18
2024-11-27,ITEM_002,4
2024-11-27,ITEM_007,15
2024-11-27,ITEM_007,17
2024-11-27,ITEM_003,9
2024-11-27,ITEM_001,5
2024-11-27,ITEM_002,16
2024-11-27,ITEM_001,3
2024-11-27,ITEM_010,7
2024-11-27,ITEM_010,15
2024-11-27,ITEM_003,2
2024-11-28,ITEM_009,19
2024-11-28,ITEM_005,18
2024-11-28,ITEM_004,12
2024-11-28,ITEM_007,14
2024-11-28,ITEM_007,12
2024-11-28,ITEM_003,5
2024-11-28,ITEM_001,10
2024-11-29,ITEM_001,5
2024-11-29,ITEM_010,9
2024-11-29,ITEM_001,1
2024-11-29,ITEM_004,4
2024-11-29,ITEM_002,9
2024-11-29,ITEM_009,18
2024-11-29,ITEM_009,15
2024-11-29,ITEM_006,10
2024-11-29,ITEM_004,18
2024-11-29,ITEM_002,17
2024-11-29,ITEM_007,16
2024-11-29,ITEM_003,19
2024-11-29,ITEM_002,10
2024-11-29,ITEM_006,13
2024-11-30,ITEM_002,16
2024-11-30,ITEM_009,6
2024-11-30,ITEM_004,14
2024-11-30,ITEM_001,5
2024-11-30,ITEM_008,12
2024-11-30,ITEM_002,12
2024-11-30,ITEM_005,5
2024-11-30,ITEM_009,10
2024-11-30,ITEM_001,3
2024-11-30,ITEM_002,12
2024-11-30,ITEM_003,9
2024-11-30,ITEM_010,2
2024-11-30,ITEM_003,14
2024-11-30,ITEM_004,19
2024-12-01,ITEM_003,9
2024-12-01,ITEM_002,9
2024-12-01,ITEM_002,18
2024-12-01,ITEM_005,10
2024-12-01,ITEM_010,11
2024-12-01,ITEM_009,2
2024-12-01,ITEM_005,7
2024-12-01,ITEM_006,3
2024-12-01,ITEM_003,6
2024-12-01,ITEM_010,17
2024-12-01,ITEM_010,12
2024-12-02,ITEM_004,2
2024-12-02,ITEM_007,2
2024-12-02,ITEM_010,18
2024-12-02,ITEM_005,4
2024-12-02,ITEM_008,14
2024-12-03,ITEM_005,18
2024-12-03,ITEM_008,2
2024-12-03,ITEM_009,15
2024-12-03,ITEM_009,19
2024-12-03,ITEM_004,8
2024-12-03,ITEM_009,19
2024-12-03,ITEM_005,11
2024-12-03,ITEM_008,19
2024-12-03,ITEM_007,8
2024-12-03,ITEM_010,19
2024-12-04,ITEM_010,7
2024-12-04,ITEM_009,1
2024-12-04,ITEM_003,5
2024-12-04,ITEM_003,1
2024-12-04,ITEM_007,7
2024-12-04,ITEM_010,12
2024-12-05,ITEM_005,10
2024-12-05,ITEM_005,5
2024-12-05,ITEM_001,5
2024-12-05,ITEM_006,15
2024-12-05,ITEM_001,11
2024-12-05,ITEM_007,1
2024-12-05,ITEM_002,18
2024-12-05,ITEM_005,16
2024-12-05,ITEM_007,1
2024-12-05,ITEM_010,16
2024-12-05,ITEM_001,17
2024-12-05,ITEM_006,2
2024-12-06,ITEM_006,14
2024-12-06,ITEM_002,6
2024-12-06,ITEM_010,18
2024-12-06,ITEM_009,8
2024-12-06,ITEM_010,17
2024-12-07,ITEM_010,6
2024-12-07,ITEM_006,6
2024-12-07,ITEM_010,7
2024-12-07,ITEM_003,14
2024-12-07,ITEM_006,19
2024-12-07,ITEM_007,16
2024-12-07,ITEM_007,8
2024-12-07,ITEM_002,13
2024-12-07,ITEM_005,9
2024-12-07,ITEM_010,9
2024-12-07,ITEM_004,2
2024-12-08,ITEM_002,19
2024-12-08,ITEM_010,2
2024-12-08,ITEM_003,6
2024-12-08,ITEM_003,10
2024-12-08,ITEM_008,6
2024-12-08,ITEM_007,16
2024-12-08,ITEM_001,19
2024-12-08,ITEM_003,18
2024-12-08,ITEM_007,9
2024-12-08,ITEM_004,12
2024-12-08,ITEM_005,3
2024-12-08,ITEM_009,4
2024-12-08,ITEM_005,1
2024-12-09,ITEM_002,12
2024-12-09,ITEM_009,2
2024-12-09,ITEM_005,13
2024-12-09,ITEM_008,3
2024-12-09,ITEM_006,4
2024-12-09,ITEM_007,14
2024-12-09,ITEM_003,16
2024-12-09,ITEM_006,15
2024-12-09,ITEM_010,9
2024-12-09,ITEM_010,17
2024-12-09,ITEM_003,2
2024-12-09,ITEM_008,2
2024-12-09,ITEM_006,19
2024-12-09,ITEM_008,3
2024-12-09,ITEM_010,14
2024-12-10,ITEM_001,3
2024-12-10,ITEM_006,18
2024-12-10,ITEM_009,6
2024-12-10,ITEM_007,1
2024-12-10,ITEM_005,10
2024-12-10,ITEM_006,12
2024-12-10,ITEM_004,13
2024-12-10,ITEM_001,8
2024-12-10,ITEM_010,3
2024-12-10,ITEM_007,12
2024-12-10,ITEM_002,14
2024-12-10,ITEM_006,5
2024-12-10,ITEM_009,11
2024-12-11,ITEM_003,17
2024-12-11,ITEM_002,1
2024-12-11,ITEM_007,14
2024-12-11,ITEM_005,19
2024-12-11,ITEM_007,2
2024-12-11,ITEM_008,9
2024-12-11,ITEM_003,2
2024-12-11,ITEM_007,5
2024-12-11,ITEM_005,5
2024-12-12,ITEM_005,6
2024-12-12,ITEM_004,18
2024-12-12,ITEM_009,2
2024-12-12,ITEM_009,6
2024-12-12,ITEM_009,3
2024-12-12,ITEM_001,1
2024-12-12,ITEM_003,5
2024-12-12,ITEM_003,12
2024-12-13,ITEM_009,19
2024-12-13,ITEM_003,12
2024-12-13,ITEM_005,2
2024-12-13,ITEM_006,7
2024-12-13,ITEM_009,15
2024-12-13,ITEM_006,3
2024-12-13,ITEM_005,5
2024-12-13,ITEM_008,8
2024-12-13,ITEM_006,1
2024-12-13,ITEM_008,18
2024-12-13,ITEM_004,16
2024-12-13,ITEM_002,12
2024-12-13,ITEM_010,7
2024-12-14,ITEM_008,16
2024-12-14,ITEM_009,8
2024-12-14,ITEM_002,18
2024-12-14,ITEM_002,15
2024-12-14,ITEM_004,17
2024-12-14,ITEM_005,16
2024-12-14,ITEM_009,10
2024-12-14,ITEM_008,18
2024-12-14,ITEM_001,18
2024-12-14,ITEM_007,4
2024-12-14,ITEM_010,5
2024-12-14,ITEM_007,16
2024-12-14,ITEM_003,18
2024-12-15,ITEM_005,14
2024-12-15,ITEM_001,1
2024-12-15,ITEM_009,17
2024-12-15,ITEM_007,11
2024-12-15,ITEM_001,14
2024-12-15,ITEM_004,19
2024-12-15,ITEM_005,7
2024-12-15,ITEM_008,13
2024-12-15,ITEM_002,14
2024-12-15,ITEM_001,7
2024-12-15,ITEM_008,18
2024-12-16,ITEM_001,17
2024-12-16,ITEM_003,6
2024-12-16,ITEM_003,5
2024-12-16,ITEM_002,4
2024-12-16,ITEM_010,10
2024-12-16,ITEM_008,11
2024-12-16,ITEM_010,17
2024-12-16,ITEM_007,16
2024-12-16,ITEM_003,16
2024-12-16,ITEM_008,12
2024-12-16,ITEM_003,17
2024-12-16,ITEM_005,18
2024-12-16,ITEM_004,16
2024-12-17,ITEM_009,6
2024-12-17,ITEM_008,2
2024-12-17,ITEM_009,6
2024-12-17,ITEM_003,6
2024-12-17,ITEM_007,1
2024-12-18,ITEM_001,5
2024-12-18,ITEM_006,13
2024-12-18,ITEM_002,15
2024-12-18,ITEM_010,14
2024-12-18,ITEM_010,7
2024-12-18,ITEM_010,10
2024-12-18,ITEM_001,14
2024-12-18,ITEM_008,4
2024-12-18,ITEM_010,16
2024-12-18,ITEM_008,13
2024-12-18,ITEM_006,18
2024-12-19,ITEM_005,9
2024-12-19,ITEM_003,8
2024-12-19,ITEM_004,10
2024-12-19,ITEM_006,19
2024-12-19,ITEM_005,3
2024-12-19,ITEM_001,16
2024-12-20,ITEM_004,19
2024-12-20,ITEM_005,5
2024-12-20,ITEM_002,11
2024-12-20,ITEM_010,12
2024-12-20,ITEM_002,15
2024-12-20,ITEM_004,4
2024-12-20,ITEM_006,18
2024-12-20,ITEM_006,19
2024-12-20,ITEM_008,2
2024-12-20,ITEM_008,11
2024-12-20,ITEM_005,18
2024-12-21,ITEM_002,14
2024-12-21,ITEM_006,10
2024-12-21,ITEM_003,9
2024-12-21,ITEM_003,11
2024-12-21,ITEM_003,7
2024-12-21,ITEM_008,11
2024-12-21,ITEM_007,10
2024-12-21,ITEM_003,16
2024-12-21,ITEM_006,12
2024-12-21,ITEM_002,13
2024-12-21,ITEM_005,4
2024-12-22,ITEM_009,19
2024-12-22,ITEM_003,5
2024-12-22,ITEM_005,18
2024-12-22,ITEM_001,8
2024-12-22,ITEM_003,17
2024-12-22,ITEM_001,11
2024-12-22,ITEM_002,6
2024-12-22,ITEM_006,14
2024-12-22,ITEM_003,12
2024-12-22,ITEM_004,12
2024-12-22,ITEM_002,2
2024-12-22,ITEM_007,17
2024-12-23,ITEM_001,14
2024-12-23,ITEM_006,19
2024-12-23,ITEM_008,6
2024-12-23,ITEM_002,5
2024-12-23,ITEM_008,6
2024-12-23,ITEM_002,8
2024-12-23,ITEM_006,1
2024-12-23,ITEM_002,12
2024-12-23,ITEM_009,11
2024-12-23,ITEM_008,7
2024-12-23,ITEM_007,2
2024-12-24,ITEM_006,10
2024-12-24,ITEM_003,10
2024-12-24,ITEM_002,14
2024-12-24,ITEM_002,8
2024-12-24,ITEM_010,13
2024-12-24,ITEM_005,8
2024-12-24,ITEM_004,4
2024-12-24,ITEM_005,1
2024-12-24,ITEM_001,2
2024-12-24,ITEM_008,7
2024-12-24,ITEM_010,5
2024-12-24,ITEM_002,7
2024-12-24,ITEM_008,7
2024-12-24,ITEM_007,14
2024-12-24,ITEM_005,18
2024-12-25,ITEM_004,10
2024-12-25,ITEM_002,12
2024-12-25,ITEM_009,7
2024-12-25,ITEM_006,5
2024-12-25,ITEM_003,12
2024-12-25,ITEM_010,19
2024-12-25,ITEM_008,3
2024-12-25,ITEM_007,7
2024-12-25,ITEM_007,7
2024-12-25,ITEM_002,10
2024-12-26,ITEM_010,9
2024-12-26,ITEM_003,18
2024-12-26,ITEM_009,16
2024-12-26,ITEM_010,14
2024-12-26,ITEM_009,19
2024-12-26,ITEM_007,15
2024-12-26,ITEM_008,10
2024-12-27,ITEM_003,19
2024-12-27,ITEM_005,15
2024-12-27,ITEM_001,16
2024-12-27,ITEM_010,19
2024-12-27,ITEM_006,3
2024-12-27,ITEM_005,9
2024-12-27,ITEM_002,11
2024-12-27,ITEM_002,12
2024-12-28,ITEM_006,11
2024-12-28,ITEM_008,12
2024-12-28,ITEM_002,9
2024-12-28,ITEM_002,1
2024-12-28,ITEM_010,2
2024-12-28,ITEM_007,8
2024-12-28,ITEM_005,1
2024-12-28,ITEM_006,12
2024-12-28,ITEM_008,13
2024-12-28,ITEM_003,1
2024-12-29,ITEM_004,1
2024-12-29,ITEM_008,5
2024-12-29,ITEM_001,8
2024-12-29,ITEM_009,10
2024-12-29,ITEM_002,9
2024-12-29,ITEM_008,3
2024-12-29,ITEM_002,7
2024-12-29,ITEM_005,18
2024-12-29,ITEM_009,3
2024-12-29,ITEM_007,14
2024-12-29,ITEM_008,2
2024-12-29,ITEM_006,11
2024-12-29,ITEM_008,7
2024-12-29,ITEM_003,17
2024-12-29,ITEM_006,8
2024-12-30,ITEM_005,8
2024-12-30,ITEM_002,15
2024-12-30,ITEM_001,1
2024-12-30,ITEM_004,16
2024-12-30,ITEM_009,1
2024-12-30,ITEM_001,13
2024-12-30,ITEM_005,5
2024-12-30,ITEM_010,6
2024-12-30,ITEM_008,19
2024-12-30,ITEM_009,13
2024-12-31,ITEM_004,15
2024-12-31,ITEM_008,10
2024-12-31,ITEM_009,17
2024-12-31,ITEM_009,3
2024-12-31,ITEM_010,17
