Customer_ID,Center_ID,Weekday,Waiting_Time,Satisfaction
1,C1,Sun,8.316513708942683,2
2,C3,Thu,11.564731709634156,4
3,C3,Wed,19.75172504935276,5
4,C3,Wed,14.327587277038111,4
5,C4,Sun,21.609020088671205,2
6,C4,Mon,11.695636910763572,2
7,C1,Wed,9.685699136937346,5
8,C4,Tue,15.098626039568474,1
9,C3,Wed,,1
10,C5,Thu,17.83919424815273,3
11,C1,Sun,,4
12,C4,Wed,11.136800393156278,3
13,C1,Thu,14.381889048087107,4
14,C1,Sat,9.957598701606333,3
15,C3,Thu,12.109787505093413,1
16,C2,Fri,12.727196150954029,4
17,C5,Tue,18.34515393094836,2
18,C1,Mon,16.927507455501726,1
19,C4,Sat,12.3455681384151,2
20,C2,Thu,14.741043716115229,1
21,C4,Fri,18.410667656970425,1
22,C4,Wed,13.050843756902566,1
23,C3,Wed,23.379426490146347,2
24,C5,Mon,13.23017044371119,3
25,C2,Tue,20.993564774900992,5
26,C4,Tue,3.1773986810337203,1
27,C2,Sat,19.921096304751117,5
28,C5,Thu,,5
29,C4,Sun,11.608836700822382,1
30,C5,Thu,15.447360857505258,2
31,C1,Tue,19.777424988354845,4
32,C4,Tue,15.266334364473863,4
33,C1,Tue,11.652537393437722,4
34,C4,Sat,13.816214662196334,4
35,C2,Sun,14.215061876296746,3
36,C2,Mon,17.7363025106896,5
37,C4,Sat,7.041010301396389,5
38,C2,Mon,18.044990554299908,5
39,C3,Sat,11.334146207608562,2
40,C1,Wed,18.143042849146426,1
41,C4,Mon,20.71472659156574,4
42,C4,Tue,14.949679867912764,1
43,C4,Sat,14.41243415775495,5
44,C2,Tue,16.857659935233457,4
45,C3,Thu,13.700250458592272,4
46,C5,Mon,22.529921652107063,5
47,C3,Tue,10.744450545997292,3
48,C5,Tue,13.892518541982232,1
49,C2,Mon,11.35746320182644,4
50,C5,Fri,10.422064639103237,5
51,C5,Wed,19.604039052855693,4
52,C3,Thu,13.673503089129447,4
53,C1,Mon,9.1520287005466,3
54,C2,Wed,19.726245330341605,2
55,C3,Tue,17.21309301843641,4
56,C1,Tue,19.291399965733255,2
57,C2,Thu,12.180423868784569,1
58,C5,Sat,21.81270179343752,3
59,C5,Fri,19.010562908639386,1
60,C1,Wed,13.845446016950811,5
61,C1,Sun,18.422340597571917,2
62,C1,Sat,14.688171531596508,2
63,C5,Wed,20.216162975356816,2
64,C5,Sat,16.670634650588347,2
65,C3,Fri,7.0349278915180875,2
66,C3,Tue,20.16496549091048,1
67,C4,Thu,18.792385796480726,5
68,C5,Mon,13.058443995578811,1
69,C1,Sun,10.17714445245416,4
70,C2,Thu,20.64943809124557,1
71,C1,Sat,11.26137687375261,5
72,C2,Tue,24.158045242914245,1
73,C3,Mon,17.14385812898701,4
74,C5,Sun,10.780607718694407,1
75,C3,Mon,,5
76,C4,Mon,9.919129864342882,5
77,C4,Mon,14.686173919205512,2
78,C2,Mon,9.255212075789782,5
79,C2,Wed,13.422438942918523,5
80,C4,Wed,17.11860352627824,3
81,C1,Tue,14.608941358617042,5
82,C2,Tue,19.205302172636166,1
83,C4,Tue,16.826145922270996,3
84,C5,Thu,15.396405679805827,1
85,C4,Thu,3.909430525279401,4
86,C1,Sat,11.97886786357556,1
87,C4,Mon,21.959659193969117,4
88,C5,Mon,12.699793868323201,4
89,C3,Wed,16.256694532482662,2
90,C1,Mon,12.877043478440388,1
91,C2,Sun,9.193773811747416,2
92,C3,Wed,14.202461109911525,3
93,C2,Tue,13.309137619842224,4
94,C5,Thu,7.529946177876939,2
95,C5,Thu,9.593894532563187,1
96,C1,Sat,14.934823612050048,2
97,C3,Wed,9.409655865425462,5
98,C1,Sun,18.0914819885242,1
99,C2,Fri,15.735317514993161,1
100,C1,Sat,20.671652056721122,2
101,C3,Wed,,1
102,C4,Wed,15.502410433050956,1
103,C3,Fri,17.458920140083944,1
104,C4,Sun,6.575997758081835,5
105,C5,Wed,12.194450207077587,3
106,C5,Tue,10.751877431805969,3
107,C2,Fri,7.794987469442955,1
108,C1,Tue,18.63588507137321,5
109,C3,Sun,6.214921100221947,5
110,C2,Sun,17.38960051636776,2
111,C4,Fri,1.8055134527583547,4
112,C4,Fri,14.116088294093846,3
113,C4,Thu,9.717415099343688,1
114,C3,Sat,12.006154730649286,3
115,C2,Tue,20.254674730625492,2
116,C1,Tue,12.712503493953793,2
117,C1,Wed,11.609356987618044,2
118,C2,Wed,16.02057030261714,2
119,C4,Sat,7.833941176896264,4
120,C2,Tue,18.427426868495083,3
121,C3,Sun,17.900057023437164,3
122,C5,Sat,21.97094450454546,3
123,C4,Fri,24.660247152734122,4
124,C4,Mon,16.424932606675338,1
125,C3,Sun,13.950354630437062,3
126,C5,Wed,15.891998231332304,3
127,C1,Thu,12.24835414809038,3
128,C2,Sun,24.758036429321507,3
129,C4,Wed,17.257643511489512,3
130,C5,Fri,9.847457805783971,5
131,C1,Sat,19.236996583532154,5
132,C2,Wed,14.220813342883334,1
133,C4,Mon,15.613833573936597,5
134,C5,Thu,13.95224555244851,2
135,C1,Mon,17.60386157649407,1
136,C2,Tue,16.16450400536038,4
137,C4,Thu,22.589298519279932,1
138,C2,Thu,19.120815173141658,1
139,C4,Fri,,4
140,C3,Tue,15.49146150811203,4
141,C2,Mon,16.94397274502166,2
142,C2,Tue,20.83593286044905,3
143,C3,Thu,6.801477313414674,4
144,C4,Tue,19.266156346199544,2
145,C3,Mon,16.550165470546766,2
146,C2,Sun,21.58050899895204,1
147,C1,Sun,10.892675808307425,4
148,C1,Tue,19.568208048998894,5
149,C4,Sat,14.68205782355355,3
150,C2,Fri,12.244862499111678,3
151,C4,Tue,22.319753900093623,5
152,C1,Sun,6.629925843655007,4
153,C1,Sun,4.529506114772033,1
154,C4,Sat,16.910806404230655,2
155,C4,Tue,11.96436480276654,1
156,C1,Wed,11.030067104532197,5
157,C4,Wed,25.429472839294142,3
158,C2,Wed,15.611606875300325,3
159,C3,Thu,,3
160,C3,Thu,18.301400179100348,5
161,C3,Mon,18.432900545206373,3
162,C3,Mon,14.336942930264117,3
163,C3,Thu,12.114401567730237,4
164,C2,Sat,15.729209225007436,3
165,C5,Sun,16.52579106963713,5
166,C3,Sun,20.499852114798465,4
167,C5,Mon,13.597225552441072,4
168,C4,Mon,15.497856397308155,4
169,C3,Sat,15.019204353615555,5
170,C1,Tue,17.85183529697995,5
171,C1,Sun,10.551229145516299,4
172,C3,Sat,10.616452044093064,1
173,C1,Sat,16.842961214196993,2
174,C1,Sun,17.144198079700153,2
175,C2,Thu,24.058852399659393,2
176,C3,Sat,11.039317701766725,2
177,C1,Thu,12.169944057588367,5
178,C3,Sat,,3
179,C2,Sat,22.395815643323367,4
180,C3,Thu,11.790268114796557,4
181,C3,Mon,26.72843702353065,2
182,C3,Fri,13.931330172163076,1
183,C4,Fri,16.576103109749372,1
184,C2,Sun,16.02840721766635,4
185,C3,Fri,9.158443062961632,5
186,C2,Thu,13.962276224372204,4
187,C4,Sun,11.830553574700449,4
188,C5,Tue,8.452448086180627,3
189,C5,Wed,15.24389519312655,3
190,C3,Sat,17.508101938281946,4
191,C5,Mon,9.85524383605414,4
192,C3,Wed,8.413226399582419,4
193,C4,Mon,18.426681680088798,2
194,C4,Thu,20.487421728137555,1
195,C1,Sun,13.455867678475476,5
196,C2,Wed,12.876413810544511,2
197,C3,Tue,17.965005787333368,5
198,C2,Thu,11.626775860586077,5
199,C1,Sun,17.245806912747334,4
200,C3,Sun,14.805781568350865,1
201,C1,Fri,13.41383130083283,3
202,C1,Wed,16.63173896665031,3
203,C5,Sat,,4
204,C2,Sat,10.706641011985965,5
205,C5,Tue,15.61383532382827,5
206,C3,Thu,17.29381368339098,5
207,C5,Sun,6.779920726155261,4
208,C3,Thu,15.52225440710612,4
209,C4,Sun,17.065026209708517,5
210,C3,Mon,15.943123850707016,3
211,C2,Sat,18.57371342909703,5
212,C5,Sun,17.155786131492334,2
213,C2,Tue,16.11317927476948,1
214,C2,Fri,15.552580061826086,1
215,C4,Fri,19.27783161158257,3
216,C2,Thu,13.009413413097993,3
217,C2,Sat,10.443753857036706,2
218,C1,Mon,8.544392064879693,1
219,C5,Tue,18.616154335326158,5
220,C5,Sun,18.686228323617367,1
221,C2,Sat,20.45438555831168,5
222,C1,Mon,18.25876747583496,5
223,C4,Thu,16.179615691281203,4
224,C4,Tue,17.81478830745394,5
225,C3,Thu,10.919567777941706,2
226,C4,Wed,13.36744176572137,1
227,C2,Fri,11.270698849068548,1
228,C1,Sat,22.386607987930237,5
229,C5,Mon,18.12082147789186,4
230,C2,Tue,,1
231,C3,Sat,10.40147814002341,3
232,C4,Sun,14.173928967842379,1
233,C5,Sat,12.081174832641741,3
234,C4,Sun,17.84185873787312,4
235,C4,Sat,14.307608627913616,1
236,C1,Sun,8.934951185807474,5
237,C5,Wed,,1
238,C2,Wed,22.562399596582118,5
239,C1,Sat,18.771848926396178,5
240,C2,Tue,20.827057714385976,4
241,C5,Thu,13.794737216554076,4
242,C2,Thu,9.596649655948928,1
243,C1,Thu,4.870137802427699,2
244,C4,Thu,16.934211241713648,1
245,C1,Sun,22.025337779092506,4
246,C4,Wed,13.445795134364678,4
247,C2,Sat,15.610121924877607,3
248,C5,Thu,16.80164566332808,3
249,C1,Tue,9.427471334950955,3
250,C1,Wed,14.703230840762943,4
251,C2,Thu,11.29210041981348,1
252,C3,Sat,11.234486013889061,2
253,C5,Thu,25.761004851860164,4
254,C1,Tue,12.729569983833581,4
255,C2,Wed,17.1195016195174,4
256,C2,Wed,7.525379830292101,3
257,C2,Sat,12.379275032421141,2
258,C3,Wed,17.61602696058241,1
259,C1,Sun,15.891785908316066,2
260,C2,Mon,24.627657859912958,1
261,C3,Sun,23.93300881985614,5
262,C4,Wed,2.6455598773888678,3
263,C3,Fri,20.70498325309982,1
264,C1,Wed,22.08002989726281,2
265,C2,Fri,13.93018475919901,4
266,C5,Wed,20.15870339958001,1
267,C1,Sun,15.8670858614146,5
268,C4,Sun,16.918008238015155,3
269,C5,Tue,13.02245786386694,2
270,C5,Fri,9.532651895081404,4
271,C4,Mon,18.144648792917472,1
272,C5,Sun,,2
273,C4,Wed,23.107104601396507,4
274,C1,Tue,15.822065330470101,3
275,C1,Wed,15.232107434904773,1
276,C3,Fri,21.8556908958622,3
277,C5,Sun,17.56372546774046,4
278,C4,Thu,22.55227438713671,3
279,C5,Tue,12.294334224647809,5
280,C5,Sun,8.321264331824434,1
281,C5,Sun,15.541054003195933,5
282,C2,Fri,15.288382013410823,1
283,C1,Mon,14.245289409624641,4
284,C1,Mon,22.058291264129686,2
285,C1,Wed,13.360746803445851,3
286,C2,Tue,7.40382484674989,3
287,C2,Sat,18.296021711543904,4
288,C1,Tue,12.335670135115805,4
289,C5,Fri,16.303614276349418,5
290,C3,Fri,,5
291,C2,Mon,12.396593595301281,2
292,C5,Tue,8.399017958226711,3
293,C3,Mon,8.662696065237977,2
294,C5,Thu,11.638285039758113,2
295,C2,Sun,12.0128494523717,4
296,C2,Sat,16.356765575503168,4
297,C1,Tue,14.35556272670991,1
298,C5,Sat,17.906727147726972,5
299,C4,Sat,6.875457663060352,4
300,C2,Sat,6.937859793307451,1
301,C1,Tue,15.202263228496077,4
302,C5,Sat,20.793713045181526,5
303,C4,Sat,8.64494685240184,4
304,C5,Tue,15.546634244126315,5
305,C1,Sat,3.6098808903010635,4
306,C2,Mon,10.520293360682846,1
307,C3,Sat,15.930033165279315,4
308,C4,Thu,12.67124596183097,5
309,C5,Wed,14.212115583801722,4
310,C2,Wed,,5
311,C4,Sun,12.99804971495449,5
312,C4,Mon,17.598982814497507,1
313,C5,Fri,15.99044604298953,3
314,C5,Tue,7.148034362209562,1
315,C4,Sun,20.771176243305565,5
316,C5,Tue,12.147896552935748,2
317,C5,Fri,19.853080468253822,5
318,C3,Sat,24.20780063478375,5
319,C2,Tue,17.797028049002797,2
320,C3,Sat,20.843944664248,2
321,C4,Fri,11.902971575267136,4
322,C1,Wed,22.258499434972503,3
323,C4,Sat,,5
324,C3,Mon,23.15563958867347,2
325,C5,Fri,,3
326,C1,Sun,13.292726310652258,5
327,C3,Fri,16.824374533716608,3
328,C2,Mon,14.621997854010571,5
329,C2,Sat,10.244840574481477,5
330,C2,Sun,,3
331,C5,Fri,12.268197068489187,2
332,C4,Wed,15.212397290182647,4
333,C2,Fri,15.24761882756149,5
334,C3,Sat,18.164634245260633,1
335,C4,Sun,18.083586291898815,5
336,C2,Fri,19.64321598460886,2
337,C3,Mon,15.682926122996367,5
338,C2,Thu,10.335809330219586,4
339,C3,Thu,6.31544890574845,1
340,C2,Mon,16.279532977171705,4
341,C5,Thu,17.76460515668116,3
342,C3,Thu,13.83400478878073,3
343,C3,Sat,13.000363500371261,4
344,C1,Sat,21.84063560703389,1
345,C3,Mon,13.0300057827726,3
346,C4,Mon,14.265168458872566,2
347,C1,Fri,6.324024798575028,1
348,C4,Mon,23.29048901373693,5
349,C5,Mon,22.620877892585458,2
350,C2,Sat,19.36925406456873,4
351,C2,Tue,12.553909852564786,2
352,C4,Fri,1.0,1
353,C2,Sun,18.683831295861456,4
354,C5,Mon,8.797591986770627,1
355,C3,Sat,22.51962315194863,3
356,C4,Mon,14.042416683768671,5
357,C3,Fri,15.967117568668732,3
358,C5,Fri,19.44432902137339,4
359,C1,Fri,,2
360,C2,Mon,16.31506576443708,1
361,C3,Mon,15.171135482280423,4
362,C1,Wed,9.09312157310478,2
363,C2,Fri,10.175534176753313,2
364,C2,Wed,19.63147505262258,5
365,C5,Tue,21.84176025824856,3
366,C2,Wed,18.095103072612915,3
367,C3,Fri,10.501431504739616,5
368,C4,Sun,12.603494801041517,5
369,C1,Fri,12.183614005110744,3
370,C2,Sun,17.813881000716165,2
371,C4,Fri,11.5993068297105,4
372,C2,Fri,17.287979085282526,5
373,C3,Sat,19.76263489518063,1
374,C1,Mon,17.34261825453271,3
375,C5,Thu,11.178856427398754,3
376,C5,Sat,14.505770523602392,2
377,C3,Mon,16.970303625183984,4
378,C1,Sat,27.116533703193184,1
379,C2,Fri,15.98222535594639,2
380,C2,Tue,15.297142993669922,3
381,C5,Mon,21.768345429966363,3
382,C4,Fri,25.706262507005555,2
383,C3,Mon,23.663888857681286,1
384,C4,Mon,4.514569847501065,4
385,C1,Thu,16.29007679892159,4
386,C4,Tue,16.02824624003207,5
387,C2,Sat,12.955661991176772,1
388,C2,Thu,8.268965619507874,2
389,C3,Fri,13.502842568243633,5
390,C5,Sun,21.577880645531806,5
391,C1,Thu,16.046557355309304,4
392,C4,Sun,11.728969664382172,4
393,C3,Mon,9.572408059674544,3
394,C1,Tue,19.172396308625327,5
395,C5,Wed,13.190869358813083,5
396,C5,Sat,20.886414984519384,2
397,C2,Thu,14.760789045538024,5
398,C3,Thu,9.059120317143446,5
399,C5,Mon,18.24753094369505,3
400,C1,Sun,18.882167222147796,1
401,C5,Sat,12.689913595364576,5
402,C2,Wed,13.268248631300128,4
403,C1,Thu,20.188019127966783,3
404,C4,Mon,22.289989004439903,2
405,C5,Thu,16.49606491124834,2
406,C2,Mon,8.613097431086576,4
407,C4,Mon,20.123247157331747,1
408,C5,Tue,14.05796434819952,4
409,C5,Thu,15.708131688668681,5
410,C5,Sat,11.919865337665087,3
411,C3,Sun,13.215836742156664,4
412,C3,Thu,14.827963768170946,3
413,C2,Mon,13.815891294728637,5
414,C3,Sat,11.30732218633062,3
415,C5,Sun,8.317445197213994,5
416,C5,Sun,12.565927607927708,3
417,C3,Thu,8.421657275408576,1
418,C5,Sun,3.489018840127546,2
419,C1,Fri,7.252962880666617,2
420,C5,Fri,24.288639756759046,5
421,C2,Sat,11.80602030218968,3
422,C2,Wed,1.7647019430563216,1
423,C3,Sun,11.691476847713762,2
424,C1,Fri,5.544290316715223,5
425,C4,Thu,21.380010410589954,2
426,C5,Mon,19.10382255659339,3
427,C4,Sat,10.535695463822606,3
428,C5,Mon,8.196722211068874,3
429,C3,Wed,19.70745894053372,1
430,C4,Thu,16.969521638755417,4
431,C1,Thu,2.4201702514809718,4
432,C3,Wed,13.434323199889102,4
433,C4,Mon,10.880554978934384,5
434,C4,Fri,20.005142309902375,2
435,C4,Tue,20.944714501797026,5
436,C3,Thu,14.564047812286212,3
437,C2,Tue,,1
438,C3,Mon,14.526626971970467,2
439,C5,Sun,8.515365134827848,2
440,C1,Sun,23.20304308633243,3
441,C3,Thu,16.77991429014536,3
442,C5,Thu,23.10747388169525,5
443,C4,Tue,9.509294856512795,1
444,C4,Wed,15.672983137003552,2
445,C1,Mon,10.377281982474909,2
446,C5,Wed,,5
447,C5,Mon,25.667873163926167,4
448,C1,Wed,15.267256367494678,3
449,C2,Wed,25.877888558959423,3
450,C3,Sat,12.419400796417733,3
451,C4,Wed,18.78386755335939,1
452,C3,Fri,20.59692678037137,5
453,C1,Tue,16.74318080264413,5
454,C3,Tue,,5
455,C1,Sun,19.068041425550412,5
456,C1,Tue,22.155809959227632,3
457,C4,Mon,20.538747208530957,2
458,C1,Mon,16.065444622513695,1
459,C3,Mon,18.190730348483864,2
460,C1,Thu,20.36648509955932,3
461,C3,Sun,3.262010422931958,5
462,C4,Fri,7.825975747158238,5
463,C2,Thu,20.9942558461882,2
464,C4,Tue,10.303290169379817,5
465,C1,Wed,17.877626229309488,4
466,C2,Fri,16.93887097754715,3
467,C2,Thu,12.70384689117546,5
468,C4,Thu,13.577504815752684,4
469,C3,Thu,19.838305903156527,1
470,C5,Thu,5.089862077697418,5
471,C5,Sun,12.074457413416134,5
472,C5,Tue,10.126378274189957,3
473,C2,Thu,24.249457629727537,1
474,C4,Sat,9.31485616580462,1
475,C4,Sun,17.479779445469397,3
476,C2,Mon,15.627773345052388,4
477,C2,Thu,17.420521678512095,2
478,C1,Sat,14.224784016657704,4
479,C3,Sun,12.221164251903787,1
480,C3,Sat,13.405195780346242,3
481,C3,Mon,12.136632883310735,4
482,C4,Wed,13.271347304355114,3
483,C5,Fri,18.157858387094613,5
484,C5,Thu,26.01818971669687,5
485,C5,Wed,15.448844678264166,4
486,C4,Fri,9.388071532607476,5
487,C5,Sun,5.983352881396833,2
488,C5,Sun,4.47303601632286,3
489,C5,Thu,18.753801856584627,1
490,C5,Sun,17.20767851847625,2
491,C1,Wed,,1
492,C1,Sun,,2
493,C4,Sat,22.94755187606853,2
494,C4,Mon,11.02178324876234,5
495,C3,Thu,15.032950799386848,3
496,C1,Wed,15.477891274461617,4
497,C5,Sun,15.081435696895861,1
498,C4,Wed,,5
499,C4,Tue,12.874743645779496,2
500,C4,Sat,5.1658605508801045,1
501,C4,Thu,7.920030978334102,2
502,C1,Thu,15.724876457393904,5
503,C5,Wed,7.6448938551949635,1
504,C4,Sat,17.73692877201453,4
505,C1,Fri,13.541577797621473,1
506,C3,Thu,9.865664942651602,4
507,C3,Thu,22.56027159027155,5
508,C5,Thu,20.16100158858248,4
509,C2,Sat,17.047048851872113,4
510,C4,Sun,3.092580725810926,2
511,C3,Tue,28.242566754806603,3
512,C1,Sat,6.583082695588638,5
513,C1,Wed,16.93737260444906,4
514,C1,Mon,11.424567426009597,3
515,C1,Sun,12.976100687563521,1
516,C2,Sun,24.133598228195407,1
517,C5,Wed,22.41443051901225,1
518,C2,Sun,26.39595970920791,5
519,C4,Sat,7.346828386046754,2
520,C4,Mon,13.97881426245261,2
521,C3,Tue,13.948872551797688,4
522,C1,Sun,,5
523,C1,Tue,12.871013027663032,5
524,C2,Thu,18.959610675331586,1
525,C5,Wed,8.166404086198927,3
526,C2,Mon,19.877966480820692,3
527,C3,Wed,10.50390687747175,1
528,C1,Tue,10.210140615556009,3
529,C3,Fri,9.508816464244614,5
530,C2,Wed,15.062861782075526,5
531,C1,Sat,18.679140092689593,4
532,C4,Tue,7.335438580740073,5
533,C5,Tue,13.414253080680457,3
534,C5,Fri,9.623962840429726,4
535,C4,Fri,15.145218122942211,3
536,C2,Mon,18.409272011843157,1
537,C2,Thu,14.008601603087328,4
538,C4,Tue,13.461939929527409,3
539,C1,Mon,10.254812646471747,4
540,C5,Fri,19.369280595305682,5
541,C3,Wed,13.479509544904401,4
542,C2,Wed,3.6994829475495443,2
543,C5,Thu,15.75243885068139,5
544,C4,Mon,15.380518444403794,3
545,C2,Wed,15.7561850199393,1
546,C1,Fri,16.005437917035547,2
547,C4,Mon,17.73095609805027,2
548,C2,Tue,13.188978921949305,1
549,C1,Fri,14.809871221071845,5
550,C2,Mon,14.417465577859321,3
551,C1,Fri,13.303556795852593,5
552,C4,Sun,19.46010630469916,5
553,C2,Fri,20.915393854430864,3
554,C3,Fri,22.244428942128266,4
555,C5,Sat,10.412761576151588,4
556,C4,Sun,16.22829939891552,3
557,C3,Mon,9.106673822530471,4
558,C1,Mon,13.681485941861997,2
559,C1,Tue,10.733902261624777,5
560,C5,Wed,14.831876186753313,1
561,C1,Thu,6.828850849442684,1
562,C2,Sun,19.091373779696234,5
563,C2,Mon,16.802644774145207,4
564,C3,Thu,15.371586952559111,3
565,C1,Sun,14.563207306692357,5
566,C2,Tue,23.09809442370399,5
567,C2,Sun,19.313974818530955,5
568,C2,Sat,3.361357415737203,1
569,C2,Thu,17.062203874157213,3
570,C1,Fri,22.69298704872288,2
571,C2,Sat,16.27543034039384,1
572,C4,Sun,18.029765769679507,1
573,C1,Thu,12.65762794936436,2
574,C1,Tue,27.841229308375844,2
575,C2,Wed,19.108682757968268,3
576,C3,Sun,,1
577,C2,Mon,20.31129771664136,3
578,C2,Mon,9.98010279491172,1
579,C1,Thu,11.662685926040197,1
580,C3,Wed,10.955199165838359,2
581,C1,Thu,9.612517043561525,1
582,C3,Thu,6.791783738286462,3
583,C3,Sat,26.558738738643992,3
584,C2,Wed,11.873307277414327,5
585,C5,Fri,21.95950437659722,4
586,C5,Thu,21.552086188844743,2
587,C3,Sat,15.233139827361002,5
588,C2,Tue,18.885899277879226,1
589,C3,Wed,14.451602212770876,1
590,C1,Tue,21.705649964861163,2
591,C5,Wed,20.65026883022511,2
592,C5,Wed,16.902402241024884,2
593,C2,Wed,16.585133540604286,2
594,C2,Tue,18.653119335852548,1
595,C1,Mon,18.664589789068742,3
596,C1,Fri,12.874153786010506,5
597,C4,Sat,12.836975439764865,4
598,C2,Tue,23.308489757972705,2
599,C1,Thu,7.465821323605738,2
600,C3,Sat,11.275053239029717,2
601,C2,Tue,13.55860627267096,2
602,C2,Mon,15.005947004319957,4
603,C1,Mon,16.675128633388894,3
604,C1,Thu,14.186344337238978,5
605,C4,Sun,25.094999048893364,2
606,C2,Sat,15.000851565778701,2
607,C3,Wed,20.46170308452657,3
608,C2,Fri,9.39731318791239,3
609,C2,Mon,20.64327439098741,2
610,C3,Fri,13.514468556793059,3
611,C2,Mon,,5
612,C4,Fri,18.643073542786553,1
613,C3,Thu,14.245187487334054,4
614,C2,Sun,18.212190369679167,5
615,C1,Fri,12.357458917210538,1
616,C4,Sun,18.944071285240334,5
617,C1,Wed,13.131890278164711,2
618,C4,Mon,21.68774642737784,3
619,C3,Sun,19.596204064156368,2
620,C3,Sat,19.345698361141395,4
621,C3,Sun,18.627793121129926,1
622,C3,Tue,11.676594753849324,1
623,C5,Sat,13.040332311367207,1
624,C3,Sun,5.411899989372101,2
625,C3,Sat,14.999322068277168,4
626,C1,Wed,16.382997995903825,3
627,C3,Thu,14.077735314441696,5
628,C3,Fri,13.778720510198424,1
629,C4,Sat,23.40585840304961,2
630,C1,Wed,6.404606842004938,2
631,C5,Sun,8.247917205906035,1
632,C5,Tue,17.748337905829356,2
633,C1,Sat,6.011792495428839,1
634,C1,Fri,17.589343252631306,2
635,C2,Sat,11.873102728653734,2
636,C1,Sun,13.71044458397205,4
637,C4,Sun,12.53693072587252,5
638,C5,Fri,13.964221574180446,5
639,C4,Sat,29.41428796144487,4
640,C3,Sun,15.247145479543901,5
641,C1,Thu,13.038765047824635,5
642,C1,Sun,,5
643,C2,Sun,16.43580470384813,5
644,C1,Tue,22.522310927968462,4
645,C4,Thu,14.389354060835593,4
646,C3,Mon,17.78015421228712,3
647,C4,Thu,7.182304929334271,4
648,C4,Thu,17.98186304021727,3
649,C2,Sat,19.489859085853666,1
650,C2,Mon,22.835142348350885,2
651,C4,Sun,12.29730122602015,4
652,C2,Fri,12.765173328906265,4
653,C3,Mon,12.167938689190647,4
654,C3,Thu,14.120142166346133,3
655,C5,Wed,24.867349629511384,3
656,C4,Fri,13.099718451867862,2
657,C2,Thu,21.848377104154643,3
658,C5,Sat,9.30547120308129,5
659,C3,Fri,19.373502400995484,3
660,C5,Sun,12.577718851290733,3
661,C5,Fri,17.756527410184837,4
662,C2,Wed,21.306698558679106,2
663,C2,Wed,19.004016611414055,4
664,C3,Sun,9.53288887621466,5
665,C1,Mon,6.987007771992278,3
666,C5,Wed,16.79162729848848,5
667,C3,Fri,14.027562691842725,1
668,C3,Mon,7.162904072448106,5
669,C3,Thu,8.862121676697758,2
670,C5,Sun,8.830374050567123,5
671,C3,Wed,13.955722922921325,4
672,C4,Sun,19.44260266328042,4
673,C2,Thu,13.734875194660702,4
674,C2,Thu,10.34767498421338,2
675,C2,Sun,10.487671365721077,2
676,C4,Fri,20.951323554663865,2
677,C5,Sat,13.575608304141742,5
678,C2,Tue,15.712310410129401,4
679,C5,Thu,12.974645323676581,3
680,C2,Fri,15.419376891768206,3
681,C5,Fri,11.723058137120521,1
682,C5,Thu,18.219853035874415,3
683,C5,Mon,18.962455627935395,2
684,C3,Sat,12.509633222350084,1
685,C2,Wed,19.347713467563143,1
686,C1,Fri,,3
687,C4,Fri,16.21004740995022,4
688,C3,Fri,14.556338491759796,3
689,C5,Fri,17.65287170839609,1
690,C2,Mon,24.583165317604355,3
691,C1,Sat,20.511906806725207,5
692,C4,Fri,21.237065844446096,4
693,C5,Thu,13.726938215478476,5
694,C5,Mon,17.360986762953136,4
695,C4,Wed,12.722935356063024,2
696,C4,Mon,22.616622425837818,2
697,C1,Sun,18.63853825404505,4
698,C1,Tue,12.969744941807475,3
699,C5,Thu,20.078424796158757,4
700,C2,Sat,12.909649177248767,3
701,C4,Fri,13.408139183682469,5
702,C5,Wed,21.652839505943547,1
703,C5,Fri,4.966817505788605,4
704,C4,Sun,,4
705,C4,Thu,15.774801932322664,4
706,C4,Wed,20.286415315129073,1
707,C2,Fri,18.31045052561099,4
708,C3,Sat,11.269784449016335,5
709,C1,Sun,9.683504724797587,1
710,C4,Tue,22.850719012240244,5
711,C2,Mon,19.42671198558958,3
712,C1,Fri,16.398518772792986,2
713,C4,Tue,11.350857127212574,2
714,C3,Fri,,4
715,C1,Mon,19.14956486075953,1
716,C3,Thu,16.88240244267202,4
717,C3,Mon,19.751617323849047,4
718,C2,Fri,7.394200747037089,5
719,C3,Thu,12.983961355084626,1
720,C1,Sun,12.554145693925589,1
721,C3,Mon,13.953031874850906,1
722,C3,Fri,19.283782548248496,2
723,C4,Mon,4.37126828311535,1
724,C2,Sat,6.799966356628033,5
725,C5,Sat,20.62196877949843,4
726,C1,Sun,19.39571847936725,1
727,C2,Sat,19.488330475593095,5
728,C1,Thu,18.70039003565011,4
729,C4,Thu,29.972283109136455,1
730,C2,Fri,13.362581850169471,3
731,C4,Thu,22.779825725638503,3
732,C5,Thu,14.767930360550958,3
733,C2,Mon,9.295284210968775,5
734,C2,Sun,8.700310914631636,2
735,C4,Sat,18.479014111869915,2
736,C1,Thu,19.791825100875993,3
737,C4,Mon,20.95607770698276,4
738,C1,Wed,8.39681925514422,2
739,C4,Sat,11.877334389047407,3
740,C5,Tue,16.768587805469135,3
741,C3,Wed,16.06340451532391,4
742,C4,Sun,15.38182723435299,3
743,C2,Sun,12.373290092770738,3
744,C4,Sun,30.099981919503733,4
745,C3,Fri,18.036130904495884,4
746,C3,Sun,16.31745119067657,1
747,C5,Fri,19.98745017443986,5
748,C1,Mon,19.318722089076317,1
749,C4,Thu,3.3269478519625206,1
750,C1,Wed,11.284510797651157,5
751,C5,Thu,9.740653177191149,3
752,C1,Thu,5.920270342049594,4
753,C3,Sun,18.056454552676374,1
754,C4,Tue,16.837507403833545,5
755,C4,Fri,13.827635445251428,5
756,C4,Fri,5.293160963832923,2
757,C4,Wed,17.184272192108615,2
758,C2,Tue,10.086862998736777,3
759,C4,Sun,10.769928432212222,4
760,C3,Thu,,5
761,C2,Thu,16.056064937692504,3
762,C4,Mon,15.497675476689164,2
763,C1,Tue,14.025106588666164,2
764,C5,Mon,13.346678380525356,2
765,C1,Fri,13.64241884953906,5
766,C2,Fri,12.323775959559578,3
767,C4,Tue,,2
768,C1,Tue,9.321057553393857,5
769,C3,Fri,19.89790587924052,5
770,C3,Sat,20.636591921418578,1
771,C3,Fri,13.533946510222723,2
772,C3,Fri,9.640804816250968,4
773,C3,Fri,11.596046898528108,1
774,C1,Wed,15.81247246232071,4
775,C3,Fri,18.921711651479814,2
776,C3,Sun,15.8716172830094,4
777,C3,Sun,13.202639594079056,3
778,C2,Fri,21.617284038370656,3
779,C4,Sun,,3
780,C1,Thu,19.196833633354505,3
781,C2,Wed,7.157131307198342,5
782,C1,Thu,13.331092233881082,2
783,C1,Wed,,5
784,C2,Sat,11.582142730055693,1
785,C4,Mon,16.145332063096724,4
786,C4,Sat,15.934568697846055,5
787,C5,Wed,17.3659210496812,3
788,C5,Sat,4.85188864387762,1
789,C3,Tue,19.670361716283413,4
790,C4,Wed,17.69468749944671,4
791,C3,Mon,10.509018221063759,3
792,C1,Wed,14.620760970747769,3
793,C3,Sun,24.06201641685135,4
794,C4,Sun,5.0710239295368815,4
795,C1,Wed,7.299786824149459,3
796,C2,Sat,11.21449991518498,2
797,C5,Tue,19.134889787448582,2
798,C1,Sat,9.904944347724232,1
799,C2,Wed,14.91015077864532,4
800,C3,Fri,25.161243224816012,1
801,C2,Wed,20.77001452964872,4
802,C3,Sat,7.79020918007693,4
803,C3,Fri,17.575142509788147,3
804,C1,Sat,8.931677457077889,3
805,C5,Thu,8.606655220120913,5
806,C4,Mon,17.708895318172058,2
807,C3,Fri,11.616071584940698,1
808,C3,Fri,22.748722941739153,4
809,C3,Mon,8.797734841545072,4
810,C3,Sun,16.48444310085449,3
811,C3,Thu,,2
812,C1,Thu,9.742506914268517,3
813,C3,Fri,18.85183231590061,2
814,C4,Tue,18.13342664852905,2
815,C2,Sun,17.9070883202588,4
816,C3,Mon,21.775641762849926,1
817,C4,Thu,5.05379806109644,4
818,C5,Thu,13.745426531391656,1
819,C4,Fri,16.848020351119875,1
820,C5,Tue,11.331212094733019,5
821,C2,Sat,14.525915940208307,3
822,C3,Sun,10.65718421650666,4
823,C1,Tue,14.489226431119889,2
824,C5,Wed,10.587933197899401,5
825,C2,Tue,11.900612548292807,5
826,C2,Sat,,5
827,C4,Wed,14.057006928414388,1
828,C1,Wed,9.873388475203946,3
829,C2,Fri,15.418923545244315,2
830,C2,Wed,18.0098920665545,3
831,C5,Sun,16.516418695727587,3
832,C5,Tue,18.15578598894356,3
833,C2,Fri,,2
834,C4,Tue,23.592161814701424,2
835,C3,Sat,14.960770155916151,2
836,C5,Sun,19.44628804453408,1
837,C1,Fri,,4
838,C5,Sun,,4
839,C4,Sun,13.757260375637959,1
840,C2,Tue,11.322165023976133,5
841,C2,Thu,18.50718158698716,5
842,C5,Sun,16.263786174906862,3
843,C1,Tue,7.199282740608868,2
844,C2,Thu,12.909186453974495,3
845,C4,Mon,14.032564344034071,1
846,C3,Thu,18.585573309358928,5
847,C3,Fri,10.165914926829299,4
848,C1,Mon,25.254847613266058,3
849,C1,Thu,14.021902900593226,2
850,C1,Fri,17.201180959958393,2
851,C4,Thu,15.491989912317361,4
852,C3,Fri,18.886394453120214,3
853,C5,Thu,,3
854,C3,Wed,18.625231162571467,5
855,C3,Thu,8.014325233255692,3
856,C1,Sun,14.524653308758534,2
857,C3,Tue,16.230927133924627,4
858,C1,Thu,14.1002626263928,5
859,C5,Thu,15.650755810452589,1
860,C1,Thu,15.04190026906877,5
861,C5,Thu,13.21904337383026,3
862,C4,Thu,14.458526004332905,1
863,C2,Mon,12.370515916568742,1
864,C1,Sun,10.49879286167651,2
865,C5,Tue,16.014724835457738,1
866,C5,Sat,12.202873920340707,5
867,C5,Fri,,5
868,C5,Sun,16.559093304687536,5
869,C4,Sat,15.286067574035027,1
870,C3,Sat,16.923617132901178,5
871,C1,Mon,15.747941262321625,4
872,C3,Sat,16.43642727005993,1
873,C2,Wed,,5
874,C3,Wed,11.289600607589293,1
875,C1,Wed,14.90447564386344,3
876,C5,Mon,14.722316228841258,3
877,C2,Mon,21.060754456692585,1
878,C2,Sat,,2
879,C1,Sun,7.851603322192603,1
880,C4,Wed,23.915252699198547,1
881,C3,Fri,13.401547719176587,2
882,C2,Sun,16.485410524494828,3
883,C3,Tue,6.315465513777479,5
884,C5,Wed,20.072958189971146,5
885,C2,Fri,10.778628939965134,2
886,C4,Wed,4.217266097313328,3
887,C5,Thu,10.498278807364002,4
888,C1,Thu,17.737552723311737,1
889,C4,Fri,17.880922569954848,3
890,C5,Wed,8.659195583871035,5
891,C5,Fri,18.18643548298595,3
892,C5,Mon,20.10310289372211,4
893,C5,Sun,11.325853969654698,4
894,C2,Fri,13.067188266436037,3
895,C2,Sat,7.59889754047081,4
896,C3,Wed,22.1928376612668,2
897,C5,Thu,4.871764307510475,5
898,C2,Tue,11.028154882905238,2
899,C5,Sat,9.143405457357222,2
900,C5,Sat,19.181773159600947,4
901,C1,Fri,7.3021424655266145,4
902,C3,Sun,11.733756637162813,5
903,C5,Fri,24.298931784495547,5
904,C3,Thu,20.16011993552486,1
905,C3,Sat,,3
906,C3,Sun,20.26690073470034,3
907,C3,Fri,11.016308513021151,5
908,C2,Thu,17.325766031970396,4
909,C3,Wed,1.0,1
910,C1,Sat,15.753078588065375,2
911,C2,Sun,16.147299505531624,4
912,C5,Thu,8.217833428778048,1
913,C3,Mon,16.090580982726742,1
914,C1,Mon,12.153548836796642,1
915,C1,Mon,10.012539063726415,3
916,C1,Sat,12.265557797232978,4
917,C5,Wed,17.95091639853918,4
918,C3,Wed,14.563960288584944,5
919,C5,Sat,10.61520817040879,2
920,C3,Fri,11.990621504844356,3
921,C4,Thu,12.18172641178166,3
922,C4,Thu,16.5162855136912,2
923,C5,Sun,15.960185077603938,3
924,C5,Mon,16.802401796174394,4
925,C3,Sun,12.086422661595805,5
926,C2,Sat,23.29770126735808,3
927,C3,Thu,8.603314696849953,1
928,C5,Thu,,1
929,C3,Tue,,3
930,C3,Mon,32.942284723170644,2
931,C4,Sat,18.613948944324424,3
932,C3,Sun,,3
933,C2,Sun,15.215447356392142,2
934,C2,Thu,7.5241459299585625,4
935,C3,Fri,15.514111349000029,5
936,C1,Wed,16.33209008247311,4
937,C2,Thu,,5
938,C2,Wed,13.046675351927302,3
939,C2,Sun,8.821678992726149,4
940,C3,Mon,3.3364106138363088,4
941,C4,Fri,13.772861520915551,5
942,C2,Thu,9.578023660706698,1
943,C5,Tue,12.623139086214833,2
944,C3,Tue,15.208767501177059,2
945,C5,Mon,15.347560084015019,2
946,C2,Tue,12.248430596957231,4
947,C5,Wed,14.697800176013832,2
948,C2,Tue,,5
949,C1,Fri,15.394483047078044,3
950,C3,Wed,17.091493637039882,1
951,C5,Wed,,5
952,C3,Fri,23.39464849899658,2
953,C1,Fri,20.6223443415789,4
954,C5,Fri,16.251420967099687,3
955,C3,Sat,15.041971411698409,3
956,C3,Fri,10.19163703301928,4
957,C3,Fri,,1
958,C4,Sat,19.434184407496744,3
959,C1,Sat,14.001870075376402,1
960,C2,Fri,12.673716289879959,4
961,C3,Thu,11.078790893345044,1
962,C2,Thu,19.78608119728879,2
963,C5,Wed,19.08417495369276,5
964,C2,Mon,16.503098205997524,3
965,C3,Tue,13.735764431159563,4
966,C5,Wed,11.318620883142565,1
967,C3,Thu,14.83601974872966,5
968,C5,Fri,16.541704819332963,4
969,C4,Fri,22.63013531862272,1
970,C3,Mon,13.875354953855954,5
971,C2,Sat,9.115667395236681,5
972,C5,Sun,16.119325289041562,4
973,C2,Mon,14.826570581479286,5
974,C3,Tue,22.800788754363044,1
975,C2,Fri,8.76992725282874,2
976,C3,Thu,18.611777521144923,4
977,C1,Sun,18.440553564349305,4
978,C1,Tue,14.56748748619974,2
979,C4,Thu,13.99974180906886,3
980,C1,Tue,,3
981,C1,Sat,,4
982,C3,Sat,24.341256108294942,4
983,C3,Fri,22.399323069414404,3
984,C3,Thu,23.818285778343693,4
985,C3,Sat,20.82404849326356,1
986,C2,Wed,13.02329758984267,1
987,C2,Sat,11.603318065506588,2
988,C5,Sat,22.524207191180544,3
989,C4,Tue,13.295676500786064,5
990,C3,Sat,5.821091354418128,4
991,C5,Wed,11.01070625520622,2
992,C4,Tue,21.71155462004356,4
993,C3,Tue,19.14345619920467,2
994,C3,Thu,15.88310002001391,3
995,C2,Thu,16.365512590546928,2
996,C1,Sat,11.771255044040661,1
997,C5,Mon,17.07718212775431,3
998,C5,Tue,8.223089179102306,4
999,C1,Wed,20.065472649111683,5
1000,C2,Mon,22.816815837704386,2
1001,C2,Tue,16.0212926503546,1
1002,C4,Sun,15.844227283175316,5
1003,C1,Wed,15.564670438203127,1
1004,C5,Sat,8.394568049035577,4
1005,C3,Mon,14.54103915959145,2
1006,C2,Fri,18.644277743788194,3
1007,C2,Sun,14.419396691292654,1
1008,C4,Sat,17.019737958007088,1
1009,C4,Sat,15.518943092666335,3
1010,C5,Sun,15.80421500634434,3
1011,C1,Sat,17.91955562353295,3
1012,C1,Thu,11.236761925910969,5
1013,C2,Sat,24.170266626027235,1
1014,C1,Sun,10.752192562236266,3
1015,C2,Fri,21.76123120836367,3
1016,C2,Sun,22.25143863372663,2
1017,C2,Sun,17.232542246293708,1
1018,C4,Tue,7.916691102839391,3
1019,C2,Wed,16.897963293025246,4
1020,C4,Wed,10.202809143047372,5
1021,C3,Fri,18.118645050698788,5
1022,C2,Thu,26.565539849024727,1
1023,C5,Wed,21.091001661060425,4
1024,C2,Wed,13.722831415191823,1
1025,C2,Thu,17.602270604150426,2
1026,C1,Mon,21.69984104560086,1
1027,C2,Fri,15.924468329572257,3
1028,C3,Thu,23.894478481117993,5
1029,C4,Wed,14.434523019151108,2
1030,C5,Fri,14.406571363922103,5
1031,C4,Fri,20.045034979756267,3
1032,C1,Sun,9.75036521800514,1
1033,C5,Sat,15.395604128844155,1
1034,C4,Mon,9.465204935604396,2
1035,C2,Sat,15.138728917961783,2
1036,C5,Sat,15.186314380190774,1
1037,C1,Fri,10.291274465475464,3
1038,C1,Sat,18.458188971014174,2
1039,C4,Thu,13.826092214186179,4
1040,C3,Mon,15.679595912354534,1
1041,C3,Fri,28.422664530137318,5
1042,C5,Wed,12.51617006205898,3
1043,C1,Thu,16.854209334117666,2
1044,C1,Fri,23.498650417017505,5
1045,C1,Sun,3.9541699137685367,2
1046,C4,Tue,20.569099799218737,5
1047,C1,Wed,14.164526427500505,4
1048,C2,Fri,15.84193027867264,5
1049,C5,Tue,7.320775878089568,1
1050,C2,Thu,11.946626406572157,2
1051,C4,Fri,,3
1052,C1,Sat,9.275065602040396,2
1053,C2,Tue,10.315764117654428,3
1054,C1,Thu,17.70219994001062,1
1055,C4,Tue,7.825695536338927,4
1056,C5,Sun,10.14366297558013,5
1057,C1,Sun,17.820960355179512,4
1058,C4,Thu,23.364813917455393,1
1059,C5,Mon,13.293970368493566,2
1060,C4,Thu,21.57446975244745,1
1061,C1,Mon,12.838360681452153,5
1062,C3,Tue,17.29907777267664,4
1063,C4,Thu,11.079407895130784,1
1064,C1,Sat,16.03323839784415,3
1065,C4,Sat,11.883412412587901,1
1066,C3,Thu,16.209876441628744,1
1067,C2,Sun,20.152801973771627,1
1068,C5,Fri,14.280968317766225,5
1069,C5,Wed,23.912963307619012,1
1070,C5,Sun,14.9371966670227,2
1071,C3,Sun,12.492620105806726,1
1072,C5,Wed,23.726050842589405,1
1073,C1,Thu,10.602831014720753,2
1074,C1,Wed,7.94915634404572,1
1075,C3,Mon,19.601598921068895,3
1076,C2,Mon,11.285656490716594,5
1077,C5,Wed,14.481243738661686,4
1078,C3,Wed,14.189033526982104,4
1079,C5,Sat,13.343807311653233,2
1080,C2,Fri,13.172967917336585,3
1081,C3,Mon,14.289436193484542,2
1082,C4,Mon,9.283429388953596,4
1083,C1,Mon,11.40719132123543,1
1084,C1,Mon,,1
1085,C4,Sun,15.978541213088782,2
1086,C1,Sun,19.600411709497074,3
1087,C3,Sun,17.790290525374193,5
1088,C3,Sun,19.720610896678266,5
1089,C5,Tue,14.16513793267093,3
1090,C5,Wed,11.436002927973954,1
1091,C1,Wed,13.847281899741947,2
1092,C1,Sat,11.251381250531736,2
1093,C1,Sat,,4
1094,C3,Sat,16.17414879290944,4
1095,C2,Thu,15.925473990033552,4
1096,C4,Fri,9.657607563566877,1
1097,C3,Tue,17.059892740077434,1
1098,C2,Tue,10.335377270965433,1
1099,C2,Tue,22.0502194745187,5
1100,C1,Tue,20.205878666954295,2
1101,C5,Fri,18.370230019566698,5
1102,C2,Mon,17.230023484061206,1
1103,C5,Tue,9.963268936916803,2
1104,C1,Sun,,4
1105,C1,Tue,12.450926202825364,4
1106,C3,Mon,13.821980337800637,1
1107,C5,Fri,8.40328150702975,3
1108,C5,Tue,15.349570081543213,2
1109,C5,Fri,15.55463378304657,1
1110,C1,Thu,17.241105897111403,4
1111,C4,Sat,15.306874909529204,3
1112,C1,Mon,11.688002571316996,4
1113,C2,Mon,16.297468617604938,4
1114,C3,Fri,25.41930807699859,5
1115,C1,Sat,15.27546537972918,3
1116,C1,Sat,12.980110259533031,1
1117,C1,Wed,16.483335669952677,2
1118,C2,Sat,22.230097865571473,5
1119,C3,Wed,12.87685205500053,1
1120,C3,Thu,19.160080888434354,2
1121,C3,Fri,9.686949770676648,3
1122,C4,Fri,10.171002073117723,2
1123,C1,Mon,25.226878456869173,1
1124,C1,Sat,15.217748078715436,5
1125,C2,Wed,14.848310197779256,1
1126,C3,Mon,15.598554102123089,3
1127,C5,Fri,16.497657438033464,2
1128,C4,Wed,8.630728052619254,4
1129,C1,Sat,9.578117280432828,1
1130,C4,Thu,22.3534997238573,1
1131,C4,Thu,24.726930598211403,3
1132,C5,Fri,12.111780236480236,2
1133,C2,Thu,6.790548887665537,3
1134,C3,Fri,12.178078106159715,2
1135,C1,Wed,11.377712404398466,5
1136,C4,Tue,11.577672783914299,1
1137,C5,Wed,16.700812211524713,2
1138,C1,Thu,24.339862074986215,1
1139,C2,Thu,19.17561642901456,1
1140,C3,Sat,14.661881485650174,5
1141,C1,Fri,15.960799382221824,5
1142,C3,Wed,26.205298477586695,1
1143,C1,Thu,13.289481519696754,3
1144,C3,Tue,1.0,1
1145,C1,Sat,19.086514016878866,2
1146,C5,Mon,22.97618423003144,1
1147,C1,Sat,19.52337714451209,4
1148,C5,Fri,15.811912536340095,5
1149,C2,Thu,15.915728552040374,1
1150,C1,Fri,14.003554674462947,5
1151,C3,Mon,12.971919266033186,4
1152,C4,Mon,9.625225701596548,1
1153,C2,Tue,16.322737329330636,2
1154,C4,Sat,6.20628631089135,4
1155,C4,Tue,16.875272406264774,2
1156,C2,Sun,15.594469316418985,1
1157,C5,Thu,7.578565716479517,3
1158,C1,Wed,14.11915414808893,3
1159,C4,Mon,16.39765404676302,5
1160,C2,Sun,14.457908895129652,2
1161,C1,Thu,22.140015488587494,1
1162,C3,Mon,11.089941174411537,5
1163,C5,Fri,8.422767342494886,3
1164,C2,Thu,17.85785780762435,4
1165,C4,Fri,12.857530305632636,5
1166,C1,Thu,18.765467056087054,5
1167,C3,Sun,14.933468727326604,5
1168,C2,Wed,15.87571322426407,4
1169,C5,Mon,17.2288066704215,2
1170,C2,Sun,18.44003778379092,4
1171,C5,Fri,7.865284790665317,4
1172,C1,Sat,9.705956960664889,3
1173,C3,Thu,,1
1174,C5,Sat,9.773800917686476,4
1175,C4,Wed,13.587237198941851,2
1176,C2,Wed,1.0,5
1177,C1,Sat,19.262657208747573,4
1178,C1,Fri,9.499097704767848,1
1179,C5,Sun,12.462997426857909,2
1180,C4,Tue,23.013449559808105,4
1181,C1,Tue,13.029788329218716,3
1182,C1,Sun,12.873780406549727,1
1183,C5,Fri,21.819757766448703,1
1184,C5,Wed,16.427504881856034,4
1185,C5,Fri,19.405851580636664,2
1186,C2,Mon,9.129976396099986,1
1187,C3,Fri,17.617224337439197,5
1188,C5,Sat,,1
1189,C5,Wed,11.872329246246402,3
1190,C5,Tue,20.41976893647454,2
1191,C2,Tue,19.834993843644227,4
1192,C2,Sat,13.751300554636277,3
1193,C4,Sun,27.562949311923617,3
1194,C1,Tue,17.916326300407402,5
1195,C3,Mon,20.548846312510573,2
1196,C4,Mon,16.696562197146974,1
1197,C1,Thu,12.701738302640763,4
1198,C4,Thu,20.234438445113085,4
1199,C2,Fri,13.478343058335845,1
1200,C5,Tue,13.634237912222968,2
